kotlin version: 2.1.0
error message: org.jetbrains.kotlin.backend.common.BackendException: Backend Internal error: Exception during IR lowering
File being compiled: C:/Users/Benjamin/Desktop/geinz_work_original/geinz-work-app/app/src/main/java/com/geinzz/geinzwork/ui/adapters/ui/pantallas/principal_ui/mapa_perzonalizado_direcciones.kt
The root cause java.lang.RuntimeException was thrown at: org.jetbrains.kotlin.backend.jvm.codegen.FunctionCodegen.generate(FunctionCodegen.kt:48)
	at org.jetbrains.kotlin.backend.common.CodegenUtil.reportBackendException(CodegenUtil.kt:253)
	at org.jetbrains.kotlin.backend.common.CodegenUtil.reportBackendException$default(CodegenUtil.kt:236)
	at org.jetbrains.kotlin.backend.common.phaser.PerformByIrFilePhase.invokeSequential(performByIrFile.kt:55)
	at org.jetbrains.kotlin.backend.common.phaser.PerformByIrFilePhase.invoke(performByIrFile.kt:42)
	at org.jetbrains.kotlin.backend.common.phaser.PerformByIrFilePhase.invoke(performByIrFile.kt:28)
	at org.jetbrains.kotlin.backend.common.phaser.NamedCompilerPhase.phaseBody(CompilerPhase.kt:166)
	at org.jetbrains.kotlin.backend.common.phaser.AbstractNamedCompilerPhase.invoke(CompilerPhase.kt:113)
	at org.jetbrains.kotlin.backend.common.phaser.CompositePhase.invoke(PhaseBuilders.kt:27)
	at org.jetbrains.kotlin.backend.common.phaser.CompositePhase.invoke(PhaseBuilders.kt:14)
	at org.jetbrains.kotlin.backend.common.phaser.NamedCompilerPhase.phaseBody(CompilerPhase.kt:166)
	at org.jetbrains.kotlin.backend.common.phaser.AbstractNamedCompilerPhase.invoke(CompilerPhase.kt:113)
	at org.jetbrains.kotlin.backend.common.phaser.CompilerPhaseKt.invokeToplevel(CompilerPhase.kt:62)
	at org.jetbrains.kotlin.backend.jvm.JvmIrCodegenFactory.invokeCodegen(JvmIrCodegenFactory.kt:371)
	at org.jetbrains.kotlin.codegen.CodegenFactory.generateModule(CodegenFactory.kt:47)
	at org.jetbrains.kotlin.backend.jvm.JvmIrCodegenFactory.generateModuleInFrontendIRMode(JvmIrCodegenFactory.kt:433)
	at org.jetbrains.kotlin.cli.jvm.compiler.pipeline.JvmCompilerPipelineKt.generateCodeFromIr(jvmCompilerPipeline.kt:192)
	at org.jetbrains.kotlin.cli.jvm.compiler.pipeline.JvmCompilerPipelineKt.runBackend(jvmCompilerPipeline.kt:80)
	at org.jetbrains.kotlin.cli.jvm.compiler.pipeline.JvmCompilerPipelineLightTreeKt.compileModule(jvmCompilerPipelineLightTree.kt:264)
	at org.jetbrains.kotlin.cli.jvm.compiler.pipeline.JvmCompilerPipelineLightTreeKt.compileSingleModuleUsingFrontendIrAndLightTree(jvmCompilerPipelineLightTree.kt:231)
	at org.jetbrains.kotlin.cli.jvm.compiler.pipeline.JvmCompilerPipelineLightTreeKt.compileModulesUsingFrontendIrAndLightTree(jvmCompilerPipelineLightTree.kt:86)
	at org.jetbrains.kotlin.cli.jvm.K2JVMCompiler.doExecute(K2JVMCompiler.kt:146)
	at org.jetbrains.kotlin.cli.jvm.K2JVMCompiler.doExecute(K2JVMCompiler.kt:43)
	at org.jetbrains.kotlin.cli.common.CLICompiler.execImpl(CLICompiler.kt:102)
	at org.jetbrains.kotlin.cli.common.CLICompiler.exec(CLICompiler.kt:316)
	at org.jetbrains.kotlin.daemon.CompileServiceImpl.compile(CompileServiceImpl.kt:1554)
	at java.base/jdk.internal.reflect.DirectMethodHandleAccessor.invoke(Unknown Source)
	at java.base/java.lang.reflect.Method.invoke(Unknown Source)
	at java.rmi/sun.rmi.server.UnicastServerRef.dispatch(Unknown Source)
	at java.rmi/sun.rmi.transport.Transport$1.run(Unknown Source)
	at java.rmi/sun.rmi.transport.Transport$1.run(Unknown Source)
	at java.base/java.security.AccessController.doPrivileged(Unknown Source)
	at java.rmi/sun.rmi.transport.Transport.serviceCall(Unknown Source)
	at java.rmi/sun.rmi.transport.tcp.TCPTransport.handleMessages(Unknown Source)
	at java.rmi/sun.rmi.transport.tcp.TCPTransport$ConnectionHandler.run0(Unknown Source)
	at java.rmi/sun.rmi.transport.tcp.TCPTransport$ConnectionHandler.lambda$run$0(Unknown Source)
	at java.base/java.security.AccessController.doPrivileged(Unknown Source)
	at java.rmi/sun.rmi.transport.tcp.TCPTransport$ConnectionHandler.run(Unknown Source)
	at java.base/java.util.concurrent.ThreadPoolExecutor.runWorker(Unknown Source)
	at java.base/java.util.concurrent.ThreadPoolExecutor$Worker.run(Unknown Source)
	at java.base/java.lang.Thread.run(Unknown Source)
Caused by: java.lang.RuntimeException: Exception while generating code for:
FUN name:dialogo_lugar_tienda visibility:public modality:FINAL <> (horario_box1:com.geinzz.geinzwork.data.model.localizate_geinz.filtrado_tiendas.HorarioDia_box?, viewmodelMapa:com.geinzz.geinzwork.viewModels.viewmodel_mapa_personalizado, lat_user:kotlin.Double, log_user:kotlin.Double, time:kotlin.Long, dataclass_map:com.geinzz.geinzwork.data.model.localizate_geinz.dataclass_map, cerra_dialog:kotlin.Function0<kotlin.Unit>, limpiar:kotlin.Function0<kotlin.Unit>, crear_ruta:kotlin.Function3<@[ParameterName(name = "it_tienda")] kotlin.String, @[ParameterName(name = "lat")] kotlin.Double, @[ParameterName(name = "log")] kotlin.Double, kotlin.Unit>, actualizar:kotlin.Function0<kotlin.Unit>, boxVisible:kotlin.Boolean, onBoxVisibleChange:kotlin.Function1<kotlin.Boolean, kotlin.Unit>, centrar_camara:kotlin.Function2<kotlin.Double, kotlin.Double, kotlin.Unit>, retornar_id_select:kotlin.Function2<kotlin.String, androidx.compose.ui.graphics.Color, kotlin.Unit>, onclick_iconos:kotlin.Function2<kotlin.String, com.geinzz.geinzwork.utils.constantes.localizate_geinz.constantes_lista_localidades.data_redes_tiendas, kotlin.Unit>, mostrar_lista:kotlin.Function0<kotlin.Unit>, move_izquierda:kotlin.Function0<kotlin.Unit>, move_derecha:kotlin.Function0<kotlin.Unit>, $composer:androidx.compose.runtime.Composer?, $changed:kotlin.Int, $changed1:kotlin.Int) returnType:kotlin.Unit
  annotations:
    SuppressLint(value = ["UnrememberedMutableState"] type=kotlin.Array<out kotlin.String> varargElementType=kotlin.String)
    Composable
    ComposableTarget(applier = "androidx.compose.ui.UiComposable")
  VALUE_PARAMETER name:horario_box1 index:0 type:com.geinzz.geinzwork.data.model.localizate_geinz.filtrado_tiendas.HorarioDia_box?
  VALUE_PARAMETER name:viewmodelMapa index:1 type:com.geinzz.geinzwork.viewModels.viewmodel_mapa_personalizado
  VALUE_PARAMETER name:lat_user index:2 type:kotlin.Double
  VALUE_PARAMETER name:log_user index:3 type:kotlin.Double
  VALUE_PARAMETER name:time index:4 type:kotlin.Long
  VALUE_PARAMETER name:dataclass_map index:5 type:com.geinzz.geinzwork.data.model.localizate_geinz.dataclass_map
  VALUE_PARAMETER name:cerra_dialog index:6 type:kotlin.Function0<kotlin.Unit>
  VALUE_PARAMETER name:limpiar index:7 type:kotlin.Function0<kotlin.Unit>
  VALUE_PARAMETER name:crear_ruta index:8 type:kotlin.Function3<@[ParameterName(name = "it_tienda")] kotlin.String, @[ParameterName(name = "lat")] kotlin.Double, @[ParameterName(name = "log")] kotlin.Double, kotlin.Unit>
  VALUE_PARAMETER name:actualizar index:9 type:kotlin.Function0<kotlin.Unit>
  VALUE_PARAMETER name:boxVisible index:10 type:kotlin.Boolean
  VALUE_PARAMETER name:onBoxVisibleChange index:11 type:kotlin.Function1<kotlin.Boolean, kotlin.Unit>
  VALUE_PARAMETER name:centrar_camara index:12 type:kotlin.Function2<kotlin.Double, kotlin.Double, kotlin.Unit>
  VALUE_PARAMETER name:retornar_id_select index:13 type:kotlin.Function2<kotlin.String, androidx.compose.ui.graphics.Color, kotlin.Unit>
  VALUE_PARAMETER name:onclick_iconos index:14 type:kotlin.Function2<kotlin.String, com.geinzz.geinzwork.utils.constantes.localizate_geinz.constantes_lista_localidades.data_redes_tiendas, kotlin.Unit>
  VALUE_PARAMETER name:mostrar_lista index:15 type:kotlin.Function0<kotlin.Unit>
  VALUE_PARAMETER name:move_izquierda index:16 type:kotlin.Function0<kotlin.Unit>
  VALUE_PARAMETER name:move_derecha index:17 type:kotlin.Function0<kotlin.Unit>
  VALUE_PARAMETER name:$composer index:18 type:androidx.compose.runtime.Composer? [assignable]
  VALUE_PARAMETER name:$changed index:19 type:kotlin.Int
  VALUE_PARAMETER name:$changed1 index:20 type:kotlin.Int
  BLOCK_BODY
    BLOCK type=kotlin.Unit origin=null
      SET_VAR '$composer: androidx.compose.runtime.Composer? [assignable] declared in com.geinzz.geinzwork.ui.adapters.ui.pantallas.principal_ui.Mapa_perzonalizado_direccionesKt.dialogo_lugar_tienda' type=kotlin.Unit origin=null
        CALL 'public abstract fun startRestartGroup (key: kotlin.Int): androidx.compose.runtime.Composer declared in androidx.compose.runtime.Composer' type=androidx.compose.runtime.Composer origin=null
          $this: GET_VAR '$composer: androidx.compose.runtime.Composer? [assignable] declared in com.geinzz.geinzwork.ui.adapters.ui.pantallas.principal_ui.Mapa_perzonalizado_direccionesKt.dialogo_lugar_tienda' type=androidx.compose.runtime.Composer? origin=null
          key: CONST Int type=kotlin.Int value=-300494890
      CALL 'public final fun sourceInformation (composer: androidx.compose.runtime.Composer, sourceInformation: kotlin.String): kotlin.Unit declared in androidx.compose.runtime.ComposerKt' type=kotlin.Unit origin=null
        composer: GET_VAR '$composer: androidx.compose.runtime.Composer? [assignable] declared in com.geinzz.geinzwork.ui.adapters.ui.pantallas.principal_ui.Mapa_perzonalizado_direccionesKt.dialogo_lugar_tienda' type=androidx.compose.runtime.Composer? origin=null
        sourceInformation: CONST String type=kotlin.String value="C(dialogo_lugar_tienda)P(6,17,7,9,16,5,3,8,4!2,13!1,15,14!1,12)1250@55235L38,1251@55305L7,1252@55334L26,1253@55382L304,1264@55737L31,1265@55828L31,1267@55899L140,1267@55865L174,1273@56088L183,1273@56045L226,1281@56292L23,1282@56342L121,1285@56491L255,1292@56768L136,1296@56927L138,1300@57096L140,1300@57070L166,1333@57966L7,1337@58178L179,1344@58377L31,1345@58428L31,1346@58487L34,1347@58551L34,1394@60341L21008:mapa_perzonalizado_direcciones.kt#wpgen7"
    VAR name:$dirty type:kotlin.Int [val]
      GET_VAR '$changed: kotlin.Int declared in com.geinzz.geinzwork.ui.adapters.ui.pantallas.principal_ui.Mapa_perzonalizado_direccionesKt.dialogo_lugar_tienda' type=kotlin.Int origin=null
    VAR name:$dirty1 type:kotlin.Int [val]
      GET_VAR '$changed1: kotlin.Int declared in com.geinzz.geinzwork.ui.adapters.ui.pantallas.principal_ui.Mapa_perzonalizado_direccionesKt.dialogo_lugar_tienda' type=kotlin.Int origin=null
    WHEN type=kotlin.Unit origin=IF
      BRANCH
        if: CALL 'public final fun EQEQ (arg0: kotlin.Any?, arg1: kotlin.Any?): kotlin.Boolean declared in kotlin.internal.ir' type=kotlin.Boolean origin=null
          arg0: CALL 'public final fun and (other: kotlin.Int): kotlin.Int [infix] declared in kotlin.Int' type=kotlin.Int origin=null
            $this: GET_VAR '$changed: kotlin.Int declared in com.geinzz.geinzwork.ui.adapters.ui.pantallas.principal_ui.Mapa_perzonalizado_direccionesKt.dialogo_lugar_tienda' type=kotlin.Int origin=null
            other: CONST Int type=kotlin.Int value=6
          arg1: CONST Int type=kotlin.Int value=0
        then: SET_VAR 'val $dirty: kotlin.Int [val] declared in com.geinzz.geinzwork.ui.adapters.ui.pantallas.principal_ui.Mapa_perzonalizado_direccionesKt.dialogo_lugar_tienda' type=kotlin.Unit origin=null
          CALL 'public final fun or (other: kotlin.Int): kotlin.Int [infix] declared in kotlin.Int' type=kotlin.Int origin=null
            $this: GET_VAR 'val $dirty: kotlin.Int [val] declared in com.geinzz.geinzwork.ui.adapters.ui.pantallas.principal_ui.Mapa_perzonalizado_direccionesKt.dialogo_lugar_tienda' type=kotlin.Int origin=null
            other: WHEN type=kotlin.Int origin=IF
              BRANCH
                if: CALL 'public open fun changedInstance (value: kotlin.Any?): kotlin.Boolean declared in androidx.compose.runtime.Composer' type=kotlin.Boolean origin=null
                  $this: GET_VAR '$composer: androidx.compose.runtime.Composer? [assignable] declared in com.geinzz.geinzwork.ui.adapters.ui.pantallas.principal_ui.Mapa_perzonalizado_direccionesKt.dialogo_lugar_tienda' type=androidx.compose.runtime.Composer? origin=null
                  value: GET_VAR 'horario_box1: com.geinzz.geinzwork.data.model.localizate_geinz.filtrado_tiendas.HorarioDia_box? declared in com.geinzz.geinzwork.ui.adapters.ui.pantallas.principal_ui.Mapa_perzonalizado_direccionesKt.dialogo_lugar_tienda' type=com.geinzz.geinzwork.data.model.localizate_geinz.filtrado_tiendas.HorarioDia_box? origin=null
                then: CONST Int type=kotlin.Int value=4
              BRANCH
                if: CONST Boolean type=kotlin.Boolean value=true
                then: CONST Int type=kotlin.Int value=2
    WHEN type=kotlin.Unit origin=IF
      BRANCH
        if: CALL 'public final fun EQEQ (arg0: kotlin.Any?, arg1: kotlin.Any?): kotlin.Boolean declared in kotlin.internal.ir' type=kotlin.Boolean origin=null
          arg0: CALL 'public final fun and (other: kotlin.Int): kotlin.Int [infix] declared in kotlin.Int' type=kotlin.Int origin=null
            $this: GET_VAR '$changed: kotlin.Int declared in com.geinzz.geinzwork.ui.adapters.ui.pantallas.principal_ui.Mapa_perzonalizado_direccionesKt.dialogo_lugar_tienda' type=kotlin.Int origin=null
            other: CONST Int type=kotlin.Int value=48
          arg1: CONST Int type=kotlin.Int value=0
        then: SET_VAR 'val $dirty: kotlin.Int [val] declared in com.geinzz.geinzwork.ui.adapters.ui.pantallas.principal_ui.Mapa_perzonalizado_direccionesKt.dialogo_lugar_tienda' type=kotlin.Unit origin=null
          CALL 'public final fun or (other: kotlin.Int): kotlin.Int [infix] declared in kotlin.Int' type=kotlin.Int origin=null
            $this: GET_VAR 'val $dirty: kotlin.Int [val] declared in com.geinzz.geinzwork.ui.adapters.ui.pantallas.principal_ui.Mapa_perzonalizado_direccionesKt.dialogo_lugar_tienda' type=kotlin.Int origin=null
            other: WHEN type=kotlin.Int origin=IF
              BRANCH
                if: CALL 'public open fun changedInstance (value: kotlin.Any?): kotlin.Boolean declared in androidx.compose.runtime.Composer' type=kotlin.Boolean origin=null
                  $this: GET_VAR '$composer: androidx.compose.runtime.Composer? [assignable] declared in com.geinzz.geinzwork.ui.adapters.ui.pantallas.principal_ui.Mapa_perzonalizado_direccionesKt.dialogo_lugar_tienda' type=androidx.compose.runtime.Composer? origin=null
                  value: GET_VAR 'viewmodelMapa: com.geinzz.geinzwork.viewModels.viewmodel_mapa_personalizado declared in com.geinzz.geinzwork.ui.adapters.ui.pantallas.principal_ui.Mapa_perzonalizado_direccionesKt.dialogo_lugar_tienda' type=com.geinzz.geinzwork.viewModels.viewmodel_mapa_personalizado origin=null
                then: CONST Int type=kotlin.Int value=32
              BRANCH
                if: CONST Boolean type=kotlin.Boolean value=true
                then: CONST Int type=kotlin.Int value=16
    WHEN type=kotlin.Unit origin=IF
      BRANCH
        if: CALL 'public final fun EQEQ (arg0: kotlin.Any?, arg1: kotlin.Any?): kotlin.Boolean declared in kotlin.internal.ir' type=kotlin.Boolean origin=null
          arg0: CALL 'public final fun and (other: kotlin.Int): kotlin.Int [infix] declared in kotlin.Int' type=kotlin.Int origin=null
            $this: GET_VAR '$changed: kotlin.Int declared in com.geinzz.geinzwork.ui.adapters.ui.pantallas.principal_ui.Mapa_perzonalizado_direccionesKt.dialogo_lugar_tienda' type=kotlin.Int origin=null
            other: CONST Int type=kotlin.Int value=384
          arg1: CONST Int type=kotlin.Int value=0
        then: SET_VAR 'val $dirty: kotlin.Int [val] declared in com.geinzz.geinzwork.ui.adapters.ui.pantallas.principal_ui.Mapa_perzonalizado_direccionesKt.dialogo_lugar_tienda' type=kotlin.Unit origin=null
          CALL 'public final fun or (other: kotlin.Int): kotlin.Int [infix] declared in kotlin.Int' type=kotlin.Int origin=null
            $this: GET_VAR 'val $dirty: kotlin.Int [val] declared in com.geinzz.geinzwork.ui.adapters.ui.pantallas.principal_ui.Mapa_perzonalizado_direccionesKt.dialogo_lugar_tienda' type=kotlin.Int origin=null
            other: WHEN type=kotlin.Int origin=IF
              BRANCH
                if: CALL 'public open fun changed (value: kotlin.Double): kotlin.Boolean declared in androidx.compose.runtime.Composer' type=kotlin.Boolean origin=null
                  $this: GET_VAR '$composer: androidx.compose.runtime.Composer? [assignable] declared in com.geinzz.geinzwork.ui.adapters.ui.pantallas.principal_ui.Mapa_perzonalizado_direccionesKt.dialogo_lugar_tienda' type=androidx.compose.runtime.Composer? origin=null
                  value: GET_VAR 'lat_user: kotlin.Double declared in com.geinzz.geinzwork.ui.adapters.ui.pantallas.principal_ui.Mapa_perzonalizado_direccionesKt.dialogo_lugar_tienda' type=kotlin.Double origin=null
                then: CONST Int type=kotlin.Int value=256
              BRANCH
                if: CONST Boolean type=kotlin.Boolean value=true
                then: CONST Int type=kotlin.Int value=128
    WHEN type=kotlin.Unit origin=IF
      BRANCH
        if: CALL 'public final fun EQEQ (arg0: kotlin.Any?, arg1: kotlin.Any?): kotlin.Boolean declared in kotlin.internal.ir' type=kotlin.Boolean origin=null
          arg0: CALL 'public final fun and (other: kotlin.Int): kotlin.Int [infix] declared in kotlin.Int' type=kotlin.Int origin=null
            $this: GET_VAR '$changed: kotlin.Int declared in com.geinzz.geinzwork.ui.adapters.ui.pantallas.principal_ui.Mapa_perzonalizado_direccionesKt.dialogo_lugar_tienda' type=kotlin.Int origin=null
            other: CONST Int type=kotlin.Int value=3072
          arg1: CONST Int type=kotlin.Int value=0
        then: SET_VAR 'val $dirty: kotlin.Int [val] declared in com.geinzz.geinzwork.ui.adapters.ui.pantallas.principal_ui.Mapa_perzonalizado_direccionesKt.dialogo_lugar_tienda' type=kotlin.Unit origin=null
          CALL 'public final fun or (other: kotlin.Int): kotlin.Int [infix] declared in kotlin.Int' type=kotlin.Int origin=null
            $this: GET_VAR 'val $dirty: kotlin.Int [val] declared in com.geinzz.geinzwork.ui.adapters.ui.pantallas.principal_ui.Mapa_perzonalizado_direccionesKt.dialogo_lugar_tienda' type=kotlin.Int origin=null
            other: WHEN type=kotlin.Int origin=IF
              BRANCH
                if: CALL 'public open fun changed (value: kotlin.Double): kotlin.Boolean declared in androidx.compose.runtime.Composer' type=kotlin.Boolean origin=null
                  $this: GET_VAR '$composer: androidx.compose.runtime.Composer? [assignable] declared in com.geinzz.geinzwork.ui.adapters.ui.pantallas.principal_ui.Mapa_perzonalizado_direccionesKt.dialogo_lugar_tienda' type=androidx.compose.runtime.Composer? origin=null
                  value: GET_VAR 'log_user: kotlin.Double declared in com.geinzz.geinzwork.ui.adapters.ui.pantallas.principal_ui.Mapa_perzonalizado_direccionesKt.dialogo_lugar_tienda' type=kotlin.Double origin=null
                then: CONST Int type=kotlin.Int value=2048
              BRANCH
                if: CONST Boolean type=kotlin.Boolean value=true
                then: CONST Int type=kotlin.Int value=1024
    WHEN type=kotlin.Unit origin=IF
      BRANCH
        if: CALL 'public final fun EQEQ (arg0: kotlin.Any?, arg1: kotlin.Any?): kotlin.Boolean declared in kotlin.internal.ir' type=kotlin.Boolean origin=null
          arg0: CALL 'public final fun and (other: kotlin.Int): kotlin.Int [infix] declared in kotlin.Int' type=kotlin.Int origin=null
            $this: GET_VAR '$changed: kotlin.Int declared in com.geinzz.geinzwork.ui.adapters.ui.pantallas.principal_ui.Mapa_perzonalizado_direccionesKt.dialogo_lugar_tienda' type=kotlin.Int origin=null
            other: CONST Int type=kotlin.Int value=24576
          arg1: CONST Int type=kotlin.Int value=0
        then: SET_VAR 'val $dirty: kotlin.Int [val] declared in com.geinzz.geinzwork.ui.adapters.ui.pantallas.principal_ui.Mapa_perzonalizado_direccionesKt.dialogo_lugar_tienda' type=kotlin.Unit origin=null
          CALL 'public final fun or (other: kotlin.Int): kotlin.Int [infix] declared in kotlin.Int' type=kotlin.Int origin=null
            $this: GET_VAR 'val $dirty: kotlin.Int [val] declared in com.geinzz.geinzwork.ui.adapters.ui.pantallas.principal_ui.Mapa_perzonalizado_direccionesKt.dialogo_lugar_tienda' type=kotlin.Int origin=null
            other: WHEN type=kotlin.Int origin=IF
              BRANCH
                if: CALL 'public open fun changed (value: kotlin.Long): kotlin.Boolean declared in androidx.compose.runtime.Composer' type=kotlin.Boolean origin=null
                  $this: GET_VAR '$composer: androidx.compose.runtime.Composer? [assignable] declared in com.geinzz.geinzwork.ui.adapters.ui.pantallas.principal_ui.Mapa_perzonalizado_direccionesKt.dialogo_lugar_tienda' type=androidx.compose.runtime.Composer? origin=null
                  value: GET_VAR 'time: kotlin.Long declared in com.geinzz.geinzwork.ui.adapters.ui.pantallas.principal_ui.Mapa_perzonalizado_direccionesKt.dialogo_lugar_tienda' type=kotlin.Long origin=null
                then: CONST Int type=kotlin.Int value=16384
              BRANCH
                if: CONST Boolean type=kotlin.Boolean value=true
                then: CONST Int type=kotlin.Int value=8192
    WHEN type=kotlin.Unit origin=IF
      BRANCH
        if: CALL 'public final fun EQEQ (arg0: kotlin.Any?, arg1: kotlin.Any?): kotlin.Boolean declared in kotlin.internal.ir' type=kotlin.Boolean origin=null
          arg0: CALL 'public final fun and (other: kotlin.Int): kotlin.Int [infix] declared in kotlin.Int' type=kotlin.Int origin=null
            $this: GET_VAR '$changed: kotlin.Int declared in com.geinzz.geinzwork.ui.adapters.ui.pantallas.principal_ui.Mapa_perzonalizado_direccionesKt.dialogo_lugar_tienda' type=kotlin.Int origin=null
            other: CONST Int type=kotlin.Int value=196608
          arg1: CONST Int type=kotlin.Int value=0
        then: SET_VAR 'val $dirty: kotlin.Int [val] declared in com.geinzz.geinzwork.ui.adapters.ui.pantallas.principal_ui.Mapa_perzonalizado_direccionesKt.dialogo_lugar_tienda' type=kotlin.Unit origin=null
          CALL 'public final fun or (other: kotlin.Int): kotlin.Int [infix] declared in kotlin.Int' type=kotlin.Int origin=null
            $this: GET_VAR 'val $dirty: kotlin.Int [val] declared in com.geinzz.geinzwork.ui.adapters.ui.pantallas.principal_ui.Mapa_perzonalizado_direccionesKt.dialogo_lugar_tienda' type=kotlin.Int origin=null
            other: WHEN type=kotlin.Int origin=IF
              BRANCH
                if: CALL 'public open fun changedInstance (value: kotlin.Any?): kotlin.Boolean declared in androidx.compose.runtime.Composer' type=kotlin.Boolean origin=null
                  $this: GET_VAR '$composer: androidx.compose.runtime.Composer? [assignable] declared in com.geinzz.geinzwork.ui.adapters.ui.pantallas.principal_ui.Mapa_perzonalizado_direccionesKt.dialogo_lugar_tienda' type=androidx.compose.runtime.Composer? origin=null
                  value: GET_VAR 'dataclass_map: com.geinzz.geinzwork.data.model.localizate_geinz.dataclass_map declared in com.geinzz.geinzwork.ui.adapters.ui.pantallas.principal_ui.Mapa_perzonalizado_direccionesKt.dialogo_lugar_tienda' type=com.geinzz.geinzwork.data.model.localizate_geinz.dataclass_map origin=null
                then: CONST Int type=kotlin.Int value=131072
              BRANCH
                if: CONST Boolean type=kotlin.Boolean value=true
                then: CONST Int type=kotlin.Int value=65536
    WHEN type=kotlin.Unit origin=IF
      BRANCH
        if: CALL 'public final fun EQEQ (arg0: kotlin.Any?, arg1: kotlin.Any?): kotlin.Boolean declared in kotlin.internal.ir' type=kotlin.Boolean origin=null
          arg0: CALL 'public final fun and (other: kotlin.Int): kotlin.Int [infix] declared in kotlin.Int' type=kotlin.Int origin=null
            $this: GET_VAR '$changed: kotlin.Int declared in com.geinzz.geinzwork.ui.adapters.ui.pantallas.principal_ui.Mapa_perzonalizado_direccionesKt.dialogo_lugar_tienda' type=kotlin.Int origin=null
            other: CONST Int type=kotlin.Int value=1572864
          arg1: CONST Int type=kotlin.Int value=0
        then: SET_VAR 'val $dirty: kotlin.Int [val] declared in com.geinzz.geinzwork.ui.adapters.ui.pantallas.principal_ui.Mapa_perzonalizado_direccionesKt.dialogo_lugar_tienda' type=kotlin.Unit origin=null
          CALL 'public final fun or (other: kotlin.Int): kotlin.Int [infix] declared in kotlin.Int' type=kotlin.Int origin=null
            $this: GET_VAR 'val $dirty: kotlin.Int [val] declared in com.geinzz.geinzwork.ui.adapters.ui.pantallas.principal_ui.Mapa_perzonalizado_direccionesKt.dialogo_lugar_tienda' type=kotlin.Int origin=null
            other: WHEN type=kotlin.Int origin=IF
              BRANCH
                if: CALL 'public open fun changedInstance (value: kotlin.Any?): kotlin.Boolean declared in androidx.compose.runtime.Composer' type=kotlin.Boolean origin=null
                  $this: GET_VAR '$composer: androidx.compose.runtime.Composer? [assignable] declared in com.geinzz.geinzwork.ui.adapters.ui.pantallas.principal_ui.Mapa_perzonalizado_direccionesKt.dialogo_lugar_tienda' type=androidx.compose.runtime.Composer? origin=null
                  value: GET_VAR 'cerra_dialog: kotlin.Function0<kotlin.Unit> declared in com.geinzz.geinzwork.ui.adapters.ui.pantallas.principal_ui.Mapa_perzonalizado_direccionesKt.dialogo_lugar_tienda' type=kotlin.Function0<kotlin.Unit> origin=null
                then: CONST Int type=kotlin.Int value=1048576
              BRANCH
                if: CONST Boolean type=kotlin.Boolean value=true
                then: CONST Int type=kotlin.Int value=524288
    WHEN type=kotlin.Unit origin=IF
      BRANCH
        if: CALL 'public final fun EQEQ (arg0: kotlin.Any?, arg1: kotlin.Any?): kotlin.Boolean declared in kotlin.internal.ir' type=kotlin.Boolean origin=null
          arg0: CALL 'public final fun and (other: kotlin.Int): kotlin.Int [infix] declared in kotlin.Int' type=kotlin.Int origin=null
            $this: GET_VAR '$changed: kotlin.Int declared in com.geinzz.geinzwork.ui.adapters.ui.pantallas.principal_ui.Mapa_perzonalizado_direccionesKt.dialogo_lugar_tienda' type=kotlin.Int origin=null
            other: CONST Int type=kotlin.Int value=12582912
          arg1: CONST Int type=kotlin.Int value=0
        then: SET_VAR 'val $dirty: kotlin.Int [val] declared in com.geinzz.geinzwork.ui.adapters.ui.pantallas.principal_ui.Mapa_perzonalizado_direccionesKt.dialogo_lugar_tienda' type=kotlin.Unit origin=null
          CALL 'public final fun or (other: kotlin.Int): kotlin.Int [infix] declared in kotlin.Int' type=kotlin.Int origin=null
            $this: GET_VAR 'val $dirty: kotlin.Int [val] declared in com.geinzz.geinzwork.ui.adapters.ui.pantallas.principal_ui.Mapa_perzonalizado_direccionesKt.dialogo_lugar_tienda' type=kotlin.Int origin=null
            other: WHEN type=kotlin.Int origin=IF
              BRANCH
                if: CALL 'public open fun changedInstance (value: kotlin.Any?): kotlin.Boolean declared in androidx.compose.runtime.Composer' type=kotlin.Boolean origin=null
                  $this: GET_VAR '$composer: androidx.compose.runtime.Composer? [assignable] declared in com.geinzz.geinzwork.ui.adapters.ui.pantallas.principal_ui.Mapa_perzonalizado_direccionesKt.dialogo_lugar_tienda' type=androidx.compose.runtime.Composer? origin=null
                  value: GET_VAR 'limpiar: kotlin.Function0<kotlin.Unit> declared in com.geinzz.geinzwork.ui.adapters.ui.pantallas.principal_ui.Mapa_perzonalizado_direccionesKt.dialogo_lugar_tienda' type=kotlin.Function0<kotlin.Unit> origin=null
                then: CONST Int type=kotlin.Int value=8388608
              BRANCH
                if: CONST Boolean type=kotlin.Boolean value=true
                then: CONST Int type=kotlin.Int value=4194304
    WHEN type=kotlin.Unit origin=IF
      BRANCH
        if: CALL 'public final fun EQEQ (arg0: kotlin.Any?, arg1: kotlin.Any?): kotlin.Boolean declared in kotlin.internal.ir' type=kotlin.Boolean origin=null
          arg0: CALL 'public final fun and (other: kotlin.Int): kotlin.Int [infix] declared in kotlin.Int' type=kotlin.Int origin=null
            $this: GET_VAR '$changed: kotlin.Int declared in com.geinzz.geinzwork.ui.adapters.ui.pantallas.principal_ui.Mapa_perzonalizado_direccionesKt.dialogo_lugar_tienda' type=kotlin.Int origin=null
            other: CONST Int type=kotlin.Int value=100663296
          arg1: CONST Int type=kotlin.Int value=0
        then: SET_VAR 'val $dirty: kotlin.Int [val] declared in com.geinzz.geinzwork.ui.adapters.ui.pantallas.principal_ui.Mapa_perzonalizado_direccionesKt.dialogo_lugar_tienda' type=kotlin.Unit origin=null
          CALL 'public final fun or (other: kotlin.Int): kotlin.Int [infix] declared in kotlin.Int' type=kotlin.Int origin=null
            $this: GET_VAR 'val $dirty: kotlin.Int [val] declared in com.geinzz.geinzwork.ui.adapters.ui.pantallas.principal_ui.Mapa_perzonalizado_direccionesKt.dialogo_lugar_tienda' type=kotlin.Int origin=null
            other: WHEN type=kotlin.Int origin=IF
              BRANCH
                if: CALL 'public open fun changedInstance (value: kotlin.Any?): kotlin.Boolean declared in androidx.compose.runtime.Composer' type=kotlin.Boolean origin=null
                  $this: GET_VAR '$composer: androidx.compose.runtime.Composer? [assignable] declared in com.geinzz.geinzwork.ui.adapters.ui.pantallas.principal_ui.Mapa_perzonalizado_direccionesKt.dialogo_lugar_tienda' type=androidx.compose.runtime.Composer? origin=null
                  value: GET_VAR 'crear_ruta: kotlin.Function3<@[ParameterName(name = "it_tienda")] kotlin.String, @[ParameterName(name = "lat")] kotlin.Double, @[ParameterName(name = "log")] kotlin.Double, kotlin.Unit> declared in com.geinzz.geinzwork.ui.adapters.ui.pantallas.principal_ui.Mapa_perzonalizado_direccionesKt.dialogo_lugar_tienda' type=kotlin.Function3<@[ParameterName(name = "it_tienda")] kotlin.String, @[ParameterName(name = "lat")] kotlin.Double, @[ParameterName(name = "log")] kotlin.Double, kotlin.Unit> origin=null
                then: CONST Int type=kotlin.Int value=67108864
              BRANCH
                if: CONST Boolean type=kotlin.Boolean value=true
                then: CONST Int type=kotlin.Int value=33554432
    WHEN type=kotlin.Unit origin=IF
      BRANCH
        if: CALL 'public final fun EQEQ (arg0: kotlin.Any?, arg1: kotlin.Any?): kotlin.Boolean declared in kotlin.internal.ir' type=kotlin.Boolean origin=null
          arg0: CALL 'public final fun and (other: kotlin.Int): kotlin.Int [infix] declared in kotlin.Int' type=kotlin.Int origin=null
            $this: GET_VAR '$changed: kotlin.Int declared in com.geinzz.geinzwork.ui.adapters.ui.pantallas.principal_ui.Mapa_perzonalizado_direccionesKt.dialogo_lugar_tienda' type=kotlin.Int origin=null
            other: CONST Int type=kotlin.Int value=805306368
          arg1: CONST Int type=kotlin.Int value=0
        then: SET_VAR 'val $dirty: kotlin.Int [val] declared in com.geinzz.geinzwork.ui.adapters.ui.pantallas.principal_ui.Mapa_perzonalizado_direccionesKt.dialogo_lugar_tienda' type=kotlin.Unit origin=null
          CALL 'public final fun or (other: kotlin.Int): kotlin.Int [infix] declared in kotlin.Int' type=kotlin.Int origin=null
            $this: GET_VAR 'val $dirty: kotlin.Int [val] declared in com.geinzz.geinzwork.ui.adapters.ui.pantallas.principal_ui.Mapa_perzonalizado_direccionesKt.dialogo_lugar_tienda' type=kotlin.Int origin=null
            other: WHEN type=kotlin.Int origin=IF
              BRANCH
                if: CALL 'public open fun changedInstance (value: kotlin.Any?): kotlin.Boolean declared in androidx.compose.runtime.Composer' type=kotlin.Boolean origin=null
                  $this: GET_VAR '$composer: androidx.compose.runtime.Composer? [assignable] declared in com.geinzz.geinzwork.ui.adapters.ui.pantallas.principal_ui.Mapa_perzonalizado_direccionesKt.dialogo_lugar_tienda' type=androidx.compose.runtime.Composer? origin=null
                  value: GET_VAR 'actualizar: kotlin.Function0<kotlin.Unit> declared in com.geinzz.geinzwork.ui.adapters.ui.pantallas.principal_ui.Mapa_perzonalizado_direccionesKt.dialogo_lugar_tienda' type=kotlin.Function0<kotlin.Unit> origin=null
                then: CONST Int type=kotlin.Int value=536870912
              BRANCH
                if: CONST Boolean type=kotlin.Boolean value=true
                then: CONST Int type=kotlin.Int value=268435456
    WHEN type=kotlin.Unit origin=IF
      BRANCH
        if: CALL 'public final fun EQEQ (arg0: kotlin.Any?, arg1: kotlin.Any?): kotlin.Boolean declared in kotlin.internal.ir' type=kotlin.Boolean origin=null
          arg0: CALL 'public final fun and (other: kotlin.Int): kotlin.Int [infix] declared in kotlin.Int' type=kotlin.Int origin=null
            $this: GET_VAR '$changed1: kotlin.Int declared in com.geinzz.geinzwork.ui.adapters.ui.pantallas.principal_ui.Mapa_perzonalizado_direccionesKt.dialogo_lugar_tienda' type=kotlin.Int origin=null
            other: CONST Int type=kotlin.Int value=6
          arg1: CONST Int type=kotlin.Int value=0
        then: SET_VAR 'val $dirty1: kotlin.Int [val] declared in com.geinzz.geinzwork.ui.adapters.ui.pantallas.principal_ui.Mapa_perzonalizado_direccionesKt.dialogo_lugar_tienda' type=kotlin.Unit origin=null
          CALL 'public final fun or (other: kotlin.Int): kotlin.Int [infix] declared in kotlin.Int' type=kotlin.Int origin=null
            $this: GET_VAR 'val $dirty1: kotlin.Int [val] declared in com.geinzz.geinzwork.ui.adapters.ui.pantallas.principal_ui.Mapa_perzonalizado_direccionesKt.dialogo_lugar_tienda' type=kotlin.Int origin=null
            other: WHEN type=kotlin.Int origin=IF
              BRANCH
                if: CALL 'public open fun changed (value: kotlin.Boolean): kotlin.Boolean declared in androidx.compose.runtime.Composer' type=kotlin.Boolean origin=null
                  $this: GET_VAR '$composer: androidx.compose.runtime.Composer? [assignable] declared in com.geinzz.geinzwork.ui.adapters.ui.pantallas.principal_ui.Mapa_perzonalizado_direccionesKt.dialogo_lugar_tienda' type=androidx.compose.runtime.Composer? origin=null
                  value: GET_VAR 'boxVisible: kotlin.Boolean declared in com.geinzz.geinzwork.ui.adapters.ui.pantallas.principal_ui.Mapa_perzonalizado_direccionesKt.dialogo_lugar_tienda' type=kotlin.Boolean origin=null
                then: CONST Int type=kotlin.Int value=4
              BRANCH
                if: CONST Boolean type=kotlin.Boolean value=true
                then: CONST Int type=kotlin.Int value=2
    WHEN type=kotlin.Unit origin=IF
      BRANCH
        if: CALL 'public final fun EQEQ (arg0: kotlin.Any?, arg1: kotlin.Any?): kotlin.Boolean declared in kotlin.internal.ir' type=kotlin.Boolean origin=null
          arg0: CALL 'public final fun and (other: kotlin.Int): kotlin.Int [infix] declared in kotlin.Int' type=kotlin.Int origin=null
            $this: GET_VAR '$changed1: kotlin.Int declared in com.geinzz.geinzwork.ui.adapters.ui.pantallas.principal_ui.Mapa_perzonalizado_direccionesKt.dialogo_lugar_tienda' type=kotlin.Int origin=null
            other: CONST Int type=kotlin.Int value=48
          arg1: CONST Int type=kotlin.Int value=0
        then: SET_VAR 'val $dirty1: kotlin.Int [val] declared in com.geinzz.geinzwork.ui.adapters.ui.pantallas.principal_ui.Mapa_perzonalizado_direccionesKt.dialogo_lugar_tienda' type=kotlin.Unit origin=null
          CALL 'public final fun or (other: kotlin.Int): kotlin.Int [infix] declared in kotlin.Int' type=kotlin.Int origin=null
            $this: GET_VAR 'val $dirty1: kotlin.Int [val] declared in com.geinzz.geinzwork.ui.adapters.ui.pantallas.principal_ui.Mapa_perzonalizado_direccionesKt.dialogo_lugar_tienda' type=kotlin.Int origin=null
            other: WHEN type=kotlin.Int origin=IF
              BRANCH
                if: CALL 'public open fun changedInstance (value: kotlin.Any?): kotlin.Boolean declared in androidx.compose.runtime.Composer' type=kotlin.Boolean origin=null
                  $this: GET_VAR '$composer: androidx.compose.runtime.Composer? [assignable] declared in com.geinzz.geinzwork.ui.adapters.ui.pantallas.principal_ui.Mapa_perzonalizado_direccionesKt.dialogo_lugar_tienda' type=androidx.compose.runtime.Composer? origin=null
                  value: GET_VAR 'onBoxVisibleChange: kotlin.Function1<kotlin.Boolean, kotlin.Unit> declared in com.geinzz.geinzwork.ui.adapters.ui.pantallas.principal_ui.Mapa_perzonalizado_direccionesKt.dialogo_lugar_tienda' type=kotlin.Function1<kotlin.Boolean, kotlin.Unit> origin=null
                then: CONST Int type=kotlin.Int value=32
              BRANCH
                if: CONST Boolean type=kotlin.Boolean value=true
                then: CONST Int type=kotlin.Int value=16
    WHEN type=kotlin.Unit origin=IF
      BRANCH
        if: CALL 'public final fun EQEQ (arg0: kotlin.Any?, arg1: kotlin.Any?): kotlin.Boolean declared in kotlin.internal.ir' type=kotlin.Boolean origin=null
          arg0: CALL 'public final fun and (other: kotlin.Int): kotlin.Int [infix] declared in kotlin.Int' type=kotlin.Int origin=null
            $this: GET_VAR '$changed1: kotlin.Int declared in com.geinzz.geinzwork.ui.adapters.ui.pantallas.principal_ui.Mapa_perzonalizado_direccionesKt.dialogo_lugar_tienda' type=kotlin.Int origin=null
            other: CONST Int type=kotlin.Int value=384
          arg1: CONST Int type=kotlin.Int value=0
        then: SET_VAR 'val $dirty1: kotlin.Int [val] declared in com.geinzz.geinzwork.ui.adapters.ui.pantallas.principal_ui.Mapa_perzonalizado_direccionesKt.dialogo_lugar_tienda' type=kotlin.Unit origin=null
          CALL 'public final fun or (other: kotlin.Int): kotlin.Int [infix] declared in kotlin.Int' type=kotlin.Int origin=null
            $this: GET_VAR 'val $dirty1: kotlin.Int [val] declared in com.geinzz.geinzwork.ui.adapters.ui.pantallas.principal_ui.Mapa_perzonalizado_direccionesKt.dialogo_lugar_tienda' type=kotlin.Int origin=null
            other: WHEN type=kotlin.Int origin=IF
              BRANCH
                if: CALL 'public open fun changedInstance (value: kotlin.Any?): kotlin.Boolean declared in androidx.compose.runtime.Composer' type=kotlin.Boolean origin=null
                  $this: GET_VAR '$composer: androidx.compose.runtime.Composer? [assignable] declared in com.geinzz.geinzwork.ui.adapters.ui.pantallas.principal_ui.Mapa_perzonalizado_direccionesKt.dialogo_lugar_tienda' type=androidx.compose.runtime.Composer? origin=null
                  value: GET_VAR 'centrar_camara: kotlin.Function2<kotlin.Double, kotlin.Double, kotlin.Unit> declared in com.geinzz.geinzwork.ui.adapters.ui.pantallas.principal_ui.Mapa_perzonalizado_direccionesKt.dialogo_lugar_tienda' type=kotlin.Function2<kotlin.Double, kotlin.Double, kotlin.Unit> origin=null
                then: CONST Int type=kotlin.Int value=256
              BRANCH
                if: CONST Boolean type=kotlin.Boolean value=true
                then: CONST Int type=kotlin.Int value=128
    WHEN type=kotlin.Unit origin=IF
      BRANCH
        if: CALL 'public final fun EQEQ (arg0: kotlin.Any?, arg1: kotlin.Any?): kotlin.Boolean declared in kotlin.internal.ir' type=kotlin.Boolean origin=null
          arg0: CALL 'public final fun and (other: kotlin.Int): kotlin.Int [infix] declared in kotlin.Int' type=kotlin.Int origin=null
            $this: GET_VAR '$changed1: kotlin.Int declared in com.geinzz.geinzwork.ui.adapters.ui.pantallas.principal_ui.Mapa_perzonalizado_direccionesKt.dialogo_lugar_tienda' type=kotlin.Int origin=null
            other: CONST Int type=kotlin.Int value=3072
          arg1: CONST Int type=kotlin.Int value=0
        then: SET_VAR 'val $dirty1: kotlin.Int [val] declared in com.geinzz.geinzwork.ui.adapters.ui.pantallas.principal_ui.Mapa_perzonalizado_direccionesKt.dialogo_lugar_tienda' type=kotlin.Unit origin=null
          CALL 'public final fun or (other: kotlin.Int): kotlin.Int [infix] declared in kotlin.Int' type=kotlin.Int origin=null
            $this: GET_VAR 'val $dirty1: kotlin.Int [val] declared in com.geinzz.geinzwork.ui.adapters.ui.pantallas.principal_ui.Mapa_perzonalizado_direccionesKt.dialogo_lugar_tienda' type=kotlin.Int origin=null
            other: WHEN type=kotlin.Int origin=IF
              BRANCH
                if: CALL 'public open fun changedInstance (value: kotlin.Any?): kotlin.Boolean declared in androidx.compose.runtime.Composer' type=kotlin.Boolean origin=null
                  $this: GET_VAR '$composer: androidx.compose.runtime.Composer? [assignable] declared in com.geinzz.geinzwork.ui.adapters.ui.pantallas.principal_ui.Mapa_perzonalizado_direccionesKt.dialogo_lugar_tienda' type=androidx.compose.runtime.Composer? origin=null
                  value: GET_VAR 'retornar_id_select: kotlin.Function2<kotlin.String, androidx.compose.ui.graphics.Color, kotlin.Unit> declared in com.geinzz.geinzwork.ui.adapters.ui.pantallas.principal_ui.Mapa_perzonalizado_direccionesKt.dialogo_lugar_tienda' type=kotlin.Function2<kotlin.String, androidx.compose.ui.graphics.Color, kotlin.Unit> origin=null
                then: CONST Int type=kotlin.Int value=2048
              BRANCH
                if: CONST Boolean type=kotlin.Boolean value=true
                then: CONST Int type=kotlin.Int value=1024
    WHEN type=kotlin.Unit origin=IF
      BRANCH
        if: CALL 'public final fun EQEQ (arg0: kotlin.Any?, arg1: kotlin.Any?): kotlin.Boolean declared in kotlin.internal.ir' type=kotlin.Boolean origin=null
          arg0: CALL 'public final fun and (other: kotlin.Int): kotlin.Int [infix] declared in kotlin.Int' type=kotlin.Int origin=null
            $this: GET_VAR '$changed1: kotlin.Int declared in com.geinzz.geinzwork.ui.adapters.ui.pantallas.principal_ui.Mapa_perzonalizado_direccionesKt.dialogo_lugar_tienda' type=kotlin.Int origin=null
            other: CONST Int type=kotlin.Int value=24576
          arg1: CONST Int type=kotlin.Int value=0
        then: SET_VAR 'val $dirty1: kotlin.Int [val] declared in com.geinzz.geinzwork.ui.adapters.ui.pantallas.principal_ui.Mapa_perzonalizado_direccionesKt.dialogo_lugar_tienda' type=kotlin.Unit origin=null
          CALL 'public final fun or (other: kotlin.Int): kotlin.Int [infix] declared in kotlin.Int' type=kotlin.Int origin=null
            $this: GET_VAR 'val $dirty1: kotlin.Int [val] declared in com.geinzz.geinzwork.ui.adapters.ui.pantallas.principal_ui.Mapa_perzonalizado_direccionesKt.dialogo_lugar_tienda' type=kotlin.Int origin=null
            other: WHEN type=kotlin.Int origin=IF
              BRANCH
                if: CALL 'public open fun changedInstance (value: kotlin.Any?): kotlin.Boolean declared in androidx.compose.runtime.Composer' type=kotlin.Boolean origin=null
                  $this: GET_VAR '$composer: androidx.compose.runtime.Composer? [assignable] declared in com.geinzz.geinzwork.ui.adapters.ui.pantallas.principal_ui.Mapa_perzonalizado_direccionesKt.dialogo_lugar_tienda' type=androidx.compose.runtime.Composer? origin=null
                  value: GET_VAR 'onclick_iconos: kotlin.Function2<kotlin.String, com.geinzz.geinzwork.utils.constantes.localizate_geinz.constantes_lista_localidades.data_redes_tiendas, kotlin.Unit> declared in com.geinzz.geinzwork.ui.adapters.ui.pantallas.principal_ui.Mapa_perzonalizado_direccionesKt.dialogo_lugar_tienda' type=kotlin.Function2<kotlin.String, com.geinzz.geinzwork.utils.constantes.localizate_geinz.constantes_lista_localidades.data_redes_tiendas, kotlin.Unit> origin=null
                then: CONST Int type=kotlin.Int value=16384
              BRANCH
                if: CONST Boolean type=kotlin.Boolean value=true
                then: CONST Int type=kotlin.Int value=8192
    WHEN type=kotlin.Unit origin=IF
      BRANCH
        if: CALL 'public final fun EQEQ (arg0: kotlin.Any?, arg1: kotlin.Any?): kotlin.Boolean declared in kotlin.internal.ir' type=kotlin.Boolean origin=null
          arg0: CALL 'public final fun and (other: kotlin.Int): kotlin.Int [infix] declared in kotlin.Int' type=kotlin.Int origin=null
            $this: GET_VAR '$changed1: kotlin.Int declared in com.geinzz.geinzwork.ui.adapters.ui.pantallas.principal_ui.Mapa_perzonalizado_direccionesKt.dialogo_lugar_tienda' type=kotlin.Int origin=null
            other: CONST Int type=kotlin.Int value=196608
          arg1: CONST Int type=kotlin.Int value=0
        then: SET_VAR 'val $dirty1: kotlin.Int [val] declared in com.geinzz.geinzwork.ui.adapters.ui.pantallas.principal_ui.Mapa_perzonalizado_direccionesKt.dialogo_lugar_tienda' type=kotlin.Unit origin=null
          CALL 'public final fun or (other: kotlin.Int): kotlin.Int [infix] declared in kotlin.Int' type=kotlin.Int origin=null
            $this: GET_VAR 'val $dirty1: kotlin.Int [val] declared in com.geinzz.geinzwork.ui.adapters.ui.pantallas.principal_ui.Mapa_perzonalizado_direccionesKt.dialogo_lugar_tienda' type=kotlin.Int origin=null
            other: WHEN type=kotlin.Int origin=IF
              BRANCH
                if: CALL 'public open fun changedInstance (value: kotlin.Any?): kotlin.Boolean declared in androidx.compose.runtime.Composer' type=kotlin.Boolean origin=null
                  $this: GET_VAR '$composer: androidx.compose.runtime.Composer? [assignable] declared in com.geinzz.geinzwork.ui.adapters.ui.pantallas.principal_ui.Mapa_perzonalizado_direccionesKt.dialogo_lugar_tienda' type=androidx.compose.runtime.Composer? origin=null
                  value: GET_VAR 'mostrar_lista: kotlin.Function0<kotlin.Unit> declared in com.geinzz.geinzwork.ui.adapters.ui.pantallas.principal_ui.Mapa_perzonalizado_direccionesKt.dialogo_lugar_tienda' type=kotlin.Function0<kotlin.Unit> origin=null
                then: CONST Int type=kotlin.Int value=131072
              BRANCH
                if: CONST Boolean type=kotlin.Boolean value=true
                then: CONST Int type=kotlin.Int value=65536
    WHEN type=kotlin.Unit origin=IF
      BRANCH
        if: CALL 'public final fun EQEQ (arg0: kotlin.Any?, arg1: kotlin.Any?): kotlin.Boolean declared in kotlin.internal.ir' type=kotlin.Boolean origin=null
          arg0: CALL 'public final fun and (other: kotlin.Int): kotlin.Int [infix] declared in kotlin.Int' type=kotlin.Int origin=null
            $this: GET_VAR '$changed1: kotlin.Int declared in com.geinzz.geinzwork.ui.adapters.ui.pantallas.principal_ui.Mapa_perzonalizado_direccionesKt.dialogo_lugar_tienda' type=kotlin.Int origin=null
            other: CONST Int type=kotlin.Int value=1572864
          arg1: CONST Int type=kotlin.Int value=0
        then: SET_VAR 'val $dirty1: kotlin.Int [val] declared in com.geinzz.geinzwork.ui.adapters.ui.pantallas.principal_ui.Mapa_perzonalizado_direccionesKt.dialogo_lugar_tienda' type=kotlin.Unit origin=null
          CALL 'public final fun or (other: kotlin.Int): kotlin.Int [infix] declared in kotlin.Int' type=kotlin.Int origin=null
            $this: GET_VAR 'val $dirty1: kotlin.Int [val] declared in com.geinzz.geinzwork.ui.adapters.ui.pantallas.principal_ui.Mapa_perzonalizado_direccionesKt.dialogo_lugar_tienda' type=kotlin.Int origin=null
            other: WHEN type=kotlin.Int origin=IF
              BRANCH
                if: CALL 'public open fun changedInstance (value: kotlin.Any?): kotlin.Boolean declared in androidx.compose.runtime.Composer' type=kotlin.Boolean origin=null
                  $this: GET_VAR '$composer: androidx.compose.runtime.Composer? [assignable] declared in com.geinzz.geinzwork.ui.adapters.ui.pantallas.principal_ui.Mapa_perzonalizado_direccionesKt.dialogo_lugar_tienda' type=androidx.compose.runtime.Composer? origin=null
                  value: GET_VAR 'move_izquierda: kotlin.Function0<kotlin.Unit> declared in com.geinzz.geinzwork.ui.adapters.ui.pantallas.principal_ui.Mapa_perzonalizado_direccionesKt.dialogo_lugar_tienda' type=kotlin.Function0<kotlin.Unit> origin=null
                then: CONST Int type=kotlin.Int value=1048576
              BRANCH
                if: CONST Boolean type=kotlin.Boolean value=true
                then: CONST Int type=kotlin.Int value=524288
    WHEN type=kotlin.Unit origin=IF
      BRANCH
        if: CALL 'public final fun EQEQ (arg0: kotlin.Any?, arg1: kotlin.Any?): kotlin.Boolean declared in kotlin.internal.ir' type=kotlin.Boolean origin=null
          arg0: CALL 'public final fun and (other: kotlin.Int): kotlin.Int [infix] declared in kotlin.Int' type=kotlin.Int origin=null
            $this: GET_VAR '$changed1: kotlin.Int declared in com.geinzz.geinzwork.ui.adapters.ui.pantallas.principal_ui.Mapa_perzonalizado_direccionesKt.dialogo_lugar_tienda' type=kotlin.Int origin=null
            other: CONST Int type=kotlin.Int value=12582912
          arg1: CONST Int type=kotlin.Int value=0
        then: SET_VAR 'val $dirty1: kotlin.Int [val] declared in com.geinzz.geinzwork.ui.adapters.ui.pantallas.principal_ui.Mapa_perzonalizado_direccionesKt.dialogo_lugar_tienda' type=kotlin.Unit origin=null
          CALL 'public final fun or (other: kotlin.Int): kotlin.Int [infix] declared in kotlin.Int' type=kotlin.Int origin=null
            $this: GET_VAR 'val $dirty1: kotlin.Int [val] declared in com.geinzz.geinzwork.ui.adapters.ui.pantallas.principal_ui.Mapa_perzonalizado_direccionesKt.dialogo_lugar_tienda' type=kotlin.Int origin=null
            other: WHEN type=kotlin.Int origin=IF
              BRANCH
                if: CALL 'public open fun changedInstance (value: kotlin.Any?): kotlin.Boolean declared in androidx.compose.runtime.Composer' type=kotlin.Boolean origin=null
                  $this: GET_VAR '$composer: androidx.compose.runtime.Composer? [assignable] declared in com.geinzz.geinzwork.ui.adapters.ui.pantallas.principal_ui.Mapa_perzonalizado_direccionesKt.dialogo_lugar_tienda' type=androidx.compose.runtime.Composer? origin=null
                  value: GET_VAR 'move_derecha: kotlin.Function0<kotlin.Unit> declared in com.geinzz.geinzwork.ui.adapters.ui.pantallas.principal_ui.Mapa_perzonalizado_direccionesKt.dialogo_lugar_tienda' type=kotlin.Function0<kotlin.Unit> origin=null
                then: CONST Int type=kotlin.Int value=8388608
              BRANCH
                if: CONST Boolean type=kotlin.Boolean value=true
                then: CONST Int type=kotlin.Int value=4194304
    WHEN type=kotlin.Unit origin=IF
      BRANCH
        if: CALL 'public final fun OROR (arg0: kotlin.Boolean, arg1: kotlin.Boolean): kotlin.Boolean declared in kotlin.internal.ir' type=kotlin.Boolean origin=null
          arg0: CALL 'public final fun OROR (arg0: kotlin.Boolean, arg1: kotlin.Boolean): kotlin.Boolean declared in kotlin.internal.ir' type=kotlin.Boolean origin=null
            arg0: CALL 'public final fun not (): kotlin.Boolean [operator] declared in kotlin.Boolean' type=kotlin.Boolean origin=null
              $this: CALL 'public final fun EQEQ (arg0: kotlin.Any?, arg1: kotlin.Any?): kotlin.Boolean declared in kotlin.internal.ir' type=kotlin.Boolean origin=null
                arg0: CALL 'public final fun and (other: kotlin.Int): kotlin.Int [infix] declared in kotlin.Int' type=kotlin.Int origin=null
                  $this: GET_VAR 'val $dirty: kotlin.Int [val] declared in com.geinzz.geinzwork.ui.adapters.ui.pantallas.principal_ui.Mapa_perzonalizado_direccionesKt.dialogo_lugar_tienda' type=kotlin.Int origin=null
                  other: CONST Int type=kotlin.Int value=306783379
                arg1: CONST Int type=kotlin.Int value=306783378
            arg1: CALL 'public final fun not (): kotlin.Boolean [operator] declared in kotlin.Boolean' type=kotlin.Boolean origin=null
              $this: CALL 'public final fun EQEQ (arg0: kotlin.Any?, arg1: kotlin.Any?): kotlin.Boolean declared in kotlin.internal.ir' type=kotlin.Boolean origin=null
                arg0: CALL 'public final fun and (other: kotlin.Int): kotlin.Int [infix] declared in kotlin.Int' type=kotlin.Int origin=null
                  $this: GET_VAR 'val $dirty1: kotlin.Int [val] declared in com.geinzz.geinzwork.ui.adapters.ui.pantallas.principal_ui.Mapa_perzonalizado_direccionesKt.dialogo_lugar_tienda' type=kotlin.Int origin=null
                  other: CONST Int type=kotlin.Int value=4793491
                arg1: CONST Int type=kotlin.Int value=4793490
          arg1: CALL 'public final fun not (): kotlin.Boolean [operator] declared in kotlin.Boolean' type=kotlin.Boolean origin=null
            $this: CALL 'public abstract fun <get-skipping> (): kotlin.Boolean declared in androidx.compose.runtime.Composer' type=kotlin.Boolean origin=null
              $this: GET_VAR '$composer: androidx.compose.runtime.Composer? [assignable] declared in com.geinzz.geinzwork.ui.adapters.ui.pantallas.principal_ui.Mapa_perzonalizado_direccionesKt.dialogo_lugar_tienda' type=androidx.compose.runtime.Composer? origin=null
        then: BLOCK type=kotlin.Unit origin=null
          WHEN type=kotlin.Unit origin=IF
            BRANCH
              if: CALL 'public final fun isTraceInProgress (): kotlin.Boolean declared in androidx.compose.runtime.ComposerKt' type=kotlin.Boolean origin=null
              then: CALL 'public final fun traceEventStart (key: kotlin.Int, dirty1: kotlin.Int, dirty2: kotlin.Int, info: kotlin.String): kotlin.Unit declared in androidx.compose.runtime.ComposerKt' type=kotlin.Unit origin=null
                key: CONST Int type=kotlin.Int value=-300494890
                dirty1: GET_VAR 'val $dirty: kotlin.Int [val] declared in com.geinzz.geinzwork.ui.adapters.ui.pantallas.principal_ui.Mapa_perzonalizado_direccionesKt.dialogo_lugar_tienda' type=kotlin.Int origin=null
                dirty2: GET_VAR 'val $dirty1: kotlin.Int [val] declared in com.geinzz.geinzwork.ui.adapters.ui.pantallas.principal_ui.Mapa_perzonalizado_direccionesKt.dialogo_lugar_tienda' type=kotlin.Int origin=null
                info: CONST String type=kotlin.String value="com.geinzz.geinzwork.ui.adapters.ui.pantallas.principal_ui.dialogo_lugar_tienda (mapa_perzonalizado_direcciones.kt:1247)"
          VAR name:tick type:kotlin.Long [val]
            GET_VAR 'time: kotlin.Long declared in com.geinzz.geinzwork.ui.adapters.ui.pantallas.principal_ui.Mapa_perzonalizado_direccionesKt.dialogo_lugar_tienda' type=kotlin.Long origin=null
          VAR PROPERTY_DELEGATE name:estadoColor$delegate type:androidx.compose.runtime.MutableState<androidx.compose.ui.graphics.Color> [val]
            BLOCK type=androidx.compose.runtime.MutableState<androidx.compose.ui.graphics.Color> origin=null
              BLOCK type=kotlin.Unit origin=null
                CALL 'public abstract fun startReplaceGroup (key: kotlin.Int): kotlin.Unit declared in androidx.compose.runtime.Composer' type=kotlin.Unit origin=null
                  $this: GET_VAR '$composer: androidx.compose.runtime.Composer? [assignable] declared in com.geinzz.geinzwork.ui.adapters.ui.pantallas.principal_ui.Mapa_perzonalizado_direccionesKt.dialogo_lugar_tienda' type=androidx.compose.runtime.Composer? origin=null
                  key: CONST Int type=kotlin.Int value=-1276132998
                CALL 'public final fun sourceInformation (composer: androidx.compose.runtime.Composer, sourceInformation: kotlin.String): kotlin.Unit declared in androidx.compose.runtime.ComposerKt' type=kotlin.Unit origin=null
                  composer: GET_VAR '$composer: androidx.compose.runtime.Composer? [assignable] declared in com.geinzz.geinzwork.ui.adapters.ui.pantallas.principal_ui.Mapa_perzonalizado_direccionesKt.dialogo_lugar_tienda' type=androidx.compose.runtime.Composer? origin=null
                  sourceInformation: CONST String type=kotlin.String value="CC(remember):mapa_perzonalizado_direcciones.kt#9igjgp"
              VAR IR_TEMPORARY_VARIABLE name:tmp0_group type:androidx.compose.runtime.MutableState<androidx.compose.ui.graphics.Color> [val]
                CALL 'public final fun cache <T> (invalid: kotlin.Boolean, block: @[DisallowComposableCalls] kotlin.Function0<T of androidx.compose.runtime.ComposerKt.cache>): T of androidx.compose.runtime.ComposerKt.cache [inline] declared in androidx.compose.runtime.ComposerKt' type=androidx.compose.runtime.MutableState<androidx.compose.ui.graphics.Color> origin=null
                  <T>: androidx.compose.runtime.MutableState<androidx.compose.ui.graphics.Color>
                  $receiver: GET_VAR '$composer: androidx.compose.runtime.Composer? [assignable] declared in com.geinzz.geinzwork.ui.adapters.ui.pantallas.principal_ui.Mapa_perzonalizado_direccionesKt.dialogo_lugar_tienda' type=androidx.compose.runtime.Composer? origin=null
                  invalid: CONST Boolean type=kotlin.Boolean value=false
                  block: BLOCK type=kotlin.Function0<androidx.compose.runtime.MutableState<androidx.compose.ui.graphics.Color>> origin=LAMBDA
                    COMPOSITE type=kotlin.Unit origin=null
                    FUNCTION_REFERENCE 'private final fun dialogo_lugar_tienda$lambda$141 (): androidx.compose.runtime.MutableState<androidx.compose.ui.graphics.Color> declared in com.geinzz.geinzwork.ui.adapters.ui.pantallas.principal_ui.Mapa_perzonalizado_direccionesKt' type=kotlin.Function0<androidx.compose.runtime.MutableState<androidx.compose.ui.graphics.Color>> origin=INLINE_LAMBDA reflectionTarget=null
              CALL 'public abstract fun endReplaceGroup (): kotlin.Unit declared in androidx.compose.runtime.Composer' type=kotlin.Unit origin=null
                $this: GET_VAR '$composer: androidx.compose.runtime.Composer? [assignable] declared in com.geinzz.geinzwork.ui.adapters.ui.pantallas.principal_ui.Mapa_perzonalizado_direccionesKt.dialogo_lugar_tienda' type=androidx.compose.runtime.Composer? origin=null
              GET_VAR 'val tmp0_group: androidx.compose.runtime.MutableState<androidx.compose.ui.graphics.Color> [val] declared in com.geinzz.geinzwork.ui.adapters.ui.pantallas.principal_ui.Mapa_perzonalizado_direccionesKt.dialogo_lugar_tienda' type=androidx.compose.runtime.MutableState<androidx.compose.ui.graphics.Color> origin=null
          VAR name:context type:android.content.Context [val]
            CALL 'public final fun <get-current> ($composer: androidx.compose.runtime.Composer?, $changed: kotlin.Int): T of androidx.compose.runtime.CompositionLocal [inline] declared in androidx.compose.runtime.CompositionLocal' type=android.content.Context origin=GET_PROPERTY
              $this: TYPE_OP type=androidx.compose.runtime.CompositionLocal<T of androidx.compose.runtime.CompositionLocal> origin=IMPLICIT_CAST typeOperand=androidx.compose.runtime.CompositionLocal<T of androidx.compose.runtime.CompositionLocal>
                CALL 'public final fun <get-LocalContext> (): androidx.compose.runtime.ProvidableCompositionLocal<android.content.Context> declared in androidx.compose.ui.platform.AndroidCompositionLocals_androidKt' type=androidx.compose.runtime.ProvidableCompositionLocal<android.content.Context> origin=GET_PROPERTY
              $composer: GET_VAR '$composer: androidx.compose.runtime.Composer? [assignable] declared in com.geinzz.geinzwork.ui.adapters.ui.pantallas.principal_ui.Mapa_perzonalizado_direccionesKt.dialogo_lugar_tienda' type=androidx.compose.runtime.Composer? origin=null
              $changed: CONST Int type=kotlin.Int value=0
          VAR PROPERTY_DELEGATE name:gpsActivo$delegate type:androidx.compose.runtime.State<kotlin.Boolean> [val]
            CALL 'public final fun rememberGpsActivo (context: android.content.Context, $composer: androidx.compose.runtime.Composer?, $changed: kotlin.Int): androidx.compose.runtime.State<kotlin.Boolean> declared in com.geinzz.geinzwork.ui.adapters.ui.pantallas.principal_ui.Mapa_perzonalizado_direccionesKt' type=androidx.compose.runtime.State<kotlin.Boolean> origin=null
              context: GET_VAR 'val context: android.content.Context [val] declared in com.geinzz.geinzwork.ui.adapters.ui.pantallas.principal_ui.Mapa_perzonalizado_direccionesKt.dialogo_lugar_tienda' type=android.content.Context origin=null
              $composer: GET_VAR '$composer: androidx.compose.runtime.Composer? [assignable] declared in com.geinzz.geinzwork.ui.adapters.ui.pantallas.principal_ui.Mapa_perzonalizado_direccionesKt.dialogo_lugar_tienda' type=androidx.compose.runtime.Composer? origin=null
              $changed: CONST Int type=kotlin.Int value=0
          VAR PROPERTY_DELEGATE name:distancia$delegate type:androidx.compose.runtime.State<kotlin.String> [val]
            BLOCK type=androidx.compose.runtime.State<kotlin.String> origin=null
              VAR IR_TEMPORARY_VARIABLE name:tmp1_remember$arg$2 type:kotlin.Double [val]
                CALL 'public final fun <get-latitud> (): kotlin.Double declared in com.geinzz.geinzwork.data.model.localizate_geinz.dataclass_map' type=kotlin.Double origin=GET_PROPERTY
                  $this: GET_VAR 'dataclass_map: com.geinzz.geinzwork.data.model.localizate_geinz.dataclass_map declared in com.geinzz.geinzwork.ui.adapters.ui.pantallas.principal_ui.Mapa_perzonalizado_direccionesKt.dialogo_lugar_tienda' type=com.geinzz.geinzwork.data.model.localizate_geinz.dataclass_map origin=null
              VAR IR_TEMPORARY_VARIABLE name:tmp2_remember$arg$3 type:kotlin.Double [val]
                CALL 'public final fun <get-longitud> (): kotlin.Double declared in com.geinzz.geinzwork.data.model.localizate_geinz.dataclass_map' type=kotlin.Double origin=GET_PROPERTY
                  $this: GET_VAR 'dataclass_map: com.geinzz.geinzwork.data.model.localizate_geinz.dataclass_map declared in com.geinzz.geinzwork.ui.adapters.ui.pantallas.principal_ui.Mapa_perzonalizado_direccionesKt.dialogo_lugar_tienda' type=com.geinzz.geinzwork.data.model.localizate_geinz.dataclass_map origin=null
              BLOCK type=kotlin.Unit origin=null
                CALL 'public abstract fun startReplaceGroup (key: kotlin.Int): kotlin.Unit declared in androidx.compose.runtime.Composer' type=kotlin.Unit origin=null
                  $this: GET_VAR '$composer: androidx.compose.runtime.Composer? [assignable] declared in com.geinzz.geinzwork.ui.adapters.ui.pantallas.principal_ui.Mapa_perzonalizado_direccionesKt.dialogo_lugar_tienda' type=androidx.compose.runtime.Composer? origin=null
                  key: CONST Int type=kotlin.Int value=-1276128028
                CALL 'public final fun sourceInformation (composer: androidx.compose.runtime.Composer, sourceInformation: kotlin.String): kotlin.Unit declared in androidx.compose.runtime.ComposerKt' type=kotlin.Unit origin=null
                  composer: GET_VAR '$composer: androidx.compose.runtime.Composer? [assignable] declared in com.geinzz.geinzwork.ui.adapters.ui.pantallas.principal_ui.Mapa_perzonalizado_direccionesKt.dialogo_lugar_tienda' type=androidx.compose.runtime.Composer? origin=null
                  sourceInformation: CONST String type=kotlin.String value="CC(remember):mapa_perzonalizado_direcciones.kt#9igjgp"
              VAR IR_TEMPORARY_VARIABLE name:tmp3_group type:androidx.compose.runtime.State<kotlin.String> [val]
                CALL 'public final fun cache <T> (invalid: kotlin.Boolean, block: @[DisallowComposableCalls] kotlin.Function0<T of androidx.compose.runtime.ComposerKt.cache>): T of androidx.compose.runtime.ComposerKt.cache [inline] declared in androidx.compose.runtime.ComposerKt' type=androidx.compose.runtime.State<kotlin.String> origin=null
                  <T>: androidx.compose.runtime.State<kotlin.String>
                  $receiver: GET_VAR '$composer: androidx.compose.runtime.Composer? [assignable] declared in com.geinzz.geinzwork.ui.adapters.ui.pantallas.principal_ui.Mapa_perzonalizado_direccionesKt.dialogo_lugar_tienda' type=androidx.compose.runtime.Composer? origin=null
                  invalid: CALL 'public final fun or (other: kotlin.Boolean): kotlin.Boolean [infix] declared in kotlin.Boolean' type=kotlin.Boolean origin=null
                    $this: CALL 'public final fun or (other: kotlin.Boolean): kotlin.Boolean [infix] declared in kotlin.Boolean' type=kotlin.Boolean origin=null
                      $this: CALL 'public final fun or (other: kotlin.Boolean): kotlin.Boolean [infix] declared in kotlin.Boolean' type=kotlin.Boolean origin=null
                        $this: CALL 'public final fun EQEQ (arg0: kotlin.Any?, arg1: kotlin.Any?): kotlin.Boolean declared in kotlin.internal.ir' type=kotlin.Boolean origin=null
                          arg0: CALL 'public final fun and (other: kotlin.Int): kotlin.Int [infix] declared in kotlin.Int' type=kotlin.Int origin=null
                            $this: GET_VAR 'val $dirty: kotlin.Int [val] declared in com.geinzz.geinzwork.ui.adapters.ui.pantallas.principal_ui.Mapa_perzonalizado_direccionesKt.dialogo_lugar_tienda' type=kotlin.Int origin=null
                            other: CONST Int type=kotlin.Int value=896
                          arg1: CONST Int type=kotlin.Int value=256
                        other: CALL 'public final fun EQEQ (arg0: kotlin.Any?, arg1: kotlin.Any?): kotlin.Boolean declared in kotlin.internal.ir' type=kotlin.Boolean origin=null
                          arg0: CALL 'public final fun and (other: kotlin.Int): kotlin.Int [infix] declared in kotlin.Int' type=kotlin.Int origin=null
                            $this: GET_VAR 'val $dirty: kotlin.Int [val] declared in com.geinzz.geinzwork.ui.adapters.ui.pantallas.principal_ui.Mapa_perzonalizado_direccionesKt.dialogo_lugar_tienda' type=kotlin.Int origin=null
                            other: CONST Int type=kotlin.Int value=7168
                          arg1: CONST Int type=kotlin.Int value=2048
                      other: CALL 'public open fun changed (value: kotlin.Double): kotlin.Boolean declared in androidx.compose.runtime.Composer' type=kotlin.Boolean origin=null
                        $this: GET_VAR '$composer: androidx.compose.runtime.Composer? [assignable] declared in com.geinzz.geinzwork.ui.adapters.ui.pantallas.principal_ui.Mapa_perzonalizado_direccionesKt.dialogo_lugar_tienda' type=androidx.compose.runtime.Composer? origin=null
                        value: GET_VAR 'val tmp1_remember$arg$2: kotlin.Double [val] declared in com.geinzz.geinzwork.ui.adapters.ui.pantallas.principal_ui.Mapa_perzonalizado_direccionesKt.dialogo_lugar_tienda' type=kotlin.Double origin=null
                    other: CALL 'public open fun changed (value: kotlin.Double): kotlin.Boolean declared in androidx.compose.runtime.Composer' type=kotlin.Boolean origin=null
                      $this: GET_VAR '$composer: androidx.compose.runtime.Composer? [assignable] declared in com.geinzz.geinzwork.ui.adapters.ui.pantallas.principal_ui.Mapa_perzonalizado_direccionesKt.dialogo_lugar_tienda' type=androidx.compose.runtime.Composer? origin=null
                      value: GET_VAR 'val tmp2_remember$arg$3: kotlin.Double [val] declared in com.geinzz.geinzwork.ui.adapters.ui.pantallas.principal_ui.Mapa_perzonalizado_direccionesKt.dialogo_lugar_tienda' type=kotlin.Double origin=null
                  block: BLOCK type=kotlin.Function0<androidx.compose.runtime.State<kotlin.String>> origin=LAMBDA
                    COMPOSITE type=kotlin.Unit origin=null
                    FUNCTION_REFERENCE 'private final fun dialogo_lugar_tienda$lambda$146 ($lat_user: kotlin.Double, $log_user: kotlin.Double, $dataclass_map: com.geinzz.geinzwork.data.model.localizate_geinz.dataclass_map): androidx.compose.runtime.State<kotlin.String> declared in com.geinzz.geinzwork.ui.adapters.ui.pantallas.principal_ui.Mapa_perzonalizado_direccionesKt' type=kotlin.Function0<androidx.compose.runtime.State<kotlin.String>> origin=INLINE_LAMBDA reflectionTarget=null
                      $lat_user: GET_VAR 'lat_user: kotlin.Double declared in com.geinzz.geinzwork.ui.adapters.ui.pantallas.principal_ui.Mapa_perzonalizado_direccionesKt.dialogo_lugar_tienda' type=kotlin.Double origin=null
                      $log_user: GET_VAR 'log_user: kotlin.Double declared in com.geinzz.geinzwork.ui.adapters.ui.pantallas.principal_ui.Mapa_perzonalizado_direccionesKt.dialogo_lugar_tienda' type=kotlin.Double origin=null
                      $dataclass_map: GET_VAR 'dataclass_map: com.geinzz.geinzwork.data.model.localizate_geinz.dataclass_map declared in com.geinzz.geinzwork.ui.adapters.ui.pantallas.principal_ui.Mapa_perzonalizado_direccionesKt.dialogo_lugar_tienda' type=com.geinzz.geinzwork.data.model.localizate_geinz.dataclass_map origin=null
              CALL 'public abstract fun endReplaceGroup (): kotlin.Unit declared in androidx.compose.runtime.Composer' type=kotlin.Unit origin=null
                $this: GET_VAR '$composer: androidx.compose.runtime.Composer? [assignable] declared in com.geinzz.geinzwork.ui.adapters.ui.pantallas.principal_ui.Mapa_perzonalizado_direccionesKt.dialogo_lugar_tienda' type=androidx.compose.runtime.Composer? origin=null
              GET_VAR 'val tmp3_group: androidx.compose.runtime.State<kotlin.String> [val] declared in com.geinzz.geinzwork.ui.adapters.ui.pantallas.principal_ui.Mapa_perzonalizado_direccionesKt.dialogo_lugar_tienda' type=androidx.compose.runtime.State<kotlin.String> origin=null
          VAR PROPERTY_DELEGATE name:estadoKM$delegate type:androidx.compose.runtime.State<kotlin.Boolean> [val]
            CALL 'public final fun collectAsState <T, R> (initial: R of androidx.compose.runtime.SnapshotStateKt.collectAsState, context: kotlin.coroutines.CoroutineContext?, $composer: androidx.compose.runtime.Composer?, $changed: kotlin.Int, $default: kotlin.Int): androidx.compose.runtime.State<R of androidx.compose.runtime.SnapshotStateKt.collectAsState> declared in androidx.compose.runtime.SnapshotStateKt' type=androidx.compose.runtime.State<kotlin.Boolean> origin=null
              <T>: kotlin.Boolean
              <R>: kotlin.Boolean
              $receiver: CALL 'public final fun <get-estadoLocation> (): kotlinx.coroutines.flow.StateFlow<kotlin.Boolean> declared in com.geinzz.geinzwork.viewModels.viewmodel_mapa_personalizado' type=kotlinx.coroutines.flow.StateFlow<kotlin.Boolean> origin=GET_PROPERTY
                $this: GET_VAR 'viewmodelMapa: com.geinzz.geinzwork.viewModels.viewmodel_mapa_personalizado declared in com.geinzz.geinzwork.ui.adapters.ui.pantallas.principal_ui.Mapa_perzonalizado_direccionesKt.dialogo_lugar_tienda' type=com.geinzz.geinzwork.viewModels.viewmodel_mapa_personalizado origin=null
              initial: CONST Boolean type=kotlin.Boolean value=false
              context: COMPOSITE type=kotlin.Nothing? origin=DEFAULT_VALUE
                CONST Null type=kotlin.Nothing? value=null
              $composer: GET_VAR '$composer: androidx.compose.runtime.Composer? [assignable] declared in com.geinzz.geinzwork.ui.adapters.ui.pantallas.principal_ui.Mapa_perzonalizado_direccionesKt.dialogo_lugar_tienda' type=androidx.compose.runtime.Composer? origin=null
              $changed: CONST Int type=kotlin.Int value=48
              $default: CONST Int type=kotlin.Int value=2
          VAR PROPERTY_DELEGATE name:esta_cerca_tienda$delegate type:androidx.compose.runtime.State<kotlin.Boolean> [val]
            CALL 'public final fun collectAsState <T, R> (initial: R of androidx.compose.runtime.SnapshotStateKt.collectAsState, context: kotlin.coroutines.CoroutineContext?, $composer: androidx.compose.runtime.Composer?, $changed: kotlin.Int, $default: kotlin.Int): androidx.compose.runtime.State<R of androidx.compose.runtime.SnapshotStateKt.collectAsState> declared in androidx.compose.runtime.SnapshotStateKt' type=androidx.compose.runtime.State<kotlin.Boolean> origin=null
              <T>: kotlin.Boolean
              <R>: kotlin.Boolean
              $receiver: CALL 'public final fun <get-estaCercaTienda> (): kotlinx.coroutines.flow.StateFlow<kotlin.Boolean> declared in com.geinzz.geinzwork.viewModels.viewmodel_mapa_personalizado' type=kotlinx.coroutines.flow.StateFlow<kotlin.Boolean> origin=GET_PROPERTY
                $this: GET_VAR 'viewmodelMapa: com.geinzz.geinzwork.viewModels.viewmodel_mapa_personalizado declared in com.geinzz.geinzwork.ui.adapters.ui.pantallas.principal_ui.Mapa_perzonalizado_direccionesKt.dialogo_lugar_tienda' type=com.geinzz.geinzwork.viewModels.viewmodel_mapa_personalizado origin=null
              initial: CONST Boolean type=kotlin.Boolean value=false
              context: COMPOSITE type=kotlin.Nothing? origin=DEFAULT_VALUE
                CONST Null type=kotlin.Nothing? value=null
              $composer: GET_VAR '$composer: androidx.compose.runtime.Composer? [assignable] declared in com.geinzz.geinzwork.ui.adapters.ui.pantallas.principal_ui.Mapa_perzonalizado_direccionesKt.dialogo_lugar_tienda' type=androidx.compose.runtime.Composer? origin=null
              $changed: CONST Int type=kotlin.Int value=48
              $default: CONST Int type=kotlin.Int value=2
          CALL 'public final fun LaunchedEffect (key1: kotlin.Any?, block: @[ExtensionFunctionType] kotlin.coroutines.SuspendFunction1<kotlinx.coroutines.CoroutineScope, kotlin.Unit>, $composer: androidx.compose.runtime.Composer?, $changed: kotlin.Int): kotlin.Unit declared in androidx.compose.runtime.EffectsKt' type=kotlin.Unit origin=null
            key1: CALL 'private final fun dialogo_lugar_tienda$lambda$149 ($esta_cerca_tienda$delegate: androidx.compose.runtime.State<kotlin.Boolean>): kotlin.Boolean declared in com.geinzz.geinzwork.ui.adapters.ui.pantallas.principal_ui.Mapa_perzonalizado_direccionesKt' type=kotlin.Boolean origin=GET_LOCAL_PROPERTY
              $esta_cerca_tienda$delegate: GET_VAR 'val esta_cerca_tienda$delegate: androidx.compose.runtime.State<kotlin.Boolean> [val] declared in com.geinzz.geinzwork.ui.adapters.ui.pantallas.principal_ui.Mapa_perzonalizado_direccionesKt.dialogo_lugar_tienda' type=androidx.compose.runtime.State<kotlin.Boolean> origin=null
            block: BLOCK type=@[ExtensionFunctionType] kotlin.coroutines.SuspendFunction1<kotlinx.coroutines.CoroutineScope, kotlin.Unit> origin=null
              BLOCK type=kotlin.Unit origin=null
                CALL 'public abstract fun startReplaceGroup (key: kotlin.Int): kotlin.Unit declared in androidx.compose.runtime.Composer' type=kotlin.Unit origin=null
                  $this: GET_VAR '$composer: androidx.compose.runtime.Composer? [assignable] declared in com.geinzz.geinzwork.ui.adapters.ui.pantallas.principal_ui.Mapa_perzonalizado_direccionesKt.dialogo_lugar_tienda' type=androidx.compose.runtime.Composer? origin=null
                  key: CONST Int type=kotlin.Int value=-1276111648
                CALL 'public final fun sourceInformation (composer: androidx.compose.runtime.Composer, sourceInformation: kotlin.String): kotlin.Unit declared in androidx.compose.runtime.ComposerKt' type=kotlin.Unit origin=null
                  composer: GET_VAR '$composer: androidx.compose.runtime.Composer? [assignable] declared in com.geinzz.geinzwork.ui.adapters.ui.pantallas.principal_ui.Mapa_perzonalizado_direccionesKt.dialogo_lugar_tienda' type=androidx.compose.runtime.Composer? origin=null
                  sourceInformation: CONST String type=kotlin.String value="CC(remember):mapa_perzonalizado_direcciones.kt#9igjgp"
              VAR IR_TEMPORARY_VARIABLE name:tmp4_group type:@[ExtensionFunctionType] kotlin.coroutines.SuspendFunction1<kotlinx.coroutines.CoroutineScope, kotlin.Unit> [val]
                CALL 'public final fun cache <T> (invalid: kotlin.Boolean, block: @[DisallowComposableCalls] kotlin.Function0<T of androidx.compose.runtime.ComposerKt.cache>): T of androidx.compose.runtime.ComposerKt.cache [inline] declared in androidx.compose.runtime.ComposerKt' type=@[ExtensionFunctionType] kotlin.coroutines.SuspendFunction1<kotlinx.coroutines.CoroutineScope, kotlin.Unit> origin=null
                  <T>: @[ExtensionFunctionType] kotlin.coroutines.SuspendFunction1<kotlinx.coroutines.CoroutineScope, kotlin.Unit>
                  $receiver: GET_VAR '$composer: androidx.compose.runtime.Composer? [assignable] declared in com.geinzz.geinzwork.ui.adapters.ui.pantallas.principal_ui.Mapa_perzonalizado_direccionesKt.dialogo_lugar_tienda' type=androidx.compose.runtime.Composer? origin=null
                  invalid: CALL 'public final fun or (other: kotlin.Boolean): kotlin.Boolean [infix] declared in kotlin.Boolean' type=kotlin.Boolean origin=null
                    $this: CALL 'public abstract fun changed (value: kotlin.Any?): kotlin.Boolean declared in androidx.compose.runtime.Composer' type=kotlin.Boolean origin=null
                      $this: GET_VAR '$composer: androidx.compose.runtime.Composer? [assignable] declared in com.geinzz.geinzwork.ui.adapters.ui.pantallas.principal_ui.Mapa_perzonalizado_direccionesKt.dialogo_lugar_tienda' type=androidx.compose.runtime.Composer? origin=null
                      value: GET_VAR 'val esta_cerca_tienda$delegate: androidx.compose.runtime.State<kotlin.Boolean> [val] declared in com.geinzz.geinzwork.ui.adapters.ui.pantallas.principal_ui.Mapa_perzonalizado_direccionesKt.dialogo_lugar_tienda' type=androidx.compose.runtime.State<kotlin.Boolean> origin=null
                    other: CALL 'public open fun changedInstance (value: kotlin.Any?): kotlin.Boolean declared in androidx.compose.runtime.Composer' type=kotlin.Boolean origin=null
                      $this: GET_VAR '$composer: androidx.compose.runtime.Composer? [assignable] declared in com.geinzz.geinzwork.ui.adapters.ui.pantallas.principal_ui.Mapa_perzonalizado_direccionesKt.dialogo_lugar_tienda' type=androidx.compose.runtime.Composer? origin=null
                      value: GET_VAR 'val context: android.content.Context [val] declared in com.geinzz.geinzwork.ui.adapters.ui.pantallas.principal_ui.Mapa_perzonalizado_direccionesKt.dialogo_lugar_tienda' type=android.content.Context origin=null
                  block: BLOCK type=kotlin.Function0<@[ExtensionFunctionType] kotlin.coroutines.SuspendFunction1<kotlinx.coroutines.CoroutineScope, kotlin.Unit>> origin=LAMBDA
                    COMPOSITE type=kotlin.Unit origin=null
                    FUNCTION_REFERENCE 'private final fun dialogo_lugar_tienda$lambda$150 ($context: android.content.Context, $esta_cerca_tienda$delegate: androidx.compose.runtime.State<kotlin.Boolean>): @[ExtensionFunctionType] kotlin.coroutines.SuspendFunction1<kotlinx.coroutines.CoroutineScope, kotlin.Unit> declared in com.geinzz.geinzwork.ui.adapters.ui.pantallas.principal_ui.Mapa_perzonalizado_direccionesKt' type=kotlin.Function0<@[ExtensionFunctionType] kotlin.coroutines.SuspendFunction1<kotlinx.coroutines.CoroutineScope, kotlin.Unit>> origin=INLINE_LAMBDA reflectionTarget=null
                      $context: GET_VAR 'val context: android.content.Context [val] declared in com.geinzz.geinzwork.ui.adapters.ui.pantallas.principal_ui.Mapa_perzonalizado_direccionesKt.dialogo_lugar_tienda' type=android.content.Context origin=null
                      $esta_cerca_tienda$delegate: GET_VAR 'val esta_cerca_tienda$delegate: androidx.compose.runtime.State<kotlin.Boolean> [val] declared in com.geinzz.geinzwork.ui.adapters.ui.pantallas.principal_ui.Mapa_perzonalizado_direccionesKt.dialogo_lugar_tienda' type=androidx.compose.runtime.State<kotlin.Boolean> origin=null
              CALL 'public abstract fun endReplaceGroup (): kotlin.Unit declared in androidx.compose.runtime.Composer' type=kotlin.Unit origin=null
                $this: GET_VAR '$composer: androidx.compose.runtime.Composer? [assignable] declared in com.geinzz.geinzwork.ui.adapters.ui.pantallas.principal_ui.Mapa_perzonalizado_direccionesKt.dialogo_lugar_tienda' type=androidx.compose.runtime.Composer? origin=null
              GET_VAR 'val tmp4_group: @[ExtensionFunctionType] kotlin.coroutines.SuspendFunction1<kotlinx.coroutines.CoroutineScope, kotlin.Unit> [val] declared in com.geinzz.geinzwork.ui.adapters.ui.pantallas.principal_ui.Mapa_perzonalizado_direccionesKt.dialogo_lugar_tienda' type=@[ExtensionFunctionType] kotlin.coroutines.SuspendFunction1<kotlinx.coroutines.CoroutineScope, kotlin.Unit> origin=null
            $composer: GET_VAR '$composer: androidx.compose.runtime.Composer? [assignable] declared in com.geinzz.geinzwork.ui.adapters.ui.pantallas.principal_ui.Mapa_perzonalizado_direccionesKt.dialogo_lugar_tienda' type=androidx.compose.runtime.Composer? origin=null
            $changed: CONST Int type=kotlin.Int value=0
          CALL 'public final fun LaunchedEffect (key1: kotlin.Any?, key2: kotlin.Any?, block: @[ExtensionFunctionType] kotlin.coroutines.SuspendFunction1<kotlinx.coroutines.CoroutineScope, kotlin.Unit>, $composer: androidx.compose.runtime.Composer?, $changed: kotlin.Int): kotlin.Unit declared in androidx.compose.runtime.EffectsKt' type=kotlin.Unit origin=null
            key1: CALL 'public final fun <get-id> (): kotlin.String declared in com.geinzz.geinzwork.data.model.localizate_geinz.dataclass_map' type=kotlin.String origin=GET_PROPERTY
              $this: GET_VAR 'dataclass_map: com.geinzz.geinzwork.data.model.localizate_geinz.dataclass_map declared in com.geinzz.geinzwork.ui.adapters.ui.pantallas.principal_ui.Mapa_perzonalizado_direccionesKt.dialogo_lugar_tienda' type=com.geinzz.geinzwork.data.model.localizate_geinz.dataclass_map origin=null
            key2: CALL 'private final fun dialogo_lugar_tienda$lambda$148 ($estadoKM$delegate: androidx.compose.runtime.State<kotlin.Boolean>): kotlin.Boolean declared in com.geinzz.geinzwork.ui.adapters.ui.pantallas.principal_ui.Mapa_perzonalizado_direccionesKt' type=kotlin.Boolean origin=GET_LOCAL_PROPERTY
              $estadoKM$delegate: GET_VAR 'val estadoKM$delegate: androidx.compose.runtime.State<kotlin.Boolean> [val] declared in com.geinzz.geinzwork.ui.adapters.ui.pantallas.principal_ui.Mapa_perzonalizado_direccionesKt.dialogo_lugar_tienda' type=androidx.compose.runtime.State<kotlin.Boolean> origin=null
            block: BLOCK type=@[ExtensionFunctionType] kotlin.coroutines.SuspendFunction1<kotlinx.coroutines.CoroutineScope, kotlin.Unit> origin=null
              BLOCK type=kotlin.Unit origin=null
                CALL 'public abstract fun startReplaceGroup (key: kotlin.Int): kotlin.Unit declared in androidx.compose.runtime.Composer' type=kotlin.Unit origin=null
                  $this: GET_VAR '$composer: androidx.compose.runtime.Composer? [assignable] declared in com.geinzz.geinzwork.ui.adapters.ui.pantallas.principal_ui.Mapa_perzonalizado_direccionesKt.dialogo_lugar_tienda' type=androidx.compose.runtime.Composer? origin=null
                  key: CONST Int type=kotlin.Int value=-1276105557
                CALL 'public final fun sourceInformation (composer: androidx.compose.runtime.Composer, sourceInformation: kotlin.String): kotlin.Unit declared in androidx.compose.runtime.ComposerKt' type=kotlin.Unit origin=null
                  composer: GET_VAR '$composer: androidx.compose.runtime.Composer? [assignable] declared in com.geinzz.geinzwork.ui.adapters.ui.pantallas.principal_ui.Mapa_perzonalizado_direccionesKt.dialogo_lugar_tienda' type=androidx.compose.runtime.Composer? origin=null
                  sourceInformation: CONST String type=kotlin.String value="CC(remember):mapa_perzonalizado_direcciones.kt#9igjgp"
              VAR IR_TEMPORARY_VARIABLE name:tmp5_group type:@[ExtensionFunctionType] kotlin.coroutines.SuspendFunction1<kotlinx.coroutines.CoroutineScope, kotlin.Unit> [val]
                CALL 'public final fun cache <T> (invalid: kotlin.Boolean, block: @[DisallowComposableCalls] kotlin.Function0<T of androidx.compose.runtime.ComposerKt.cache>): T of androidx.compose.runtime.ComposerKt.cache [inline] declared in androidx.compose.runtime.ComposerKt' type=@[ExtensionFunctionType] kotlin.coroutines.SuspendFunction1<kotlinx.coroutines.CoroutineScope, kotlin.Unit> origin=null
                  <T>: @[ExtensionFunctionType] kotlin.coroutines.SuspendFunction1<kotlinx.coroutines.CoroutineScope, kotlin.Unit>
                  $receiver: GET_VAR '$composer: androidx.compose.runtime.Composer? [assignable] declared in com.geinzz.geinzwork.ui.adapters.ui.pantallas.principal_ui.Mapa_perzonalizado_direccionesKt.dialogo_lugar_tienda' type=androidx.compose.runtime.Composer? origin=null
                  invalid: CALL 'public final fun or (other: kotlin.Boolean): kotlin.Boolean [infix] declared in kotlin.Boolean' type=kotlin.Boolean origin=null
                    $this: CALL 'public final fun or (other: kotlin.Boolean): kotlin.Boolean [infix] declared in kotlin.Boolean' type=kotlin.Boolean origin=null
                      $this: CALL 'public abstract fun changed (value: kotlin.Any?): kotlin.Boolean declared in androidx.compose.runtime.Composer' type=kotlin.Boolean origin=null
                        $this: GET_VAR '$composer: androidx.compose.runtime.Composer? [assignable] declared in com.geinzz.geinzwork.ui.adapters.ui.pantallas.principal_ui.Mapa_perzonalizado_direccionesKt.dialogo_lugar_tienda' type=androidx.compose.runtime.Composer? origin=null
                        value: GET_VAR 'val estadoKM$delegate: androidx.compose.runtime.State<kotlin.Boolean> [val] declared in com.geinzz.geinzwork.ui.adapters.ui.pantallas.principal_ui.Mapa_perzonalizado_direccionesKt.dialogo_lugar_tienda' type=androidx.compose.runtime.State<kotlin.Boolean> origin=null
                      other: CALL 'public open fun changedInstance (value: kotlin.Any?): kotlin.Boolean declared in androidx.compose.runtime.Composer' type=kotlin.Boolean origin=null
                        $this: GET_VAR '$composer: androidx.compose.runtime.Composer? [assignable] declared in com.geinzz.geinzwork.ui.adapters.ui.pantallas.principal_ui.Mapa_perzonalizado_direccionesKt.dialogo_lugar_tienda' type=androidx.compose.runtime.Composer? origin=null
                        value: GET_VAR 'viewmodelMapa: com.geinzz.geinzwork.viewModels.viewmodel_mapa_personalizado declared in com.geinzz.geinzwork.ui.adapters.ui.pantallas.principal_ui.Mapa_perzonalizado_direccionesKt.dialogo_lugar_tienda' type=com.geinzz.geinzwork.viewModels.viewmodel_mapa_personalizado origin=null
                    other: CALL 'public open fun changedInstance (value: kotlin.Any?): kotlin.Boolean declared in androidx.compose.runtime.Composer' type=kotlin.Boolean origin=null
                      $this: GET_VAR '$composer: androidx.compose.runtime.Composer? [assignable] declared in com.geinzz.geinzwork.ui.adapters.ui.pantallas.principal_ui.Mapa_perzonalizado_direccionesKt.dialogo_lugar_tienda' type=androidx.compose.runtime.Composer? origin=null
                      value: GET_VAR 'dataclass_map: com.geinzz.geinzwork.data.model.localizate_geinz.dataclass_map declared in com.geinzz.geinzwork.ui.adapters.ui.pantallas.principal_ui.Mapa_perzonalizado_direccionesKt.dialogo_lugar_tienda' type=com.geinzz.geinzwork.data.model.localizate_geinz.dataclass_map origin=null
                  block: BLOCK type=kotlin.Function0<@[ExtensionFunctionType] kotlin.coroutines.SuspendFunction1<kotlinx.coroutines.CoroutineScope, kotlin.Unit>> origin=LAMBDA
                    COMPOSITE type=kotlin.Unit origin=null
                    FUNCTION_REFERENCE 'private final fun dialogo_lugar_tienda$lambda$151 ($viewmodelMapa: com.geinzz.geinzwork.viewModels.viewmodel_mapa_personalizado, $dataclass_map: com.geinzz.geinzwork.data.model.localizate_geinz.dataclass_map, $estadoKM$delegate: androidx.compose.runtime.State<kotlin.Boolean>): @[ExtensionFunctionType] kotlin.coroutines.SuspendFunction1<kotlinx.coroutines.CoroutineScope, kotlin.Unit> declared in com.geinzz.geinzwork.ui.adapters.ui.pantallas.principal_ui.Mapa_perzonalizado_direccionesKt' type=kotlin.Function0<@[ExtensionFunctionType] kotlin.coroutines.SuspendFunction1<kotlinx.coroutines.CoroutineScope, kotlin.Unit>> origin=INLINE_LAMBDA reflectionTarget=null
                      $viewmodelMapa: GET_VAR 'viewmodelMapa: com.geinzz.geinzwork.viewModels.viewmodel_mapa_personalizado declared in com.geinzz.geinzwork.ui.adapters.ui.pantallas.principal_ui.Mapa_perzonalizado_direccionesKt.dialogo_lugar_tienda' type=com.geinzz.geinzwork.viewModels.viewmodel_mapa_personalizado origin=null
                      $dataclass_map: GET_VAR 'dataclass_map: com.geinzz.geinzwork.data.model.localizate_geinz.dataclass_map declared in com.geinzz.geinzwork.ui.adapters.ui.pantallas.principal_ui.Mapa_perzonalizado_direccionesKt.dialogo_lugar_tienda' type=com.geinzz.geinzwork.data.model.localizate_geinz.dataclass_map origin=null
                      $estadoKM$delegate: GET_VAR 'val estadoKM$delegate: androidx.compose.runtime.State<kotlin.Boolean> [val] declared in com.geinzz.geinzwork.ui.adapters.ui.pantallas.principal_ui.Mapa_perzonalizado_direccionesKt.dialogo_lugar_tienda' type=androidx.compose.runtime.State<kotlin.Boolean> origin=null
              CALL 'public abstract fun endReplaceGroup (): kotlin.Unit declared in androidx.compose.runtime.Composer' type=kotlin.Unit origin=null
                $this: GET_VAR '$composer: androidx.compose.runtime.Composer? [assignable] declared in com.geinzz.geinzwork.ui.adapters.ui.pantallas.principal_ui.Mapa_perzonalizado_direccionesKt.dialogo_lugar_tienda' type=androidx.compose.runtime.Composer? origin=null
              GET_VAR 'val tmp5_group: @[ExtensionFunctionType] kotlin.coroutines.SuspendFunction1<kotlinx.coroutines.CoroutineScope, kotlin.Unit> [val] declared in com.geinzz.geinzwork.ui.adapters.ui.pantallas.principal_ui.Mapa_perzonalizado_direccionesKt.dialogo_lugar_tienda' type=@[ExtensionFunctionType] kotlin.coroutines.SuspendFunction1<kotlinx.coroutines.CoroutineScope, kotlin.Unit> origin=null
            $composer: GET_VAR '$composer: androidx.compose.runtime.Composer? [assignable] declared in com.geinzz.geinzwork.ui.adapters.ui.pantallas.principal_ui.Mapa_perzonalizado_direccionesKt.dialogo_lugar_tienda' type=androidx.compose.runtime.Composer? origin=null
            $changed: CONST Int type=kotlin.Int value=0
          VAR name:listate type:androidx.compose.foundation.lazy.LazyListState [val]
            CALL 'public final fun rememberLazyListState (initialFirstVisibleItemIndex: kotlin.Int, initialFirstVisibleItemScrollOffset: kotlin.Int, $composer: androidx.compose.runtime.Composer?, $changed: kotlin.Int, $default: kotlin.Int): androidx.compose.foundation.lazy.LazyListState declared in androidx.compose.foundation.lazy.LazyListStateKt' type=androidx.compose.foundation.lazy.LazyListState origin=null
              initialFirstVisibleItemIndex: COMPOSITE type=kotlin.Int origin=DEFAULT_VALUE
                CONST Int type=kotlin.Int value=0
              initialFirstVisibleItemScrollOffset: COMPOSITE type=kotlin.Int origin=DEFAULT_VALUE
                CONST Int type=kotlin.Int value=0
              $composer: GET_VAR '$composer: androidx.compose.runtime.Composer? [assignable] declared in com.geinzz.geinzwork.ui.adapters.ui.pantallas.principal_ui.Mapa_perzonalizado_direccionesKt.dialogo_lugar_tienda' type=androidx.compose.runtime.Composer? origin=null
              $changed: CONST Int type=kotlin.Int value=0
              $default: CONST Int type=kotlin.Int value=3
          VAR PROPERTY_DELEGATE name:showLeftShadow$delegate type:androidx.compose.runtime.State<kotlin.Boolean> [val]
            BLOCK type=androidx.compose.runtime.State<kotlin.Boolean> origin=null
              BLOCK type=kotlin.Unit origin=null
                CALL 'public abstract fun startReplaceGroup (key: kotlin.Int): kotlin.Unit declared in androidx.compose.runtime.Composer' type=kotlin.Unit origin=null
                  $this: GET_VAR '$composer: androidx.compose.runtime.Composer? [assignable] declared in com.geinzz.geinzwork.ui.adapters.ui.pantallas.principal_ui.Mapa_perzonalizado_direccionesKt.dialogo_lugar_tienda' type=androidx.compose.runtime.Composer? origin=null
                  key: CONST Int type=kotlin.Int value=-1276097491
                CALL 'public final fun sourceInformation (composer: androidx.compose.runtime.Composer, sourceInformation: kotlin.String): kotlin.Unit declared in androidx.compose.runtime.ComposerKt' type=kotlin.Unit origin=null
                  composer: GET_VAR '$composer: androidx.compose.runtime.Composer? [assignable] declared in com.geinzz.geinzwork.ui.adapters.ui.pantallas.principal_ui.Mapa_perzonalizado_direccionesKt.dialogo_lugar_tienda' type=androidx.compose.runtime.Composer? origin=null
                  sourceInformation: CONST String type=kotlin.String value="CC(remember):mapa_perzonalizado_direcciones.kt#9igjgp"
              VAR IR_TEMPORARY_VARIABLE name:tmp6_group type:androidx.compose.runtime.State<kotlin.Boolean> [val]
                CALL 'public final fun cache <T> (invalid: kotlin.Boolean, block: @[DisallowComposableCalls] kotlin.Function0<T of androidx.compose.runtime.ComposerKt.cache>): T of androidx.compose.runtime.ComposerKt.cache [inline] declared in androidx.compose.runtime.ComposerKt' type=androidx.compose.runtime.State<kotlin.Boolean> origin=null
                  <T>: androidx.compose.runtime.State<kotlin.Boolean>
                  $receiver: GET_VAR '$composer: androidx.compose.runtime.Composer? [assignable] declared in com.geinzz.geinzwork.ui.adapters.ui.pantallas.principal_ui.Mapa_perzonalizado_direccionesKt.dialogo_lugar_tienda' type=androidx.compose.runtime.Composer? origin=null
                  invalid: CONST Boolean type=kotlin.Boolean value=false
                  block: BLOCK type=kotlin.Function0<androidx.compose.runtime.State<kotlin.Boolean>> origin=LAMBDA
                    COMPOSITE type=kotlin.Unit origin=null
                    FUNCTION_REFERENCE 'private final fun dialogo_lugar_tienda$lambda$153 ($listate: androidx.compose.foundation.lazy.LazyListState): androidx.compose.runtime.State<kotlin.Boolean> declared in com.geinzz.geinzwork.ui.adapters.ui.pantallas.principal_ui.Mapa_perzonalizado_direccionesKt' type=kotlin.Function0<androidx.compose.runtime.State<kotlin.Boolean>> origin=INLINE_LAMBDA reflectionTarget=null
                      $listate: GET_VAR 'val listate: androidx.compose.foundation.lazy.LazyListState [val] declared in com.geinzz.geinzwork.ui.adapters.ui.pantallas.principal_ui.Mapa_perzonalizado_direccionesKt.dialogo_lugar_tienda' type=androidx.compose.foundation.lazy.LazyListState origin=null
              CALL 'public abstract fun endReplaceGroup (): kotlin.Unit declared in androidx.compose.runtime.Composer' type=kotlin.Unit origin=null
                $this: GET_VAR '$composer: androidx.compose.runtime.Composer? [assignable] declared in com.geinzz.geinzwork.ui.adapters.ui.pantallas.principal_ui.Mapa_perzonalizado_direccionesKt.dialogo_lugar_tienda' type=androidx.compose.runtime.Composer? origin=null
              GET_VAR 'val tmp6_group: androidx.compose.runtime.State<kotlin.Boolean> [val] declared in com.geinzz.geinzwork.ui.adapters.ui.pantallas.principal_ui.Mapa_perzonalizado_direccionesKt.dialogo_lugar_tienda' type=androidx.compose.runtime.State<kotlin.Boolean> origin=null
          VAR PROPERTY_DELEGATE name:showRightShadow$delegate type:androidx.compose.runtime.State<kotlin.Boolean> [val]
            BLOCK type=androidx.compose.runtime.State<kotlin.Boolean> origin=null
              BLOCK type=kotlin.Unit origin=null
                CALL 'public abstract fun startReplaceGroup (key: kotlin.Int): kotlin.Unit declared in androidx.compose.runtime.Composer' type=kotlin.Unit origin=null
                  $this: GET_VAR '$composer: androidx.compose.runtime.Composer? [assignable] declared in com.geinzz.geinzwork.ui.adapters.ui.pantallas.principal_ui.Mapa_perzonalizado_direccionesKt.dialogo_lugar_tienda' type=androidx.compose.runtime.Composer? origin=null
                  key: CONST Int type=kotlin.Int value=-1276092589
                CALL 'public final fun sourceInformation (composer: androidx.compose.runtime.Composer, sourceInformation: kotlin.String): kotlin.Unit declared in androidx.compose.runtime.ComposerKt' type=kotlin.Unit origin=null
                  composer: GET_VAR '$composer: androidx.compose.runtime.Composer? [assignable] declared in com.geinzz.geinzwork.ui.adapters.ui.pantallas.principal_ui.Mapa_perzonalizado_direccionesKt.dialogo_lugar_tienda' type=androidx.compose.runtime.Composer? origin=null
                  sourceInformation: CONST String type=kotlin.String value="CC(remember):mapa_perzonalizado_direcciones.kt#9igjgp"
              VAR IR_TEMPORARY_VARIABLE name:tmp7_group type:androidx.compose.runtime.State<kotlin.Boolean> [val]
                CALL 'public final fun cache <T> (invalid: kotlin.Boolean, block: @[DisallowComposableCalls] kotlin.Function0<T of androidx.compose.runtime.ComposerKt.cache>): T of androidx.compose.runtime.ComposerKt.cache [inline] declared in androidx.compose.runtime.ComposerKt' type=androidx.compose.runtime.State<kotlin.Boolean> origin=null
                  <T>: androidx.compose.runtime.State<kotlin.Boolean>
                  $receiver: GET_VAR '$composer: androidx.compose.runtime.Composer? [assignable] declared in com.geinzz.geinzwork.ui.adapters.ui.pantallas.principal_ui.Mapa_perzonalizado_direccionesKt.dialogo_lugar_tienda' type=androidx.compose.runtime.Composer? origin=null
                  invalid: CONST Boolean type=kotlin.Boolean value=false
                  block: BLOCK type=kotlin.Function0<androidx.compose.runtime.State<kotlin.Boolean>> origin=LAMBDA
                    COMPOSITE type=kotlin.Unit origin=null
                    FUNCTION_REFERENCE 'private final fun dialogo_lugar_tienda$lambda$156 ($listate: androidx.compose.foundation.lazy.LazyListState): androidx.compose.runtime.State<kotlin.Boolean> declared in com.geinzz.geinzwork.ui.adapters.ui.pantallas.principal_ui.Mapa_perzonalizado_direccionesKt' type=kotlin.Function0<androidx.compose.runtime.State<kotlin.Boolean>> origin=INLINE_LAMBDA reflectionTarget=null
                      $listate: GET_VAR 'val listate: androidx.compose.foundation.lazy.LazyListState [val] declared in com.geinzz.geinzwork.ui.adapters.ui.pantallas.principal_ui.Mapa_perzonalizado_direccionesKt.dialogo_lugar_tienda' type=androidx.compose.foundation.lazy.LazyListState origin=null
              CALL 'public abstract fun endReplaceGroup (): kotlin.Unit declared in androidx.compose.runtime.Composer' type=kotlin.Unit origin=null
                $this: GET_VAR '$composer: androidx.compose.runtime.Composer? [assignable] declared in com.geinzz.geinzwork.ui.adapters.ui.pantallas.principal_ui.Mapa_perzonalizado_direccionesKt.dialogo_lugar_tienda' type=androidx.compose.runtime.Composer? origin=null
              GET_VAR 'val tmp7_group: androidx.compose.runtime.State<kotlin.Boolean> [val] declared in com.geinzz.geinzwork.ui.adapters.ui.pantallas.principal_ui.Mapa_perzonalizado_direccionesKt.dialogo_lugar_tienda' type=androidx.compose.runtime.State<kotlin.Boolean> origin=null
          VAR PROPERTY_DELEGATE name:alphaLeft$delegate type:androidx.compose.runtime.State<kotlin.Float> [val]
            CALL 'public final fun animateFloatAsState (targetValue: kotlin.Float, animationSpec: androidx.compose.animation.core.AnimationSpec<kotlin.Float>?, visibilityThreshold: kotlin.Float, label: kotlin.String?, finishedListener: kotlin.Function1<kotlin.Float, kotlin.Unit>?, $composer: androidx.compose.runtime.Composer?, $changed: kotlin.Int, $default: kotlin.Int): androidx.compose.runtime.State<kotlin.Float> declared in androidx.compose.animation.core.AnimateAsStateKt' type=androidx.compose.runtime.State<kotlin.Float> origin=null
              targetValue: WHEN type=kotlin.Float origin=IF
                BRANCH
                  if: CALL 'private final fun dialogo_lugar_tienda$lambda$154 ($showLeftShadow$delegate: androidx.compose.runtime.State<kotlin.Boolean>): kotlin.Boolean declared in com.geinzz.geinzwork.ui.adapters.ui.pantallas.principal_ui.Mapa_perzonalizado_direccionesKt' type=kotlin.Boolean origin=GET_LOCAL_PROPERTY
                    $showLeftShadow$delegate: GET_VAR 'val showLeftShadow$delegate: androidx.compose.runtime.State<kotlin.Boolean> [val] declared in com.geinzz.geinzwork.ui.adapters.ui.pantallas.principal_ui.Mapa_perzonalizado_direccionesKt.dialogo_lugar_tienda' type=androidx.compose.runtime.State<kotlin.Boolean> origin=null
                  then: CONST Float type=kotlin.Float value=1.0
                BRANCH
                  if: CONST Boolean type=kotlin.Boolean value=true
                  then: CONST Float type=kotlin.Float value=0.0
              animationSpec: TYPE_OP type=androidx.compose.animation.core.TweenSpec<kotlin.Float> origin=IMPLICIT_CAST typeOperand=androidx.compose.animation.core.TweenSpec<kotlin.Float>
                CALL 'public final fun tween$default <T> (durationMillis: kotlin.Int, delayMillis: kotlin.Int, easing: androidx.compose.animation.core.Easing?, $mask0: kotlin.Int, $handler: kotlin.Any?): androidx.compose.animation.core.TweenSpec<T of androidx.compose.animation.core.AnimationSpecKt.tween$default> declared in androidx.compose.animation.core.AnimationSpecKt' type=androidx.compose.animation.core.TweenSpec<T of androidx.compose.animation.core.AnimationSpecKt.tween$default> origin=DEFAULT_DISPATCH_CALL
                  <T>: kotlin.Float
                  durationMillis: CONST Int type=kotlin.Int value=400
                  delayMillis: COMPOSITE type=kotlin.Int origin=DEFAULT_VALUE
                    CONST Int type=kotlin.Int value=0
                  easing: COMPOSITE type=androidx.compose.animation.core.Easing? origin=DEFAULT_VALUE
                    CONST Null type=androidx.compose.animation.core.Easing? value=null
                  $mask0: CONST Int type=kotlin.Int value=6
                  $handler: CONST Null type=kotlin.Any? value=null
              visibilityThreshold: COMPOSITE type=kotlin.Float origin=DEFAULT_VALUE
                CONST Float type=kotlin.Float value=0.0
              label: CONST String type=kotlin.String value="alphaLeft"
              finishedListener: COMPOSITE type=kotlin.Nothing? origin=DEFAULT_VALUE
                CONST Null type=kotlin.Nothing? value=null
              $composer: GET_VAR '$composer: androidx.compose.runtime.Composer? [assignable] declared in com.geinzz.geinzwork.ui.adapters.ui.pantallas.principal_ui.Mapa_perzonalizado_direccionesKt.dialogo_lugar_tienda' type=androidx.compose.runtime.Composer? origin=null
              $changed: CONST Int type=kotlin.Int value=3120
              $default: CONST Int type=kotlin.Int value=20
          VAR PROPERTY_DELEGATE name:alphaRight$delegate type:androidx.compose.runtime.State<kotlin.Float> [val]
            CALL 'public final fun animateFloatAsState (targetValue: kotlin.Float, animationSpec: androidx.compose.animation.core.AnimationSpec<kotlin.Float>?, visibilityThreshold: kotlin.Float, label: kotlin.String?, finishedListener: kotlin.Function1<kotlin.Float, kotlin.Unit>?, $composer: androidx.compose.runtime.Composer?, $changed: kotlin.Int, $default: kotlin.Int): androidx.compose.runtime.State<kotlin.Float> declared in androidx.compose.animation.core.AnimateAsStateKt' type=androidx.compose.runtime.State<kotlin.Float> origin=null
              targetValue: WHEN type=kotlin.Float origin=IF
                BRANCH
                  if: CALL 'private final fun dialogo_lugar_tienda$lambda$157 ($showRightShadow$delegate: androidx.compose.runtime.State<kotlin.Boolean>): kotlin.Boolean declared in com.geinzz.geinzwork.ui.adapters.ui.pantallas.principal_ui.Mapa_perzonalizado_direccionesKt' type=kotlin.Boolean origin=GET_LOCAL_PROPERTY
                    $showRightShadow$delegate: GET_VAR 'val showRightShadow$delegate: androidx.compose.runtime.State<kotlin.Boolean> [val] declared in com.geinzz.geinzwork.ui.adapters.ui.pantallas.principal_ui.Mapa_perzonalizado_direccionesKt.dialogo_lugar_tienda' type=androidx.compose.runtime.State<kotlin.Boolean> origin=null
                  then: CONST Float type=kotlin.Float value=1.0
                BRANCH
                  if: CONST Boolean type=kotlin.Boolean value=true
                  then: CONST Float type=kotlin.Float value=0.0
              animationSpec: TYPE_OP type=androidx.compose.animation.core.TweenSpec<kotlin.Float> origin=IMPLICIT_CAST typeOperand=androidx.compose.animation.core.TweenSpec<kotlin.Float>
                CALL 'public final fun tween$default <T> (durationMillis: kotlin.Int, delayMillis: kotlin.Int, easing: androidx.compose.animation.core.Easing?, $mask0: kotlin.Int, $handler: kotlin.Any?): androidx.compose.animation.core.TweenSpec<T of androidx.compose.animation.core.AnimationSpecKt.tween$default> declared in androidx.compose.animation.core.AnimationSpecKt' type=androidx.compose.animation.core.TweenSpec<T of androidx.compose.animation.core.AnimationSpecKt.tween$default> origin=DEFAULT_DISPATCH_CALL
                  <T>: kotlin.Float
                  durationMillis: CONST Int type=kotlin.Int value=400
                  delayMillis: COMPOSITE type=kotlin.Int origin=DEFAULT_VALUE
                    CONST Int type=kotlin.Int value=0
                  easing: COMPOSITE type=androidx.compose.animation.core.Easing? origin=DEFAULT_VALUE
                    CONST Null type=androidx.compose.animation.core.Easing? value=null
                  $mask0: CONST Int type=kotlin.Int value=6
                  $handler: CONST Null type=kotlin.Any? value=null
              visibilityThreshold: COMPOSITE type=kotlin.Float origin=DEFAULT_VALUE
                CONST Float type=kotlin.Float value=0.0
              label: CONST String type=kotlin.String value="alphaRight"
              finishedListener: COMPOSITE type=kotlin.Nothing? origin=DEFAULT_VALUE
                CONST Null type=kotlin.Nothing? value=null
              $composer: GET_VAR '$composer: androidx.compose.runtime.Composer? [assignable] declared in com.geinzz.geinzwork.ui.adapters.ui.pantallas.principal_ui.Mapa_perzonalizado_direccionesKt.dialogo_lugar_tienda' type=androidx.compose.runtime.Composer? origin=null
              $changed: CONST Int type=kotlin.Int value=3120
              $default: CONST Int type=kotlin.Int value=20
          CALL 'public final fun LaunchedEffect (key1: kotlin.Any?, block: @[ExtensionFunctionType] kotlin.coroutines.SuspendFunction1<kotlinx.coroutines.CoroutineScope, kotlin.Unit>, $composer: androidx.compose.runtime.Composer?, $changed: kotlin.Int): kotlin.Unit declared in androidx.compose.runtime.EffectsKt' type=kotlin.Unit origin=null
            key1: CALL 'private final fun dialogo_lugar_tienda$lambda$144 ($gpsActivo$delegate: androidx.compose.runtime.State<kotlin.Boolean>): kotlin.Boolean declared in com.geinzz.geinzwork.ui.adapters.ui.pantallas.principal_ui.Mapa_perzonalizado_direccionesKt' type=kotlin.Boolean origin=GET_LOCAL_PROPERTY
              $gpsActivo$delegate: GET_VAR 'val gpsActivo$delegate: androidx.compose.runtime.State<kotlin.Boolean> [val] declared in com.geinzz.geinzwork.ui.adapters.ui.pantallas.principal_ui.Mapa_perzonalizado_direccionesKt.dialogo_lugar_tienda' type=androidx.compose.runtime.State<kotlin.Boolean> origin=null
            block: BLOCK type=@[ExtensionFunctionType] kotlin.coroutines.SuspendFunction1<kotlinx.coroutines.CoroutineScope, kotlin.Unit> origin=null
              BLOCK type=kotlin.Unit origin=null
                CALL 'public abstract fun startReplaceGroup (key: kotlin.Int): kotlin.Unit declared in androidx.compose.runtime.Composer' type=kotlin.Unit origin=null
                  $this: GET_VAR '$composer: androidx.compose.runtime.Composer? [assignable] declared in com.geinzz.geinzwork.ui.adapters.ui.pantallas.principal_ui.Mapa_perzonalizado_direccionesKt.dialogo_lugar_tienda' type=androidx.compose.runtime.Composer? origin=null
                  key: CONST Int type=kotlin.Int value=-1276073344
                CALL 'public final fun sourceInformation (composer: androidx.compose.runtime.Composer, sourceInformation: kotlin.String): kotlin.Unit declared in androidx.compose.runtime.ComposerKt' type=kotlin.Unit origin=null
                  composer: GET_VAR '$composer: androidx.compose.runtime.Composer? [assignable] declared in com.geinzz.geinzwork.ui.adapters.ui.pantallas.principal_ui.Mapa_perzonalizado_direccionesKt.dialogo_lugar_tienda' type=androidx.compose.runtime.Composer? origin=null
                  sourceInformation: CONST String type=kotlin.String value="CC(remember):mapa_perzonalizado_direcciones.kt#9igjgp"
              VAR IR_TEMPORARY_VARIABLE name:tmp8_group type:@[ExtensionFunctionType] kotlin.coroutines.SuspendFunction1<kotlinx.coroutines.CoroutineScope, kotlin.Unit> [val]
                CALL 'public final fun cache <T> (invalid: kotlin.Boolean, block: @[DisallowComposableCalls] kotlin.Function0<T of androidx.compose.runtime.ComposerKt.cache>): T of androidx.compose.runtime.ComposerKt.cache [inline] declared in androidx.compose.runtime.ComposerKt' type=@[ExtensionFunctionType] kotlin.coroutines.SuspendFunction1<kotlinx.coroutines.CoroutineScope, kotlin.Unit> origin=null
                  <T>: @[ExtensionFunctionType] kotlin.coroutines.SuspendFunction1<kotlinx.coroutines.CoroutineScope, kotlin.Unit>
                  $receiver: GET_VAR '$composer: androidx.compose.runtime.Composer? [assignable] declared in com.geinzz.geinzwork.ui.adapters.ui.pantallas.principal_ui.Mapa_perzonalizado_direccionesKt.dialogo_lugar_tienda' type=androidx.compose.runtime.Composer? origin=null
                  invalid: CALL 'public final fun or (other: kotlin.Boolean): kotlin.Boolean [infix] declared in kotlin.Boolean' type=kotlin.Boolean origin=null
                    $this: CALL 'public final fun or (other: kotlin.Boolean): kotlin.Boolean [infix] declared in kotlin.Boolean' type=kotlin.Boolean origin=null
                      $this: CALL 'public abstract fun changed (value: kotlin.Any?): kotlin.Boolean declared in androidx.compose.runtime.Composer' type=kotlin.Boolean origin=null
                        $this: GET_VAR '$composer: androidx.compose.runtime.Composer? [assignable] declared in com.geinzz.geinzwork.ui.adapters.ui.pantallas.principal_ui.Mapa_perzonalizado_direccionesKt.dialogo_lugar_tienda' type=androidx.compose.runtime.Composer? origin=null
                        value: GET_VAR 'val gpsActivo$delegate: androidx.compose.runtime.State<kotlin.Boolean> [val] declared in com.geinzz.geinzwork.ui.adapters.ui.pantallas.principal_ui.Mapa_perzonalizado_direccionesKt.dialogo_lugar_tienda' type=androidx.compose.runtime.State<kotlin.Boolean> origin=null
                      other: CALL 'public open fun changedInstance (value: kotlin.Any?): kotlin.Boolean declared in androidx.compose.runtime.Composer' type=kotlin.Boolean origin=null
                        $this: GET_VAR '$composer: androidx.compose.runtime.Composer? [assignable] declared in com.geinzz.geinzwork.ui.adapters.ui.pantallas.principal_ui.Mapa_perzonalizado_direccionesKt.dialogo_lugar_tienda' type=androidx.compose.runtime.Composer? origin=null
                        value: GET_VAR 'dataclass_map: com.geinzz.geinzwork.data.model.localizate_geinz.dataclass_map declared in com.geinzz.geinzwork.ui.adapters.ui.pantallas.principal_ui.Mapa_perzonalizado_direccionesKt.dialogo_lugar_tienda' type=com.geinzz.geinzwork.data.model.localizate_geinz.dataclass_map origin=null
                    other: CALL 'public final fun EQEQ (arg0: kotlin.Any?, arg1: kotlin.Any?): kotlin.Boolean declared in kotlin.internal.ir' type=kotlin.Boolean origin=null
                      arg0: CALL 'public final fun and (other: kotlin.Int): kotlin.Int [infix] declared in kotlin.Int' type=kotlin.Int origin=null
                        $this: GET_VAR 'val $dirty: kotlin.Int [val] declared in com.geinzz.geinzwork.ui.adapters.ui.pantallas.principal_ui.Mapa_perzonalizado_direccionesKt.dialogo_lugar_tienda' type=kotlin.Int origin=null
                        other: CONST Int type=kotlin.Int value=1879048192
                      arg1: CONST Int type=kotlin.Int value=536870912
                  block: BLOCK type=kotlin.Function0<@[ExtensionFunctionType] kotlin.coroutines.SuspendFunction1<kotlinx.coroutines.CoroutineScope, kotlin.Unit>> origin=LAMBDA
                    COMPOSITE type=kotlin.Unit origin=null
                    FUNCTION_REFERENCE 'private final fun dialogo_lugar_tienda$lambda$160 ($dataclass_map: com.geinzz.geinzwork.data.model.localizate_geinz.dataclass_map, $actualizar: kotlin.Function0<kotlin.Unit>, $gpsActivo$delegate: androidx.compose.runtime.State<kotlin.Boolean>): @[ExtensionFunctionType] kotlin.coroutines.SuspendFunction1<kotlinx.coroutines.CoroutineScope, kotlin.Unit> declared in com.geinzz.geinzwork.ui.adapters.ui.pantallas.principal_ui.Mapa_perzonalizado_direccionesKt' type=kotlin.Function0<@[ExtensionFunctionType] kotlin.coroutines.SuspendFunction1<kotlinx.coroutines.CoroutineScope, kotlin.Unit>> origin=INLINE_LAMBDA reflectionTarget=null
                      $dataclass_map: GET_VAR 'dataclass_map: com.geinzz.geinzwork.data.model.localizate_geinz.dataclass_map declared in com.geinzz.geinzwork.ui.adapters.ui.pantallas.principal_ui.Mapa_perzonalizado_direccionesKt.dialogo_lugar_tienda' type=com.geinzz.geinzwork.data.model.localizate_geinz.dataclass_map origin=null
                      $actualizar: GET_VAR 'actualizar: kotlin.Function0<kotlin.Unit> declared in com.geinzz.geinzwork.ui.adapters.ui.pantallas.principal_ui.Mapa_perzonalizado_direccionesKt.dialogo_lugar_tienda' type=kotlin.Function0<kotlin.Unit> origin=null
                      $gpsActivo$delegate: GET_VAR 'val gpsActivo$delegate: androidx.compose.runtime.State<kotlin.Boolean> [val] declared in com.geinzz.geinzwork.ui.adapters.ui.pantallas.principal_ui.Mapa_perzonalizado_direccionesKt.dialogo_lugar_tienda' type=androidx.compose.runtime.State<kotlin.Boolean> origin=null
              CALL 'public abstract fun endReplaceGroup (): kotlin.Unit declared in androidx.compose.runtime.Composer' type=kotlin.Unit origin=null
                $this: GET_VAR '$composer: androidx.compose.runtime.Composer? [assignable] declared in com.geinzz.geinzwork.ui.adapters.ui.pantallas.principal_ui.Mapa_perzonalizado_direccionesKt.dialogo_lugar_tienda' type=androidx.compose.runtime.Composer? origin=null
              GET_VAR 'val tmp8_group: @[ExtensionFunctionType] kotlin.coroutines.SuspendFunction1<kotlinx.coroutines.CoroutineScope, kotlin.Unit> [val] declared in com.geinzz.geinzwork.ui.adapters.ui.pantallas.principal_ui.Mapa_perzonalizado_direccionesKt.dialogo_lugar_tienda' type=@[ExtensionFunctionType] kotlin.coroutines.SuspendFunction1<kotlinx.coroutines.CoroutineScope, kotlin.Unit> origin=null
            $composer: GET_VAR '$composer: androidx.compose.runtime.Composer? [assignable] declared in com.geinzz.geinzwork.ui.adapters.ui.pantallas.principal_ui.Mapa_perzonalizado_direccionesKt.dialogo_lugar_tienda' type=androidx.compose.runtime.Composer? origin=null
            $changed: CONST Int type=kotlin.Int value=0
          VAR name:cornerShape type:androidx.compose.foundation.shape.RoundedCornerShape [val]
            WHEN type=androidx.compose.foundation.shape.RoundedCornerShape origin=IF
              BRANCH
                if: GET_VAR 'boxVisible: kotlin.Boolean declared in com.geinzz.geinzwork.ui.adapters.ui.pantallas.principal_ui.Mapa_perzonalizado_direccionesKt.dialogo_lugar_tienda' type=kotlin.Boolean origin=null
                then: BLOCK type=androidx.compose.foundation.shape.RoundedCornerShape origin=null
                  CALL 'public final fun RoundedCornerShape-a9UjIt4$default (topStart: androidx.compose.ui.unit.Dp, topEnd: androidx.compose.ui.unit.Dp, bottomEnd: androidx.compose.ui.unit.Dp, bottomStart: androidx.compose.ui.unit.Dp, $mask0: kotlin.Int, $handler: kotlin.Any?): androidx.compose.foundation.shape.RoundedCornerShape declared in androidx.compose.foundation.shape.RoundedCornerShapeKt' type=androidx.compose.foundation.shape.RoundedCornerShape origin=DEFAULT_DISPATCH_CALL
                    topStart: COMPOSITE type=androidx.compose.ui.unit.Dp origin=DEFAULT_VALUE
                      CALL 'public final fun <unsafe-coerce> <T, R> (v: T of kotlin.jvm.internal.<unsafe-coerce>): R of kotlin.jvm.internal.<unsafe-coerce> declared in kotlin.jvm.internal' type=androidx.compose.ui.unit.Dp origin=null
                        <T>: kotlin.Float
                        <R>: androidx.compose.ui.unit.Dp
                        v: CONST Float type=kotlin.Float value=0.0
                    topEnd: CALL 'public final fun <get-dp> (): androidx.compose.ui.unit.Dp [inline] declared in androidx.compose.ui.unit.DpKt' type=androidx.compose.ui.unit.Dp origin=GET_PROPERTY
                      $receiver: CONST Int type=kotlin.Int value=0
                    bottomEnd: CALL 'public final fun <get-dp> (): androidx.compose.ui.unit.Dp [inline] declared in androidx.compose.ui.unit.DpKt' type=androidx.compose.ui.unit.Dp origin=GET_PROPERTY
                      $receiver: CONST Int type=kotlin.Int value=0
                    bottomStart: COMPOSITE type=androidx.compose.ui.unit.Dp origin=DEFAULT_VALUE
                      CALL 'public final fun <unsafe-coerce> <T, R> (v: T of kotlin.jvm.internal.<unsafe-coerce>): R of kotlin.jvm.internal.<unsafe-coerce> declared in kotlin.jvm.internal' type=androidx.compose.ui.unit.Dp origin=null
                        <T>: kotlin.Float
                        <R>: androidx.compose.ui.unit.Dp
                        v: CONST Float type=kotlin.Float value=0.0
                    $mask0: CONST Int type=kotlin.Int value=9
                    $handler: CONST Null type=kotlin.Any? value=null
              BRANCH
                if: CONST Boolean type=kotlin.Boolean value=true
                then: BLOCK type=androidx.compose.foundation.shape.RoundedCornerShape origin=null
                  CALL 'public final fun RoundedCornerShape-a9UjIt4 (topStart: androidx.compose.ui.unit.Dp, topEnd: androidx.compose.ui.unit.Dp, bottomEnd: androidx.compose.ui.unit.Dp, bottomStart: androidx.compose.ui.unit.Dp): androidx.compose.foundation.shape.RoundedCornerShape declared in androidx.compose.foundation.shape.RoundedCornerShapeKt' type=androidx.compose.foundation.shape.RoundedCornerShape origin=null
                    topStart: CALL 'public final fun <get-dp> (): androidx.compose.ui.unit.Dp [inline] declared in androidx.compose.ui.unit.DpKt' type=androidx.compose.ui.unit.Dp origin=GET_PROPERTY
                      $receiver: CONST Int type=kotlin.Int value=10
                    topEnd: CALL 'public final fun <get-dp> (): androidx.compose.ui.unit.Dp [inline] declared in androidx.compose.ui.unit.DpKt' type=androidx.compose.ui.unit.Dp origin=GET_PROPERTY
                      $receiver: CONST Int type=kotlin.Int value=10
                    bottomEnd: CALL 'public final fun <get-dp> (): androidx.compose.ui.unit.Dp [inline] declared in androidx.compose.ui.unit.DpKt' type=androidx.compose.ui.unit.Dp origin=GET_PROPERTY
                      $receiver: CONST Int type=kotlin.Int value=0
                    bottomStart: CALL 'public final fun <get-dp> (): androidx.compose.ui.unit.Dp [inline] declared in androidx.compose.ui.unit.DpKt' type=androidx.compose.ui.unit.Dp origin=GET_PROPERTY
                      $receiver: CONST Int type=kotlin.Int value=0
          VAR name:cornerShap2 type:androidx.compose.foundation.shape.RoundedCornerShape [val]
            WHEN type=androidx.compose.foundation.shape.RoundedCornerShape origin=IF
              BRANCH
                if: CALL 'public final fun not (): kotlin.Boolean [operator] declared in kotlin.Boolean' type=kotlin.Boolean origin=null
                  $this: GET_VAR 'boxVisible: kotlin.Boolean declared in com.geinzz.geinzwork.ui.adapters.ui.pantallas.principal_ui.Mapa_perzonalizado_direccionesKt.dialogo_lugar_tienda' type=kotlin.Boolean origin=null
                then: BLOCK type=androidx.compose.foundation.shape.RoundedCornerShape origin=null
                  CALL 'public final fun RoundedCornerShape-a9UjIt4 (topStart: androidx.compose.ui.unit.Dp, topEnd: androidx.compose.ui.unit.Dp, bottomEnd: androidx.compose.ui.unit.Dp, bottomStart: androidx.compose.ui.unit.Dp): androidx.compose.foundation.shape.RoundedCornerShape declared in androidx.compose.foundation.shape.RoundedCornerShapeKt' type=androidx.compose.foundation.shape.RoundedCornerShape origin=null
                    topStart: CALL 'public final fun <get-dp> (): androidx.compose.ui.unit.Dp [inline] declared in androidx.compose.ui.unit.DpKt' type=androidx.compose.ui.unit.Dp origin=GET_PROPERTY
                      $receiver: CONST Int type=kotlin.Int value=10
                    topEnd: CALL 'public final fun <get-dp> (): androidx.compose.ui.unit.Dp [inline] declared in androidx.compose.ui.unit.DpKt' type=androidx.compose.ui.unit.Dp origin=GET_PROPERTY
                      $receiver: CONST Int type=kotlin.Int value=10
                    bottomEnd: CALL 'public final fun <get-dp> (): androidx.compose.ui.unit.Dp [inline] declared in androidx.compose.ui.unit.DpKt' type=androidx.compose.ui.unit.Dp origin=GET_PROPERTY
                      $receiver: CONST Int type=kotlin.Int value=0
                    bottomStart: CALL 'public final fun <get-dp> (): androidx.compose.ui.unit.Dp [inline] declared in androidx.compose.ui.unit.DpKt' type=androidx.compose.ui.unit.Dp origin=GET_PROPERTY
                      $receiver: CONST Int type=kotlin.Int value=0
              BRANCH
                if: CONST Boolean type=kotlin.Boolean value=true
                then: BLOCK type=androidx.compose.foundation.shape.RoundedCornerShape origin=null
                  CALL 'public final fun RoundedCornerShape-a9UjIt4 (topStart: androidx.compose.ui.unit.Dp, topEnd: androidx.compose.ui.unit.Dp, bottomEnd: androidx.compose.ui.unit.Dp, bottomStart: androidx.compose.ui.unit.Dp): androidx.compose.foundation.shape.RoundedCornerShape declared in androidx.compose.foundation.shape.RoundedCornerShapeKt' type=androidx.compose.foundation.shape.RoundedCornerShape origin=null
                    topStart: CALL 'public final fun <get-dp> (): androidx.compose.ui.unit.Dp [inline] declared in androidx.compose.ui.unit.DpKt' type=androidx.compose.ui.unit.Dp origin=GET_PROPERTY
                      $receiver: CONST Int type=kotlin.Int value=10
                    topEnd: CALL 'public final fun <get-dp> (): androidx.compose.ui.unit.Dp [inline] declared in androidx.compose.ui.unit.DpKt' type=androidx.compose.ui.unit.Dp origin=GET_PROPERTY
                      $receiver: CONST Int type=kotlin.Int value=10
                    bottomEnd: CALL 'public final fun <get-dp> (): androidx.compose.ui.unit.Dp [inline] declared in androidx.compose.ui.unit.DpKt' type=androidx.compose.ui.unit.Dp origin=GET_PROPERTY
                      $receiver: CONST Int type=kotlin.Int value=10
                    bottomStart: CALL 'public final fun <get-dp> (): androidx.compose.ui.unit.Dp [inline] declared in androidx.compose.ui.unit.DpKt' type=androidx.compose.ui.unit.Dp origin=GET_PROPERTY
                      $receiver: CONST Int type=kotlin.Int value=10
          VAR name:configuration type:android.content.res.Configuration [val]
            CALL 'public final fun <get-current> ($composer: androidx.compose.runtime.Composer?, $changed: kotlin.Int): T of androidx.compose.runtime.CompositionLocal [inline] declared in androidx.compose.runtime.CompositionLocal' type=android.content.res.Configuration origin=GET_PROPERTY
              $this: TYPE_OP type=androidx.compose.runtime.CompositionLocal<T of androidx.compose.runtime.CompositionLocal> origin=IMPLICIT_CAST typeOperand=androidx.compose.runtime.CompositionLocal<T of androidx.compose.runtime.CompositionLocal>
                CALL 'public final fun <get-LocalConfiguration> (): androidx.compose.runtime.ProvidableCompositionLocal<android.content.res.Configuration> declared in androidx.compose.ui.platform.AndroidCompositionLocals_androidKt' type=androidx.compose.runtime.ProvidableCompositionLocal<android.content.res.Configuration> origin=GET_PROPERTY
              $composer: GET_VAR '$composer: androidx.compose.runtime.Composer? [assignable] declared in com.geinzz.geinzwork.ui.adapters.ui.pantallas.principal_ui.Mapa_perzonalizado_direccionesKt.dialogo_lugar_tienda' type=androidx.compose.runtime.Composer? origin=null
              $changed: CONST Int type=kotlin.Int value=0
          VAR name:screenHeight type:androidx.compose.ui.unit.Dp [val]
            CALL 'public final fun <get-dp> (): androidx.compose.ui.unit.Dp [inline] declared in androidx.compose.ui.unit.DpKt' type=androidx.compose.ui.unit.Dp origin=GET_PROPERTY
              $receiver: GET_FIELD 'FIELD IR_EXTERNAL_JAVA_DECLARATION_STUB name:screenHeightDp type:kotlin.Int visibility:public declared in android.content.res.Configuration' type=kotlin.Int superQualifierSymbol=android.content.res.Configuration origin=null
                receiver: GET_VAR 'val configuration: android.content.res.Configuration [val] declared in com.geinzz.geinzwork.ui.adapters.ui.pantallas.principal_ui.Mapa_perzonalizado_direccionesKt.dialogo_lugar_tienda' type=android.content.res.Configuration origin=null
          VAR name:targetWidth type:kotlin.Float [val]
            WHEN type=kotlin.Float origin=IF
              BRANCH
                if: GET_VAR 'boxVisible: kotlin.Boolean declared in com.geinzz.geinzwork.ui.adapters.ui.pantallas.principal_ui.Mapa_perzonalizado_direccionesKt.dialogo_lugar_tienda' type=kotlin.Boolean origin=null
                then: CONST Float type=kotlin.Float value=0.33
              BRANCH
                if: CONST Boolean type=kotlin.Boolean value=true
                then: CONST Float type=kotlin.Float value=0.38
          VAR name:cardHeight type:androidx.compose.ui.unit.Dp [val]
            CALL 'public final fun coerceIn <T> (minimumValue: T of kotlin.ranges.RangesKt.coerceIn?, maximumValue: T of kotlin.ranges.RangesKt.coerceIn?): T of kotlin.ranges.RangesKt.coerceIn declared in kotlin.ranges.RangesKt' type=androidx.compose.ui.unit.Dp origin=null
              <T>: androidx.compose.ui.unit.Dp
              $receiver: CALL 'public final fun times-u2uoSUM (arg0: androidx.compose.ui.unit.Dp, other: kotlin.Float): androidx.compose.ui.unit.Dp [inline,operator] declared in androidx.compose.ui.unit.Dp' type=androidx.compose.ui.unit.Dp origin=MUL
                arg0: GET_VAR 'val screenHeight: androidx.compose.ui.unit.Dp [val] declared in com.geinzz.geinzwork.ui.adapters.ui.pantallas.principal_ui.Mapa_perzonalizado_direccionesKt.dialogo_lugar_tienda' type=androidx.compose.ui.unit.Dp origin=null
                other: CONST Float type=kotlin.Float value=0.22
              minimumValue: CALL 'public final fun <get-dp> (): androidx.compose.ui.unit.Dp [inline] declared in androidx.compose.ui.unit.DpKt' type=androidx.compose.ui.unit.Dp origin=GET_PROPERTY
                $receiver: CONST Int type=kotlin.Int value=200
              maximumValue: CALL 'public final fun <get-dp> (): androidx.compose.ui.unit.Dp [inline] declared in androidx.compose.ui.unit.DpKt' type=androidx.compose.ui.unit.Dp origin=GET_PROPERTY
                $receiver: CONST Int type=kotlin.Int value=320
          VAR PROPERTY_DELEGATE name:animatedWidth$delegate type:androidx.compose.runtime.State<kotlin.Float> [val]
            CALL 'public final fun animateFloatAsState (targetValue: kotlin.Float, animationSpec: androidx.compose.animation.core.AnimationSpec<kotlin.Float>?, visibilityThreshold: kotlin.Float, label: kotlin.String?, finishedListener: kotlin.Function1<kotlin.Float, kotlin.Unit>?, $composer: androidx.compose.runtime.Composer?, $changed: kotlin.Int, $default: kotlin.Int): androidx.compose.runtime.State<kotlin.Float> declared in androidx.compose.animation.core.AnimateAsStateKt' type=androidx.compose.runtime.State<kotlin.Float> origin=null
              targetValue: GET_VAR 'val targetWidth: kotlin.Float [val] declared in com.geinzz.geinzwork.ui.adapters.ui.pantallas.principal_ui.Mapa_perzonalizado_direccionesKt.dialogo_lugar_tienda' type=kotlin.Float origin=null
              animationSpec: TYPE_OP type=androidx.compose.animation.core.TweenSpec<kotlin.Float> origin=IMPLICIT_CAST typeOperand=androidx.compose.animation.core.TweenSpec<kotlin.Float>
                CALL 'public final fun tween$default <T> (durationMillis: kotlin.Int, delayMillis: kotlin.Int, easing: androidx.compose.animation.core.Easing?, $mask0: kotlin.Int, $handler: kotlin.Any?): androidx.compose.animation.core.TweenSpec<T of androidx.compose.animation.core.AnimationSpecKt.tween$default> declared in androidx.compose.animation.core.AnimationSpecKt' type=androidx.compose.animation.core.TweenSpec<T of androidx.compose.animation.core.AnimationSpecKt.tween$default> origin=DEFAULT_DISPATCH_CALL
                  <T>: kotlin.Float
                  durationMillis: CONST Int type=kotlin.Int value=300
                  delayMillis: COMPOSITE type=kotlin.Int origin=DEFAULT_VALUE
                    CONST Int type=kotlin.Int value=0
                  easing: CALL 'public final fun <get-LinearOutSlowInEasing> (): androidx.compose.animation.core.Easing declared in androidx.compose.animation.core.EasingKt' type=androidx.compose.animation.core.Easing origin=GET_PROPERTY
                  $mask0: CONST Int type=kotlin.Int value=2
                  $handler: CONST Null type=kotlin.Any? value=null
              visibilityThreshold: COMPOSITE type=kotlin.Float origin=DEFAULT_VALUE
                CONST Float type=kotlin.Float value=0.0
              label: COMPOSITE type=kotlin.Nothing? origin=DEFAULT_VALUE
                CONST Null type=kotlin.Nothing? value=null
              finishedListener: COMPOSITE type=kotlin.Nothing? origin=DEFAULT_VALUE
                CONST Null type=kotlin.Nothing? value=null
              $composer: GET_VAR '$composer: androidx.compose.runtime.Composer? [assignable] declared in com.geinzz.geinzwork.ui.adapters.ui.pantallas.principal_ui.Mapa_perzonalizado_direccionesKt.dialogo_lugar_tienda' type=androidx.compose.runtime.Composer? origin=null
              $changed: CONST Int type=kotlin.Int value=0
              $default: CONST Int type=kotlin.Int value=28
          VAR PROPERTY_DELEGATE name:totalDx$delegate type:androidx.compose.runtime.MutableState<kotlin.Float> [val]
            BLOCK type=androidx.compose.runtime.MutableState<kotlin.Float> origin=null
              BLOCK type=kotlin.Unit origin=null
                CALL 'public abstract fun startReplaceGroup (key: kotlin.Int): kotlin.Unit declared in androidx.compose.runtime.Composer' type=kotlin.Unit origin=null
                  $this: GET_VAR '$composer: androidx.compose.runtime.Composer? [assignable] declared in com.geinzz.geinzwork.ui.adapters.ui.pantallas.principal_ui.Mapa_perzonalizado_direccionesKt.dialogo_lugar_tienda' type=androidx.compose.runtime.Composer? origin=null
                  key: CONST Int type=kotlin.Int value=-1276032461
                CALL 'public final fun sourceInformation (composer: androidx.compose.runtime.Composer, sourceInformation: kotlin.String): kotlin.Unit declared in androidx.compose.runtime.ComposerKt' type=kotlin.Unit origin=null
                  composer: GET_VAR '$composer: androidx.compose.runtime.Composer? [assignable] declared in com.geinzz.geinzwork.ui.adapters.ui.pantallas.principal_ui.Mapa_perzonalizado_direccionesKt.dialogo_lugar_tienda' type=androidx.compose.runtime.Composer? origin=null
                  sourceInformation: CONST String type=kotlin.String value="CC(remember):mapa_perzonalizado_direcciones.kt#9igjgp"
              VAR IR_TEMPORARY_VARIABLE name:tmp9_group type:androidx.compose.runtime.MutableState<kotlin.Float> [val]
                CALL 'public final fun cache <T> (invalid: kotlin.Boolean, block: @[DisallowComposableCalls] kotlin.Function0<T of androidx.compose.runtime.ComposerKt.cache>): T of androidx.compose.runtime.ComposerKt.cache [inline] declared in androidx.compose.runtime.ComposerKt' type=androidx.compose.runtime.MutableState<kotlin.Float> origin=null
                  <T>: androidx.compose.runtime.MutableState<kotlin.Float>
                  $receiver: GET_VAR '$composer: androidx.compose.runtime.Composer? [assignable] declared in com.geinzz.geinzwork.ui.adapters.ui.pantallas.principal_ui.Mapa_perzonalizado_direccionesKt.dialogo_lugar_tienda' type=androidx.compose.runtime.Composer? origin=null
                  invalid: CONST Boolean type=kotlin.Boolean value=false
                  block: BLOCK type=kotlin.Function0<androidx.compose.runtime.MutableState<kotlin.Float>> origin=LAMBDA
                    COMPOSITE type=kotlin.Unit origin=null
                    FUNCTION_REFERENCE 'private final fun dialogo_lugar_tienda$lambda$162 (): androidx.compose.runtime.MutableState<kotlin.Float> declared in com.geinzz.geinzwork.ui.adapters.ui.pantallas.principal_ui.Mapa_perzonalizado_direccionesKt' type=kotlin.Function0<androidx.compose.runtime.MutableState<kotlin.Float>> origin=INLINE_LAMBDA reflectionTarget=null
              CALL 'public abstract fun endReplaceGroup (): kotlin.Unit declared in androidx.compose.runtime.Composer' type=kotlin.Unit origin=null
                $this: GET_VAR '$composer: androidx.compose.runtime.Composer? [assignable] declared in com.geinzz.geinzwork.ui.adapters.ui.pantallas.principal_ui.Mapa_perzonalizado_direccionesKt.dialogo_lugar_tienda' type=androidx.compose.runtime.Composer? origin=null
              GET_VAR 'val tmp9_group: androidx.compose.runtime.MutableState<kotlin.Float> [val] declared in com.geinzz.geinzwork.ui.adapters.ui.pantallas.principal_ui.Mapa_perzonalizado_direccionesKt.dialogo_lugar_tienda' type=androidx.compose.runtime.MutableState<kotlin.Float> origin=null
          VAR PROPERTY_DELEGATE name:totalDY$delegate type:androidx.compose.runtime.MutableState<kotlin.Float> [val]
            BLOCK type=androidx.compose.runtime.MutableState<kotlin.Float> origin=null
              BLOCK type=kotlin.Unit origin=null
                CALL 'public abstract fun startReplaceGroup (key: kotlin.Int): kotlin.Unit declared in androidx.compose.runtime.Composer' type=kotlin.Unit origin=null
                  $this: GET_VAR '$composer: androidx.compose.runtime.Composer? [assignable] declared in com.geinzz.geinzwork.ui.adapters.ui.pantallas.principal_ui.Mapa_perzonalizado_direccionesKt.dialogo_lugar_tienda' type=androidx.compose.runtime.Composer? origin=null
                  key: CONST Int type=kotlin.Int value=-1276030829
                CALL 'public final fun sourceInformation (composer: androidx.compose.runtime.Composer, sourceInformation: kotlin.String): kotlin.Unit declared in androidx.compose.runtime.ComposerKt' type=kotlin.Unit origin=null
                  composer: GET_VAR '$composer: androidx.compose.runtime.Composer? [assignable] declared in com.geinzz.geinzwork.ui.adapters.ui.pantallas.principal_ui.Mapa_perzonalizado_direccionesKt.dialogo_lugar_tienda' type=androidx.compose.runtime.Composer? origin=null
                  sourceInformation: CONST String type=kotlin.String value="CC(remember):mapa_perzonalizado_direcciones.kt#9igjgp"
              VAR IR_TEMPORARY_VARIABLE name:tmp10_group type:androidx.compose.runtime.MutableState<kotlin.Float> [val]
                CALL 'public final fun cache <T> (invalid: kotlin.Boolean, block: @[DisallowComposableCalls] kotlin.Function0<T of androidx.compose.runtime.ComposerKt.cache>): T of androidx.compose.runtime.ComposerKt.cache [inline] declared in androidx.compose.runtime.ComposerKt' type=androidx.compose.runtime.MutableState<kotlin.Float> origin=null
                  <T>: androidx.compose.runtime.MutableState<kotlin.Float>
                  $receiver: GET_VAR '$composer: androidx.compose.runtime.Composer? [assignable] declared in com.geinzz.geinzwork.ui.adapters.ui.pantallas.principal_ui.Mapa_perzonalizado_direccionesKt.dialogo_lugar_tienda' type=androidx.compose.runtime.Composer? origin=null
                  invalid: CONST Boolean type=kotlin.Boolean value=false
                  block: BLOCK type=kotlin.Function0<androidx.compose.runtime.MutableState<kotlin.Float>> origin=LAMBDA
                    COMPOSITE type=kotlin.Unit origin=null
                    FUNCTION_REFERENCE 'private final fun dialogo_lugar_tienda$lambda$165 (): androidx.compose.runtime.MutableState<kotlin.Float> declared in com.geinzz.geinzwork.ui.adapters.ui.pantallas.principal_ui.Mapa_perzonalizado_direccionesKt' type=kotlin.Function0<androidx.compose.runtime.MutableState<kotlin.Float>> origin=INLINE_LAMBDA reflectionTarget=null
              CALL 'public abstract fun endReplaceGroup (): kotlin.Unit declared in androidx.compose.runtime.Composer' type=kotlin.Unit origin=null
                $this: GET_VAR '$composer: androidx.compose.runtime.Composer? [assignable] declared in com.geinzz.geinzwork.ui.adapters.ui.pantallas.principal_ui.Mapa_perzonalizado_direccionesKt.dialogo_lugar_tienda' type=androidx.compose.runtime.Composer? origin=null
              GET_VAR 'val tmp10_group: androidx.compose.runtime.MutableState<kotlin.Float> [val] declared in com.geinzz.geinzwork.ui.adapters.ui.pantallas.principal_ui.Mapa_perzonalizado_direccionesKt.dialogo_lugar_tienda' type=androidx.compose.runtime.MutableState<kotlin.Float> origin=null
          VAR PROPERTY_DELEGATE name:validad_horario$delegate type:androidx.compose.runtime.MutableState<kotlin.Boolean> [val]
            BLOCK type=androidx.compose.runtime.MutableState<kotlin.Boolean> origin=null
              BLOCK type=kotlin.Unit origin=null
                CALL 'public abstract fun startReplaceGroup (key: kotlin.Int): kotlin.Unit declared in androidx.compose.runtime.Composer' type=kotlin.Unit origin=null
                  $this: GET_VAR '$composer: androidx.compose.runtime.Composer? [assignable] declared in com.geinzz.geinzwork.ui.adapters.ui.pantallas.principal_ui.Mapa_perzonalizado_direccionesKt.dialogo_lugar_tienda' type=androidx.compose.runtime.Composer? origin=null
                  key: CONST Int type=kotlin.Int value=-1276028938
                CALL 'public final fun sourceInformation (composer: androidx.compose.runtime.Composer, sourceInformation: kotlin.String): kotlin.Unit declared in androidx.compose.runtime.ComposerKt' type=kotlin.Unit origin=null
                  composer: GET_VAR '$composer: androidx.compose.runtime.Composer? [assignable] declared in com.geinzz.geinzwork.ui.adapters.ui.pantallas.principal_ui.Mapa_perzonalizado_direccionesKt.dialogo_lugar_tienda' type=androidx.compose.runtime.Composer? origin=null
                  sourceInformation: CONST String type=kotlin.String value="CC(remember):mapa_perzonalizado_direcciones.kt#9igjgp"
              VAR IR_TEMPORARY_VARIABLE name:tmp11_group type:androidx.compose.runtime.MutableState<kotlin.Boolean> [val]
                CALL 'public final fun cache <T> (invalid: kotlin.Boolean, block: @[DisallowComposableCalls] kotlin.Function0<T of androidx.compose.runtime.ComposerKt.cache>): T of androidx.compose.runtime.ComposerKt.cache [inline] declared in androidx.compose.runtime.ComposerKt' type=androidx.compose.runtime.MutableState<kotlin.Boolean> origin=null
                  <T>: androidx.compose.runtime.MutableState<kotlin.Boolean>
                  $receiver: GET_VAR '$composer: androidx.compose.runtime.Composer? [assignable] declared in com.geinzz.geinzwork.ui.adapters.ui.pantallas.principal_ui.Mapa_perzonalizado_direccionesKt.dialogo_lugar_tienda' type=androidx.compose.runtime.Composer? origin=null
                  invalid: CONST Boolean type=kotlin.Boolean value=false
                  block: BLOCK type=kotlin.Function0<androidx.compose.runtime.MutableState<kotlin.Boolean>> origin=LAMBDA
                    COMPOSITE type=kotlin.Unit origin=null
                    FUNCTION_REFERENCE 'private final fun dialogo_lugar_tienda$lambda$168 (): androidx.compose.runtime.MutableState<kotlin.Boolean> declared in com.geinzz.geinzwork.ui.adapters.ui.pantallas.principal_ui.Mapa_perzonalizado_direccionesKt' type=kotlin.Function0<androidx.compose.runtime.MutableState<kotlin.Boolean>> origin=INLINE_LAMBDA reflectionTarget=null
              CALL 'public abstract fun endReplaceGroup (): kotlin.Unit declared in androidx.compose.runtime.Composer' type=kotlin.Unit origin=null
                $this: GET_VAR '$composer: androidx.compose.runtime.Composer? [assignable] declared in com.geinzz.geinzwork.ui.adapters.ui.pantallas.principal_ui.Mapa_perzonalizado_direccionesKt.dialogo_lugar_tienda' type=androidx.compose.runtime.Composer? origin=null
              GET_VAR 'val tmp11_group: androidx.compose.runtime.MutableState<kotlin.Boolean> [val] declared in com.geinzz.geinzwork.ui.adapters.ui.pantallas.principal_ui.Mapa_perzonalizado_direccionesKt.dialogo_lugar_tienda' type=androidx.compose.runtime.MutableState<kotlin.Boolean> origin=null
          VAR PROPERTY_DELEGATE name:dialogo_distancia$delegate type:androidx.compose.runtime.MutableState<kotlin.Boolean> [val]
            BLOCK type=androidx.compose.runtime.MutableState<kotlin.Boolean> origin=null
              BLOCK type=kotlin.Unit origin=null
                CALL 'public abstract fun startReplaceGroup (key: kotlin.Int): kotlin.Unit declared in androidx.compose.runtime.Composer' type=kotlin.Unit origin=null
                  $this: GET_VAR '$composer: androidx.compose.runtime.Composer? [assignable] declared in com.geinzz.geinzwork.ui.adapters.ui.pantallas.principal_ui.Mapa_perzonalizado_direccionesKt.dialogo_lugar_tienda' type=androidx.compose.runtime.Composer? origin=null
                  key: CONST Int type=kotlin.Int value=-1276026890
                CALL 'public final fun sourceInformation (composer: androidx.compose.runtime.Composer, sourceInformation: kotlin.String): kotlin.Unit declared in androidx.compose.runtime.ComposerKt' type=kotlin.Unit origin=null
                  composer: GET_VAR '$composer: androidx.compose.runtime.Composer? [assignable] declared in com.geinzz.geinzwork.ui.adapters.ui.pantallas.principal_ui.Mapa_perzonalizado_direccionesKt.dialogo_lugar_tienda' type=androidx.compose.runtime.Composer? origin=null
                  sourceInformation: CONST String type=kotlin.String value="CC(remember):mapa_perzonalizado_direcciones.kt#9igjgp"
              VAR IR_TEMPORARY_VARIABLE name:tmp12_group type:androidx.compose.runtime.MutableState<kotlin.Boolean> [val]
                CALL 'public final fun cache <T> (invalid: kotlin.Boolean, block: @[DisallowComposableCalls] kotlin.Function0<T of androidx.compose.runtime.ComposerKt.cache>): T of androidx.compose.runtime.ComposerKt.cache [inline] declared in androidx.compose.runtime.ComposerKt' type=androidx.compose.runtime.MutableState<kotlin.Boolean> origin=null
                  <T>: androidx.compose.runtime.MutableState<kotlin.Boolean>
                  $receiver: GET_VAR '$composer: androidx.compose.runtime.Composer? [assignable] declared in com.geinzz.geinzwork.ui.adapters.ui.pantallas.principal_ui.Mapa_perzonalizado_direccionesKt.dialogo_lugar_tienda' type=androidx.compose.runtime.Composer? origin=null
                  invalid: CONST Boolean type=kotlin.Boolean value=false
                  block: BLOCK type=kotlin.Function0<androidx.compose.runtime.MutableState<kotlin.Boolean>> origin=LAMBDA
                    COMPOSITE type=kotlin.Unit origin=null
                    FUNCTION_REFERENCE 'private final fun dialogo_lugar_tienda$lambda$171 (): androidx.compose.runtime.MutableState<kotlin.Boolean> declared in com.geinzz.geinzwork.ui.adapters.ui.pantallas.principal_ui.Mapa_perzonalizado_direccionesKt' type=kotlin.Function0<androidx.compose.runtime.MutableState<kotlin.Boolean>> origin=INLINE_LAMBDA reflectionTarget=null
              CALL 'public abstract fun endReplaceGroup (): kotlin.Unit declared in androidx.compose.runtime.Composer' type=kotlin.Unit origin=null
                $this: GET_VAR '$composer: androidx.compose.runtime.Composer? [assignable] declared in com.geinzz.geinzwork.ui.adapters.ui.pantallas.principal_ui.Mapa_perzonalizado_direccionesKt.dialogo_lugar_tienda' type=androidx.compose.runtime.Composer? origin=null
              GET_VAR 'val tmp12_group: androidx.compose.runtime.MutableState<kotlin.Boolean> [val] declared in com.geinzz.geinzwork.ui.adapters.ui.pantallas.principal_ui.Mapa_perzonalizado_direccionesKt.dialogo_lugar_tienda' type=androidx.compose.runtime.MutableState<kotlin.Boolean> origin=null
          VAR name:horarioSeguro type:com.geinzz.geinzwork.data.model.localizate_geinz.filtrado_tiendas.HorarioDia_box [val]
            BLOCK type=com.geinzz.geinzwork.data.model.localizate_geinz.filtrado_tiendas.HorarioDia_box origin=FOLDED_ELVIS
              WHEN type=com.geinzz.geinzwork.data.model.localizate_geinz.filtrado_tiendas.HorarioDia_box origin=FOLDED_ELVIS
                BRANCH
                  if: COMPOSITE type=kotlin.Boolean origin=null
                    CALL 'public final fun not (): kotlin.Boolean [operator] declared in kotlin.Boolean' type=kotlin.Boolean origin=null
                      $this: CALL 'public final fun EQEQ (arg0: kotlin.Any?, arg1: kotlin.Any?): kotlin.Boolean declared in kotlin.internal.ir' type=kotlin.Boolean origin=null
                        arg0: GET_VAR 'horario_box1: com.geinzz.geinzwork.data.model.localizate_geinz.filtrado_tiendas.HorarioDia_box? declared in com.geinzz.geinzwork.ui.adapters.ui.pantallas.principal_ui.Mapa_perzonalizado_direccionesKt.dialogo_lugar_tienda' type=com.geinzz.geinzwork.data.model.localizate_geinz.filtrado_tiendas.HorarioDia_box? origin=null
                        arg1: CONST Null type=kotlin.Nothing? value=null
                  then: GET_VAR 'horario_box1: com.geinzz.geinzwork.data.model.localizate_geinz.filtrado_tiendas.HorarioDia_box? declared in com.geinzz.geinzwork.ui.adapters.ui.pantallas.principal_ui.Mapa_perzonalizado_direccionesKt.dialogo_lugar_tienda' type=com.geinzz.geinzwork.data.model.localizate_geinz.filtrado_tiendas.HorarioDia_box? origin=null
                BRANCH
                  if: CONST Boolean type=kotlin.Boolean value=true
                  then: CONSTRUCTOR_CALL 'public constructor <init> (bloques: kotlin.collections.List<com.geinzz.geinzwork.data.model.localizate_geinz.HorarioBloque>?, cerrado: kotlin.Boolean, motivo: kotlin.String?, dia_prox_apertura: kotlin.String?, hora_prox_apertura: kotlin.String?, $mask0: kotlin.Int, $marker: kotlin.jvm.internal.DefaultConstructorMarker?) declared in com.geinzz.geinzwork.data.model.localizate_geinz.filtrado_tiendas.HorarioDia_box' type=com.geinzz.geinzwork.data.model.localizate_geinz.filtrado_tiendas.HorarioDia_box origin=DEFAULT_DISPATCH_CALL
                    bloques: CALL 'public final fun emptyList <T> (): kotlin.collections.List<T of kotlin.collections.CollectionsKt.emptyList> declared in kotlin.collections.CollectionsKt' type=kotlin.collections.List<com.geinzz.geinzwork.data.model.localizate_geinz.HorarioBloque> origin=null
                      <T>: com.geinzz.geinzwork.data.model.localizate_geinz.HorarioBloque
                    cerrado: CONST Boolean type=kotlin.Boolean value=true
                    motivo: CONST String type=kotlin.String value=""
                    dia_prox_apertura: COMPOSITE type=kotlin.String? origin=DEFAULT_VALUE
                      CONST Null type=kotlin.String? value=null
                    hora_prox_apertura: COMPOSITE type=kotlin.String? origin=DEFAULT_VALUE
                      CONST Null type=kotlin.String? value=null
                    $mask0: CONST Int type=kotlin.Int value=24
                    $marker: CONST Null type=kotlin.jvm.internal.DefaultConstructorMarker? value=null
          COMPOSITE type=kotlin.Unit origin=null
            CALL 'public open fun d (p0: @[EnhancedNullability] kotlin.String?, p1: @[EnhancedNullability] kotlin.String): kotlin.Int declared in android.util.Log' type=kotlin.Int origin=null
              p0: CONST String type=kotlin.String value="motivos_horairo_demapastineda"
              p1: CALL 'public final fun valueOf (value: kotlin.Any?): kotlin.String declared in java.lang.String' type=kotlin.String origin=null
                value: GET_VAR 'horario_box1: com.geinzz.geinzwork.data.model.localizate_geinz.filtrado_tiendas.HorarioDia_box? declared in com.geinzz.geinzwork.ui.adapters.ui.pantallas.principal_ui.Mapa_perzonalizado_direccionesKt.dialogo_lugar_tienda' type=com.geinzz.geinzwork.data.model.localizate_geinz.filtrado_tiendas.HorarioDia_box? origin=null
            COMPOSITE type=kotlin.Unit origin=null
          VAR name:lista_redes_tiendas type:kotlin.collections.List<com.geinzz.geinzwork.utils.constantes.localizate_geinz.constantes_lista_localidades.data_redes_tiendas> [val]
            CALL 'public final fun listOf <T> (vararg elements: T of kotlin.collections.CollectionsKt.listOf): kotlin.collections.List<T of kotlin.collections.CollectionsKt.listOf> declared in kotlin.collections.CollectionsKt' type=kotlin.collections.List<com.geinzz.geinzwork.utils.constantes.localizate_geinz.constantes_lista_localidades.data_redes_tiendas> origin=null
              <T>: com.geinzz.geinzwork.utils.constantes.localizate_geinz.constantes_lista_localidades.data_redes_tiendas
              elements: BLOCK type=kotlin.Array<out com.geinzz.geinzwork.utils.constantes.localizate_geinz.constantes_lista_localidades.data_redes_tiendas> origin=null
                VAR IR_TEMPORARY_VARIABLE name:tmp0 type:kotlin.Array<out com.geinzz.geinzwork.utils.constantes.localizate_geinz.constantes_lista_localidades.data_redes_tiendas> [val]
                  CALL 'public final fun arrayOfNulls <T> (size: kotlin.Int): kotlin.Array<T of kotlin.arrayOfNulls?> declared in kotlin' type=kotlin.Array<out com.geinzz.geinzwork.utils.constantes.localizate_geinz.constantes_lista_localidades.data_redes_tiendas> origin=null
                    <T>: com.geinzz.geinzwork.utils.constantes.localizate_geinz.constantes_lista_localidades.data_redes_tiendas
                    size: CONST Int type=kotlin.Int value=6
                CALL 'public final fun set (index: kotlin.Int, value: T of kotlin.Array): kotlin.Unit [operator] declared in kotlin.Array' type=kotlin.Unit origin=null
                  $this: GET_VAR 'val tmp0: kotlin.Array<out com.geinzz.geinzwork.utils.constantes.localizate_geinz.constantes_lista_localidades.data_redes_tiendas> [val] declared in com.geinzz.geinzwork.ui.adapters.ui.pantallas.principal_ui.Mapa_perzonalizado_direccionesKt.dialogo_lugar_tienda' type=kotlin.Array<out com.geinzz.geinzwork.utils.constantes.localizate_geinz.constantes_lista_localidades.data_redes_tiendas> origin=null
                  index: CONST Int type=kotlin.Int value=0
                  value: CONSTRUCTOR_CALL 'public constructor <init> (enable: kotlin.Boolean, icono: kotlin.Int, nombre_red: kotlin.String, valor: kotlin.String) [primary] declared in com.geinzz.geinzwork.utils.constantes.localizate_geinz.constantes_lista_localidades.data_redes_tiendas' type=com.geinzz.geinzwork.utils.constantes.localizate_geinz.constantes_lista_localidades.data_redes_tiendas origin=null
                    enable: CALL 'public final fun <get-estado> (): kotlin.Boolean declared in com.geinzz.geinzwork.data.model.localizate_geinz.contacto_numero' type=kotlin.Boolean origin=GET_PROPERTY
                      $this: CALL 'public final fun <get-llamada> (): com.geinzz.geinzwork.data.model.localizate_geinz.contacto_numero declared in com.geinzz.geinzwork.data.model.localizate_geinz.metodo_contacto_tienda' type=com.geinzz.geinzwork.data.model.localizate_geinz.contacto_numero origin=GET_PROPERTY
                        $this: CALL 'public final fun <get-contacto_tienda> (): com.geinzz.geinzwork.data.model.localizate_geinz.metodo_contacto_tienda declared in com.geinzz.geinzwork.data.model.localizate_geinz.dataclass_map' type=com.geinzz.geinzwork.data.model.localizate_geinz.metodo_contacto_tienda origin=GET_PROPERTY
                          $this: GET_VAR 'dataclass_map: com.geinzz.geinzwork.data.model.localizate_geinz.dataclass_map declared in com.geinzz.geinzwork.ui.adapters.ui.pantallas.principal_ui.Mapa_perzonalizado_direccionesKt.dialogo_lugar_tienda' type=com.geinzz.geinzwork.data.model.localizate_geinz.dataclass_map origin=null
                    icono: GET_FIELD 'FIELD IR_EXTERNAL_JAVA_DECLARATION_STUB name:llamada_icon type:kotlin.Int visibility:public [static] declared in com.geinzz.geinzwork.R.drawable' type=kotlin.Int superQualifierSymbol=com.geinzz.geinzwork.R.drawable origin=null
                    nombre_red: CONST String type=kotlin.String value="llamar"
                    valor: CALL 'public final fun <get-numero> (): kotlin.String declared in com.geinzz.geinzwork.data.model.localizate_geinz.contacto_numero' type=kotlin.String origin=GET_PROPERTY
                      $this: CALL 'public final fun <get-llamada> (): com.geinzz.geinzwork.data.model.localizate_geinz.contacto_numero declared in com.geinzz.geinzwork.data.model.localizate_geinz.metodo_contacto_tienda' type=com.geinzz.geinzwork.data.model.localizate_geinz.contacto_numero origin=GET_PROPERTY
                        $this: CALL 'public final fun <get-contacto_tienda> (): com.geinzz.geinzwork.data.model.localizate_geinz.metodo_contacto_tienda declared in com.geinzz.geinzwork.data.model.localizate_geinz.dataclass_map' type=com.geinzz.geinzwork.data.model.localizate_geinz.metodo_contacto_tienda origin=GET_PROPERTY
                          $this: GET_VAR 'dataclass_map: com.geinzz.geinzwork.data.model.localizate_geinz.dataclass_map declared in com.geinzz.geinzwork.ui.adapters.ui.pantallas.principal_ui.Mapa_perzonalizado_direccionesKt.dialogo_lugar_tienda' type=com.geinzz.geinzwork.data.model.localizate_geinz.dataclass_map origin=null
                CALL 'public final fun set (index: kotlin.Int, value: T of kotlin.Array): kotlin.Unit [operator] declared in kotlin.Array' type=kotlin.Unit origin=null
                  $this: GET_VAR 'val tmp0: kotlin.Array<out com.geinzz.geinzwork.utils.constantes.localizate_geinz.constantes_lista_localidades.data_redes_tiendas> [val] declared in com.geinzz.geinzwork.ui.adapters.ui.pantallas.principal_ui.Mapa_perzonalizado_direccionesKt.dialogo_lugar_tienda' type=kotlin.Array<out com.geinzz.geinzwork.utils.constantes.localizate_geinz.constantes_lista_localidades.data_redes_tiendas> origin=null
                  index: CONST Int type=kotlin.Int value=1
                  value: CONSTRUCTOR_CALL 'public constructor <init> (enable: kotlin.Boolean, icono: kotlin.Int, nombre_red: kotlin.String, valor: kotlin.String) [primary] declared in com.geinzz.geinzwork.utils.constantes.localizate_geinz.constantes_lista_localidades.data_redes_tiendas' type=com.geinzz.geinzwork.utils.constantes.localizate_geinz.constantes_lista_localidades.data_redes_tiendas origin=null
                    enable: CALL 'public final fun <get-estado> (): kotlin.Boolean declared in com.geinzz.geinzwork.data.model.localizate_geinz.contacto_numero' type=kotlin.Boolean origin=GET_PROPERTY
                      $this: CALL 'public final fun <get-whatsapp> (): com.geinzz.geinzwork.data.model.localizate_geinz.contacto_numero declared in com.geinzz.geinzwork.data.model.localizate_geinz.metodo_contacto_tienda' type=com.geinzz.geinzwork.data.model.localizate_geinz.contacto_numero origin=GET_PROPERTY
                        $this: CALL 'public final fun <get-contacto_tienda> (): com.geinzz.geinzwork.data.model.localizate_geinz.metodo_contacto_tienda declared in com.geinzz.geinzwork.data.model.localizate_geinz.dataclass_map' type=com.geinzz.geinzwork.data.model.localizate_geinz.metodo_contacto_tienda origin=GET_PROPERTY
                          $this: GET_VAR 'dataclass_map: com.geinzz.geinzwork.data.model.localizate_geinz.dataclass_map declared in com.geinzz.geinzwork.ui.adapters.ui.pantallas.principal_ui.Mapa_perzonalizado_direccionesKt.dialogo_lugar_tienda' type=com.geinzz.geinzwork.data.model.localizate_geinz.dataclass_map origin=null
                    icono: GET_FIELD 'FIELD IR_EXTERNAL_JAVA_DECLARATION_STUB name:whatsapp_icon type:kotlin.Int visibility:public [static] declared in com.geinzz.geinzwork.R.drawable' type=kotlin.Int superQualifierSymbol=com.geinzz.geinzwork.R.drawable origin=null
                    nombre_red: CONST String type=kotlin.String value="whatsapp"
                    valor: CALL 'public final fun <get-numero> (): kotlin.String declared in com.geinzz.geinzwork.data.model.localizate_geinz.contacto_numero' type=kotlin.String origin=GET_PROPERTY
                      $this: CALL 'public final fun <get-whatsapp> (): com.geinzz.geinzwork.data.model.localizate_geinz.contacto_numero declared in com.geinzz.geinzwork.data.model.localizate_geinz.metodo_contacto_tienda' type=com.geinzz.geinzwork.data.model.localizate_geinz.contacto_numero origin=GET_PROPERTY
                        $this: CALL 'public final fun <get-contacto_tienda> (): com.geinzz.geinzwork.data.model.localizate_geinz.metodo_contacto_tienda declared in com.geinzz.geinzwork.data.model.localizate_geinz.dataclass_map' type=com.geinzz.geinzwork.data.model.localizate_geinz.metodo_contacto_tienda origin=GET_PROPERTY
                          $this: GET_VAR 'dataclass_map: com.geinzz.geinzwork.data.model.localizate_geinz.dataclass_map declared in com.geinzz.geinzwork.ui.adapters.ui.pantallas.principal_ui.Mapa_perzonalizado_direccionesKt.dialogo_lugar_tienda' type=com.geinzz.geinzwork.data.model.localizate_geinz.dataclass_map origin=null
                CALL 'public final fun set (index: kotlin.Int, value: T of kotlin.Array): kotlin.Unit [operator] declared in kotlin.Array' type=kotlin.Unit origin=null
                  $this: GET_VAR 'val tmp0: kotlin.Array<out com.geinzz.geinzwork.utils.constantes.localizate_geinz.constantes_lista_localidades.data_redes_tiendas> [val] declared in com.geinzz.geinzwork.ui.adapters.ui.pantallas.principal_ui.Mapa_perzonalizado_direccionesKt.dialogo_lugar_tienda' type=kotlin.Array<out com.geinzz.geinzwork.utils.constantes.localizate_geinz.constantes_lista_localidades.data_redes_tiendas> origin=null
                  index: CONST Int type=kotlin.Int value=2
                  value: CONSTRUCTOR_CALL 'public constructor <init> (enable: kotlin.Boolean, icono: kotlin.Int, nombre_red: kotlin.String, valor: kotlin.String) [primary] declared in com.geinzz.geinzwork.utils.constantes.localizate_geinz.constantes_lista_localidades.data_redes_tiendas' type=com.geinzz.geinzwork.utils.constantes.localizate_geinz.constantes_lista_localidades.data_redes_tiendas origin=null
                    enable: CALL 'public final fun <get-estado> (): kotlin.Boolean declared in com.geinzz.geinzwork.data.model.localizate_geinz.contacto_red' type=kotlin.Boolean origin=GET_PROPERTY
                      $this: CALL 'public final fun <get-tiktok> (): com.geinzz.geinzwork.data.model.localizate_geinz.contacto_red declared in com.geinzz.geinzwork.data.model.localizate_geinz.metodo_contacto_tienda' type=com.geinzz.geinzwork.data.model.localizate_geinz.contacto_red origin=GET_PROPERTY
                        $this: CALL 'public final fun <get-contacto_tienda> (): com.geinzz.geinzwork.data.model.localizate_geinz.metodo_contacto_tienda declared in com.geinzz.geinzwork.data.model.localizate_geinz.dataclass_map' type=com.geinzz.geinzwork.data.model.localizate_geinz.metodo_contacto_tienda origin=GET_PROPERTY
                          $this: GET_VAR 'dataclass_map: com.geinzz.geinzwork.data.model.localizate_geinz.dataclass_map declared in com.geinzz.geinzwork.ui.adapters.ui.pantallas.principal_ui.Mapa_perzonalizado_direccionesKt.dialogo_lugar_tienda' type=com.geinzz.geinzwork.data.model.localizate_geinz.dataclass_map origin=null
                    icono: GET_FIELD 'FIELD IR_EXTERNAL_JAVA_DECLARATION_STUB name:tik_tok_icon type:kotlin.Int visibility:public [static] declared in com.geinzz.geinzwork.R.drawable' type=kotlin.Int superQualifierSymbol=com.geinzz.geinzwork.R.drawable origin=null
                    nombre_red: CONST String type=kotlin.String value="tiktok"
                    valor: CALL 'public final fun <get-url> (): kotlin.String declared in com.geinzz.geinzwork.data.model.localizate_geinz.contacto_red' type=kotlin.String origin=GET_PROPERTY
                      $this: CALL 'public final fun <get-tiktok> (): com.geinzz.geinzwork.data.model.localizate_geinz.contacto_red declared in com.geinzz.geinzwork.data.model.localizate_geinz.metodo_contacto_tienda' type=com.geinzz.geinzwork.data.model.localizate_geinz.contacto_red origin=GET_PROPERTY
                        $this: CALL 'public final fun <get-contacto_tienda> (): com.geinzz.geinzwork.data.model.localizate_geinz.metodo_contacto_tienda declared in com.geinzz.geinzwork.data.model.localizate_geinz.dataclass_map' type=com.geinzz.geinzwork.data.model.localizate_geinz.metodo_contacto_tienda origin=GET_PROPERTY
                          $this: GET_VAR 'dataclass_map: com.geinzz.geinzwork.data.model.localizate_geinz.dataclass_map declared in com.geinzz.geinzwork.ui.adapters.ui.pantallas.principal_ui.Mapa_perzonalizado_direccionesKt.dialogo_lugar_tienda' type=com.geinzz.geinzwork.data.model.localizate_geinz.dataclass_map origin=null
                CALL 'public final fun set (index: kotlin.Int, value: T of kotlin.Array): kotlin.Unit [operator] declared in kotlin.Array' type=kotlin.Unit origin=null
                  $this: GET_VAR 'val tmp0: kotlin.Array<out com.geinzz.geinzwork.utils.constantes.localizate_geinz.constantes_lista_localidades.data_redes_tiendas> [val] declared in com.geinzz.geinzwork.ui.adapters.ui.pantallas.principal_ui.Mapa_perzonalizado_direccionesKt.dialogo_lugar_tienda' type=kotlin.Array<out com.geinzz.geinzwork.utils.constantes.localizate_geinz.constantes_lista_localidades.data_redes_tiendas> origin=null
                  index: CONST Int type=kotlin.Int value=3
                  value: CONSTRUCTOR_CALL 'public constructor <init> (enable: kotlin.Boolean, icono: kotlin.Int, nombre_red: kotlin.String, valor: kotlin.String) [primary] declared in com.geinzz.geinzwork.utils.constantes.localizate_geinz.constantes_lista_localidades.data_redes_tiendas' type=com.geinzz.geinzwork.utils.constantes.localizate_geinz.constantes_lista_localidades.data_redes_tiendas origin=null
                    enable: CALL 'public final fun <get-estado> (): kotlin.Boolean declared in com.geinzz.geinzwork.data.model.localizate_geinz.contacto_red' type=kotlin.Boolean origin=GET_PROPERTY
                      $this: CALL 'public final fun <get-facebook> (): com.geinzz.geinzwork.data.model.localizate_geinz.contacto_red declared in com.geinzz.geinzwork.data.model.localizate_geinz.metodo_contacto_tienda' type=com.geinzz.geinzwork.data.model.localizate_geinz.contacto_red origin=GET_PROPERTY
                        $this: CALL 'public final fun <get-contacto_tienda> (): com.geinzz.geinzwork.data.model.localizate_geinz.metodo_contacto_tienda declared in com.geinzz.geinzwork.data.model.localizate_geinz.dataclass_map' type=com.geinzz.geinzwork.data.model.localizate_geinz.metodo_contacto_tienda origin=GET_PROPERTY
                          $this: GET_VAR 'dataclass_map: com.geinzz.geinzwork.data.model.localizate_geinz.dataclass_map declared in com.geinzz.geinzwork.ui.adapters.ui.pantallas.principal_ui.Mapa_perzonalizado_direccionesKt.dialogo_lugar_tienda' type=com.geinzz.geinzwork.data.model.localizate_geinz.dataclass_map origin=null
                    icono: GET_FIELD 'FIELD IR_EXTERNAL_JAVA_DECLARATION_STUB name:facebook_icon type:kotlin.Int visibility:public [static] declared in com.geinzz.geinzwork.R.drawable' type=kotlin.Int superQualifierSymbol=com.geinzz.geinzwork.R.drawable origin=null
                    nombre_red: CONST String type=kotlin.String value="facebook"
                    valor: CALL 'public final fun <get-url> (): kotlin.String declared in com.geinzz.geinzwork.data.model.localizate_geinz.contacto_red' type=kotlin.String origin=GET_PROPERTY
                      $this: CALL 'public final fun <get-facebook> (): com.geinzz.geinzwork.data.model.localizate_geinz.contacto_red declared in com.geinzz.geinzwork.data.model.localizate_geinz.metodo_contacto_tienda' type=com.geinzz.geinzwork.data.model.localizate_geinz.contacto_red origin=GET_PROPERTY
                        $this: CALL 'public final fun <get-contacto_tienda> (): com.geinzz.geinzwork.data.model.localizate_geinz.metodo_contacto_tienda declared in com.geinzz.geinzwork.data.model.localizate_geinz.dataclass_map' type=com.geinzz.geinzwork.data.model.localizate_geinz.metodo_contacto_tienda origin=GET_PROPERTY
                          $this: GET_VAR 'dataclass_map: com.geinzz.geinzwork.data.model.localizate_geinz.dataclass_map declared in com.geinzz.geinzwork.ui.adapters.ui.pantallas.principal_ui.Mapa_perzonalizado_direccionesKt.dialogo_lugar_tienda' type=com.geinzz.geinzwork.data.model.localizate_geinz.dataclass_map origin=null
                CALL 'public final fun set (index: kotlin.Int, value: T of kotlin.Array): kotlin.Unit [operator] declared in kotlin.Array' type=kotlin.Unit origin=null
                  $this: GET_VAR 'val tmp0: kotlin.Array<out com.geinzz.geinzwork.utils.constantes.localizate_geinz.constantes_lista_localidades.data_redes_tiendas> [val] declared in com.geinzz.geinzwork.ui.adapters.ui.pantallas.principal_ui.Mapa_perzonalizado_direccionesKt.dialogo_lugar_tienda' type=kotlin.Array<out com.geinzz.geinzwork.utils.constantes.localizate_geinz.constantes_lista_localidades.data_redes_tiendas> origin=null
                  index: CONST Int type=kotlin.Int value=4
                  value: CONSTRUCTOR_CALL 'public constructor <init> (enable: kotlin.Boolean, icono: kotlin.Int, nombre_red: kotlin.String, valor: kotlin.String) [primary] declared in com.geinzz.geinzwork.utils.constantes.localizate_geinz.constantes_lista_localidades.data_redes_tiendas' type=com.geinzz.geinzwork.utils.constantes.localizate_geinz.constantes_lista_localidades.data_redes_tiendas origin=null
                    enable: CALL 'public final fun <get-estado> (): kotlin.Boolean declared in com.geinzz.geinzwork.data.model.localizate_geinz.contacto_red' type=kotlin.Boolean origin=GET_PROPERTY
                      $this: CALL 'public final fun <get-instagram> (): com.geinzz.geinzwork.data.model.localizate_geinz.contacto_red declared in com.geinzz.geinzwork.data.model.localizate_geinz.metodo_contacto_tienda' type=com.geinzz.geinzwork.data.model.localizate_geinz.contacto_red origin=GET_PROPERTY
                        $this: CALL 'public final fun <get-contacto_tienda> (): com.geinzz.geinzwork.data.model.localizate_geinz.metodo_contacto_tienda declared in com.geinzz.geinzwork.data.model.localizate_geinz.dataclass_map' type=com.geinzz.geinzwork.data.model.localizate_geinz.metodo_contacto_tienda origin=GET_PROPERTY
                          $this: GET_VAR 'dataclass_map: com.geinzz.geinzwork.data.model.localizate_geinz.dataclass_map declared in com.geinzz.geinzwork.ui.adapters.ui.pantallas.principal_ui.Mapa_perzonalizado_direccionesKt.dialogo_lugar_tienda' type=com.geinzz.geinzwork.data.model.localizate_geinz.dataclass_map origin=null
                    icono: GET_FIELD 'FIELD IR_EXTERNAL_JAVA_DECLARATION_STUB name:instagram_icon type:kotlin.Int visibility:public [static] declared in com.geinzz.geinzwork.R.drawable' type=kotlin.Int superQualifierSymbol=com.geinzz.geinzwork.R.drawable origin=null
                    nombre_red: CONST String type=kotlin.String value="instagram"
                    valor: CALL 'public final fun <get-url> (): kotlin.String declared in com.geinzz.geinzwork.data.model.localizate_geinz.contacto_red' type=kotlin.String origin=GET_PROPERTY
                      $this: CALL 'public final fun <get-instagram> (): com.geinzz.geinzwork.data.model.localizate_geinz.contacto_red declared in com.geinzz.geinzwork.data.model.localizate_geinz.metodo_contacto_tienda' type=com.geinzz.geinzwork.data.model.localizate_geinz.contacto_red origin=GET_PROPERTY
                        $this: CALL 'public final fun <get-contacto_tienda> (): com.geinzz.geinzwork.data.model.localizate_geinz.metodo_contacto_tienda declared in com.geinzz.geinzwork.data.model.localizate_geinz.dataclass_map' type=com.geinzz.geinzwork.data.model.localizate_geinz.metodo_contacto_tienda origin=GET_PROPERTY
                          $this: GET_VAR 'dataclass_map: com.geinzz.geinzwork.data.model.localizate_geinz.dataclass_map declared in com.geinzz.geinzwork.ui.adapters.ui.pantallas.principal_ui.Mapa_perzonalizado_direccionesKt.dialogo_lugar_tienda' type=com.geinzz.geinzwork.data.model.localizate_geinz.dataclass_map origin=null
                CALL 'public final fun set (index: kotlin.Int, value: T of kotlin.Array): kotlin.Unit [operator] declared in kotlin.Array' type=kotlin.Unit origin=null
                  $this: GET_VAR 'val tmp0: kotlin.Array<out com.geinzz.geinzwork.utils.constantes.localizate_geinz.constantes_lista_localidades.data_redes_tiendas> [val] declared in com.geinzz.geinzwork.ui.adapters.ui.pantallas.principal_ui.Mapa_perzonalizado_direccionesKt.dialogo_lugar_tienda' type=kotlin.Array<out com.geinzz.geinzwork.utils.constantes.localizate_geinz.constantes_lista_localidades.data_redes_tiendas> origin=null
                  index: CONST Int type=kotlin.Int value=5
                  value: CONSTRUCTOR_CALL 'public constructor <init> (enable: kotlin.Boolean, icono: kotlin.Int, nombre_red: kotlin.String, valor: kotlin.String) [primary] declared in com.geinzz.geinzwork.utils.constantes.localizate_geinz.constantes_lista_localidades.data_redes_tiendas' type=com.geinzz.geinzwork.utils.constantes.localizate_geinz.constantes_lista_localidades.data_redes_tiendas origin=null
                    enable: CALL 'public final fun <get-estado> (): kotlin.Boolean declared in com.geinzz.geinzwork.data.model.localizate_geinz.contacto_red' type=kotlin.Boolean origin=GET_PROPERTY
                      $this: CALL 'public final fun <get-sitio_web> (): com.geinzz.geinzwork.data.model.localizate_geinz.contacto_red declared in com.geinzz.geinzwork.data.model.localizate_geinz.metodo_contacto_tienda' type=com.geinzz.geinzwork.data.model.localizate_geinz.contacto_red origin=GET_PROPERTY
                        $this: CALL 'public final fun <get-contacto_tienda> (): com.geinzz.geinzwork.data.model.localizate_geinz.metodo_contacto_tienda declared in com.geinzz.geinzwork.data.model.localizate_geinz.dataclass_map' type=com.geinzz.geinzwork.data.model.localizate_geinz.metodo_contacto_tienda origin=GET_PROPERTY
                          $this: GET_VAR 'dataclass_map: com.geinzz.geinzwork.data.model.localizate_geinz.dataclass_map declared in com.geinzz.geinzwork.ui.adapters.ui.pantallas.principal_ui.Mapa_perzonalizado_direccionesKt.dialogo_lugar_tienda' type=com.geinzz.geinzwork.data.model.localizate_geinz.dataclass_map origin=null
                    icono: GET_FIELD 'FIELD IR_EXTERNAL_JAVA_DECLARATION_STUB name:sitio_web type:kotlin.Int visibility:public [static] declared in com.geinzz.geinzwork.R.drawable' type=kotlin.Int superQualifierSymbol=com.geinzz.geinzwork.R.drawable origin=null
                    nombre_red: CONST String type=kotlin.String value="web"
                    valor: CALL 'public final fun <get-url> (): kotlin.String declared in com.geinzz.geinzwork.data.model.localizate_geinz.contacto_red' type=kotlin.String origin=GET_PROPERTY
                      $this: CALL 'public final fun <get-sitio_web> (): com.geinzz.geinzwork.data.model.localizate_geinz.contacto_red declared in com.geinzz.geinzwork.data.model.localizate_geinz.metodo_contacto_tienda' type=com.geinzz.geinzwork.data.model.localizate_geinz.contacto_red origin=GET_PROPERTY
                        $this: CALL 'public final fun <get-contacto_tienda> (): com.geinzz.geinzwork.data.model.localizate_geinz.metodo_contacto_tienda declared in com.geinzz.geinzwork.data.model.localizate_geinz.dataclass_map' type=com.geinzz.geinzwork.data.model.localizate_geinz.metodo_contacto_tienda origin=GET_PROPERTY
                          $this: GET_VAR 'dataclass_map: com.geinzz.geinzwork.data.model.localizate_geinz.dataclass_map declared in com.geinzz.geinzwork.ui.adapters.ui.pantallas.principal_ui.Mapa_perzonalizado_direccionesKt.dialogo_lugar_tienda' type=com.geinzz.geinzwork.data.model.localizate_geinz.dataclass_map origin=null
                GET_VAR 'val tmp0: kotlin.Array<out com.geinzz.geinzwork.utils.constantes.localizate_geinz.constantes_lista_localidades.data_redes_tiendas> [val] declared in com.geinzz.geinzwork.ui.adapters.ui.pantallas.principal_ui.Mapa_perzonalizado_direccionesKt.dialogo_lugar_tienda' type=kotlin.Array<out com.geinzz.geinzwork.utils.constantes.localizate_geinz.constantes_lista_localidades.data_redes_tiendas> origin=null
          CALL 'public final fun Column (modifier: androidx.compose.ui.Modifier?, verticalArrangement: androidx.compose.foundation.layout.Arrangement.Vertical?, horizontalAlignment: androidx.compose.ui.Alignment.Horizontal?, content: @[ExtensionFunctionType] kotlin.Function3<androidx.compose.foundation.layout.ColumnScope, androidx.compose.runtime.Composer, kotlin.Int, kotlin.Unit>, $composer: androidx.compose.runtime.Composer?, $changed: kotlin.Int, $default: kotlin.Int): kotlin.Unit [inline] declared in androidx.compose.foundation.layout.ColumnKt' type=kotlin.Unit origin=null
            modifier: BLOCK type=androidx.compose.ui.Modifier origin=ARGUMENTS_REORDERING_FOR_CALL
              VAR IR_TEMPORARY_VARIABLE name:tmp1_$receiver type:androidx.compose.ui.Modifier [val]
                CALL 'public final fun fillMaxWidth$default (fraction: kotlin.Float, $mask0: kotlin.Int, $handler: kotlin.Any?): androidx.compose.ui.Modifier declared in androidx.compose.foundation.layout.SizeKt' type=androidx.compose.ui.Modifier origin=DEFAULT_DISPATCH_CALL
                  $receiver: GET_FIELD 'FIELD FIELD_FOR_OBJECT_INSTANCE name:Companion type:androidx.compose.ui.Modifier.Companion visibility:public [final,static] declared in androidx.compose.ui.Modifier' type=androidx.compose.ui.Modifier.Companion origin=null
                  fraction: COMPOSITE type=kotlin.Float origin=DEFAULT_VALUE
                    CONST Float type=kotlin.Float value=0.0
                  $mask0: CONST Int type=kotlin.Int value=1
                  $handler: CONST Null type=kotlin.Any? value=null
              VAR IR_TEMPORARY_VARIABLE name:tmp2_vertical type:androidx.compose.ui.unit.Dp [val]
                CALL 'public final fun <get-dp> (): androidx.compose.ui.unit.Dp [inline] declared in androidx.compose.ui.unit.DpKt' type=androidx.compose.ui.unit.Dp origin=GET_PROPERTY
                  $receiver: CONST Int type=kotlin.Int value=40
              VAR IR_TEMPORARY_VARIABLE name:tmp3_horizontal type:androidx.compose.ui.unit.Dp [val]
                CALL 'public final fun <get-dp> (): androidx.compose.ui.unit.Dp [inline] declared in androidx.compose.ui.unit.DpKt' type=androidx.compose.ui.unit.Dp origin=GET_PROPERTY
                  $receiver: CONST Int type=kotlin.Int value=20
              CALL 'public final fun padding-VpY3zN4 (horizontal: androidx.compose.ui.unit.Dp, vertical: androidx.compose.ui.unit.Dp): androidx.compose.ui.Modifier declared in androidx.compose.foundation.layout.PaddingKt' type=androidx.compose.ui.Modifier origin=null
                $receiver: GET_VAR 'val tmp1_$receiver: androidx.compose.ui.Modifier [val] declared in com.geinzz.geinzwork.ui.adapters.ui.pantallas.principal_ui.Mapa_perzonalizado_direccionesKt.dialogo_lugar_tienda' type=androidx.compose.ui.Modifier origin=null
                horizontal: GET_VAR 'val tmp3_horizontal: androidx.compose.ui.unit.Dp [val] declared in com.geinzz.geinzwork.ui.adapters.ui.pantallas.principal_ui.Mapa_perzonalizado_direccionesKt.dialogo_lugar_tienda' type=androidx.compose.ui.unit.Dp origin=null
                vertical: GET_VAR 'val tmp2_vertical: androidx.compose.ui.unit.Dp [val] declared in com.geinzz.geinzwork.ui.adapters.ui.pantallas.principal_ui.Mapa_perzonalizado_direccionesKt.dialogo_lugar_tienda' type=androidx.compose.ui.unit.Dp origin=null
            verticalArrangement: COMPOSITE type=kotlin.Nothing? origin=DEFAULT_VALUE
              CONST Null type=kotlin.Nothing? value=null
            horizontalAlignment: COMPOSITE type=kotlin.Nothing? origin=DEFAULT_VALUE
              CONST Null type=kotlin.Nothing? value=null
            content: BLOCK type=@[ExtensionFunctionType] kotlin.Function3<androidx.compose.foundation.layout.ColumnScope, androidx.compose.runtime.Composer, kotlin.Int, kotlin.Unit> origin=LAMBDA
              COMPOSITE type=kotlin.Unit origin=null
              FUNCTION_REFERENCE 'private final fun dialogo_lugar_tienda$lambda$186 ($cornerShap2: androidx.compose.foundation.shape.RoundedCornerShape, $boxVisible: kotlin.Boolean, $dataclass_map: com.geinzz.geinzwork.data.model.localizate_geinz.dataclass_map, $horarioSeguro: com.geinzz.geinzwork.data.model.localizate_geinz.filtrado_tiendas.HorarioDia_box, $tick: kotlin.Long, $$dirty: kotlin.Int, $$dirty1: kotlin.Int, $animatedWidth$delegate: androidx.compose.runtime.State<kotlin.Float>, $cornerShape: androidx.compose.foundation.shape.RoundedCornerShape, $onBoxVisibleChange: kotlin.Function1<kotlin.Boolean, kotlin.Unit>, $move_derecha: kotlin.Function0<kotlin.Unit>, $move_izquierda: kotlin.Function0<kotlin.Unit>, $mostrar_lista: kotlin.Function0<kotlin.Unit>, $totalDx$delegate: androidx.compose.runtime.MutableState<kotlin.Float>, $validad_horario$delegate: androidx.compose.runtime.MutableState<kotlin.Boolean>, $totalDY$delegate: androidx.compose.runtime.MutableState<kotlin.Float>, $estadoKM$delegate: androidx.compose.runtime.State<kotlin.Boolean>, $dialogo_distancia$delegate: androidx.compose.runtime.MutableState<kotlin.Boolean>, $distancia$delegate: androidx.compose.runtime.State<kotlin.String>, $estadoColor$delegate: androidx.compose.runtime.MutableState<androidx.compose.ui.graphics.Color>, $cerra_dialog: kotlin.Function0<kotlin.Unit>, $limpiar: kotlin.Function0<kotlin.Unit>, $centrar_camara: kotlin.Function2<kotlin.Double, kotlin.Double, kotlin.Unit>, $listate: androidx.compose.foundation.lazy.LazyListState, $alphaLeft$delegate: androidx.compose.runtime.State<kotlin.Float>, $alphaRight$delegate: androidx.compose.runtime.State<kotlin.Float>, $retornar_id_select: kotlin.Function2<kotlin.String, androidx.compose.ui.graphics.Color, kotlin.Unit>, $crear_ruta: kotlin.Function3<@[ParameterName(name = "it_tienda")] kotlin.String, @[ParameterName(name = "lat")] kotlin.Double, @[ParameterName(name = "log")] kotlin.Double, kotlin.Unit>, $lista_redes_tiendas: kotlin.collections.List<com.geinzz.geinzwork.utils.constantes.localizate_geinz.constantes_lista_localidades.data_redes_tiendas>, $onclick_iconos: kotlin.Function2<kotlin.String, com.geinzz.geinzwork.utils.constantes.localizate_geinz.constantes_lista_localidades.data_redes_tiendas, kotlin.Unit>, $composer: androidx.compose.runtime.Composer?, $changed: kotlin.Int): kotlin.Unit declared in com.geinzz.geinzwork.ui.adapters.ui.pantallas.principal_ui.Mapa_perzonalizado_direccionesKt' type=@[ExtensionFunctionType] kotlin.Function3<androidx.compose.foundation.layout.ColumnScope, androidx.compose.runtime.Composer, kotlin.Int, kotlin.Unit> origin=INLINE_LAMBDA reflectionTarget=null
                $cornerShap2: GET_VAR 'val cornerShap2: androidx.compose.foundation.shape.RoundedCornerShape [val] declared in com.geinzz.geinzwork.ui.adapters.ui.pantallas.principal_ui.Mapa_perzonalizado_direccionesKt.dialogo_lugar_tienda' type=androidx.compose.foundation.shape.RoundedCornerShape origin=null
                $boxVisible: GET_VAR 'boxVisible: kotlin.Boolean declared in com.geinzz.geinzwork.ui.adapters.ui.pantallas.principal_ui.Mapa_perzonalizado_direccionesKt.dialogo_lugar_tienda' type=kotlin.Boolean origin=null
                $dataclass_map: GET_VAR 'dataclass_map: com.geinzz.geinzwork.data.model.localizate_geinz.dataclass_map declared in com.geinzz.geinzwork.ui.adapters.ui.pantallas.principal_ui.Mapa_perzonalizado_direccionesKt.dialogo_lugar_tienda' type=com.geinzz.geinzwork.data.model.localizate_geinz.dataclass_map origin=null
                $horarioSeguro: GET_VAR 'val horarioSeguro: com.geinzz.geinzwork.data.model.localizate_geinz.filtrado_tiendas.HorarioDia_box [val] declared in com.geinzz.geinzwork.ui.adapters.ui.pantallas.principal_ui.Mapa_perzonalizado_direccionesKt.dialogo_lugar_tienda' type=com.geinzz.geinzwork.data.model.localizate_geinz.filtrado_tiendas.HorarioDia_box origin=null
                $tick: GET_VAR 'val tick: kotlin.Long [val] declared in com.geinzz.geinzwork.ui.adapters.ui.pantallas.principal_ui.Mapa_perzonalizado_direccionesKt.dialogo_lugar_tienda' type=kotlin.Long origin=null
                $$dirty: GET_VAR 'val $dirty: kotlin.Int [val] declared in com.geinzz.geinzwork.ui.adapters.ui.pantallas.principal_ui.Mapa_perzonalizado_direccionesKt.dialogo_lugar_tienda' type=kotlin.Int origin=null
                $$dirty1: GET_VAR 'val $dirty1: kotlin.Int [val] declared in com.geinzz.geinzwork.ui.adapters.ui.pantallas.principal_ui.Mapa_perzonalizado_direccionesKt.dialogo_lugar_tienda' type=kotlin.Int origin=null
                $animatedWidth$delegate: GET_VAR 'val animatedWidth$delegate: androidx.compose.runtime.State<kotlin.Float> [val] declared in com.geinzz.geinzwork.ui.adapters.ui.pantallas.principal_ui.Mapa_perzonalizado_direccionesKt.dialogo_lugar_tienda' type=androidx.compose.runtime.State<kotlin.Float> origin=null
                $cornerShape: GET_VAR 'val cornerShape: androidx.compose.foundation.shape.RoundedCornerShape [val] declared in com.geinzz.geinzwork.ui.adapters.ui.pantallas.principal_ui.Mapa_perzonalizado_direccionesKt.dialogo_lugar_tienda' type=androidx.compose.foundation.shape.RoundedCornerShape origin=null
                $onBoxVisibleChange: GET_VAR 'onBoxVisibleChange: kotlin.Function1<kotlin.Boolean, kotlin.Unit> declared in com.geinzz.geinzwork.ui.adapters.ui.pantallas.principal_ui.Mapa_perzonalizado_direccionesKt.dialogo_lugar_tienda' type=kotlin.Function1<kotlin.Boolean, kotlin.Unit> origin=null
                $move_derecha: GET_VAR 'move_derecha: kotlin.Function0<kotlin.Unit> declared in com.geinzz.geinzwork.ui.adapters.ui.pantallas.principal_ui.Mapa_perzonalizado_direccionesKt.dialogo_lugar_tienda' type=kotlin.Function0<kotlin.Unit> origin=null
                $move_izquierda: GET_VAR 'move_izquierda: kotlin.Function0<kotlin.Unit> declared in com.geinzz.geinzwork.ui.adapters.ui.pantallas.principal_ui.Mapa_perzonalizado_direccionesKt.dialogo_lugar_tienda' type=kotlin.Function0<kotlin.Unit> origin=null
                $mostrar_lista: GET_VAR 'mostrar_lista: kotlin.Function0<kotlin.Unit> declared in com.geinzz.geinzwork.ui.adapters.ui.pantallas.principal_ui.Mapa_perzonalizado_direccionesKt.dialogo_lugar_tienda' type=kotlin.Function0<kotlin.Unit> origin=null
                $totalDx$delegate: GET_VAR 'val totalDx$delegate: androidx.compose.runtime.MutableState<kotlin.Float> [val] declared in com.geinzz.geinzwork.ui.adapters.ui.pantallas.principal_ui.Mapa_perzonalizado_direccionesKt.dialogo_lugar_tienda' type=androidx.compose.runtime.MutableState<kotlin.Float> origin=null
                $validad_horario$delegate: GET_VAR 'val validad_horario$delegate: androidx.compose.runtime.MutableState<kotlin.Boolean> [val] declared in com.geinzz.geinzwork.ui.adapters.ui.pantallas.principal_ui.Mapa_perzonalizado_direccionesKt.dialogo_lugar_tienda' type=androidx.compose.runtime.MutableState<kotlin.Boolean> origin=null
                $totalDY$delegate: GET_VAR 'val totalDY$delegate: androidx.compose.runtime.MutableState<kotlin.Float> [val] declared in com.geinzz.geinzwork.ui.adapters.ui.pantallas.principal_ui.Mapa_perzonalizado_direccionesKt.dialogo_lugar_tienda' type=androidx.compose.runtime.MutableState<kotlin.Float> origin=null
                $estadoKM$delegate: GET_VAR 'val estadoKM$delegate: androidx.compose.runtime.State<kotlin.Boolean> [val] declared in com.geinzz.geinzwork.ui.adapters.ui.pantallas.principal_ui.Mapa_perzonalizado_direccionesKt.dialogo_lugar_tienda' type=androidx.compose.runtime.State<kotlin.Boolean> origin=null
                $dialogo_distancia$delegate: GET_VAR 'val dialogo_distancia$delegate: androidx.compose.runtime.MutableState<kotlin.Boolean> [val] declared in com.geinzz.geinzwork.ui.adapters.ui.pantallas.principal_ui.Mapa_perzonalizado_direccionesKt.dialogo_lugar_tienda' type=androidx.compose.runtime.MutableState<kotlin.Boolean> origin=null
                $distancia$delegate: GET_VAR 'val distancia$delegate: androidx.compose.runtime.State<kotlin.String> [val] declared in com.geinzz.geinzwork.ui.adapters.ui.pantallas.principal_ui.Mapa_perzonalizado_direccionesKt.dialogo_lugar_tienda' type=androidx.compose.runtime.State<kotlin.String> origin=null
                $estadoColor$delegate: GET_VAR 'val estadoColor$delegate: androidx.compose.runtime.MutableState<androidx.compose.ui.graphics.Color> [val] declared in com.geinzz.geinzwork.ui.adapters.ui.pantallas.principal_ui.Mapa_perzonalizado_direccionesKt.dialogo_lugar_tienda' type=androidx.compose.runtime.MutableState<androidx.compose.ui.graphics.Color> origin=null
                $cerra_dialog: GET_VAR 'cerra_dialog: kotlin.Function0<kotlin.Unit> declared in com.geinzz.geinzwork.ui.adapters.ui.pantallas.principal_ui.Mapa_perzonalizado_direccionesKt.dialogo_lugar_tienda' type=kotlin.Function0<kotlin.Unit> origin=null
                $limpiar: GET_VAR 'limpiar: kotlin.Function0<kotlin.Unit> declared in com.geinzz.geinzwork.ui.adapters.ui.pantallas.principal_ui.Mapa_perzonalizado_direccionesKt.dialogo_lugar_tienda' type=kotlin.Function0<kotlin.Unit> origin=null
                $centrar_camara: GET_VAR 'centrar_camara: kotlin.Function2<kotlin.Double, kotlin.Double, kotlin.Unit> declared in com.geinzz.geinzwork.ui.adapters.ui.pantallas.principal_ui.Mapa_perzonalizado_direccionesKt.dialogo_lugar_tienda' type=kotlin.Function2<kotlin.Double, kotlin.Double, kotlin.Unit> origin=null
                $listate: GET_VAR 'val listate: androidx.compose.foundation.lazy.LazyListState [val] declared in com.geinzz.geinzwork.ui.adapters.ui.pantallas.principal_ui.Mapa_perzonalizado_direccionesKt.dialogo_lugar_tienda' type=androidx.compose.foundation.lazy.LazyListState origin=null
                $alphaLeft$delegate: GET_VAR 'val alphaLeft$delegate: androidx.compose.runtime.State<kotlin.Float> [val] declared in com.geinzz.geinzwork.ui.adapters.ui.pantallas.principal_ui.Mapa_perzonalizado_direccionesKt.dialogo_lugar_tienda' type=androidx.compose.runtime.State<kotlin.Float> origin=null
                $alphaRight$delegate: GET_VAR 'val alphaRight$delegate: androidx.compose.runtime.State<kotlin.Float> [val] declared in com.geinzz.geinzwork.ui.adapters.ui.pantallas.principal_ui.Mapa_perzonalizado_direccionesKt.dialogo_lugar_tienda' type=androidx.compose.runtime.State<kotlin.Float> origin=null
                $retornar_id_select: GET_VAR 'retornar_id_select: kotlin.Function2<kotlin.String, androidx.compose.ui.graphics.Color, kotlin.Unit> declared in com.geinzz.geinzwork.ui.adapters.ui.pantallas.principal_ui.Mapa_perzonalizado_direccionesKt.dialogo_lugar_tienda' type=kotlin.Function2<kotlin.String, androidx.compose.ui.graphics.Color, kotlin.Unit> origin=null
                $crear_ruta: GET_VAR 'crear_ruta: kotlin.Function3<@[ParameterName(name = "it_tienda")] kotlin.String, @[ParameterName(name = "lat")] kotlin.Double, @[ParameterName(name = "log")] kotlin.Double, kotlin.Unit> declared in com.geinzz.geinzwork.ui.adapters.ui.pantallas.principal_ui.Mapa_perzonalizado_direccionesKt.dialogo_lugar_tienda' type=kotlin.Function3<@[ParameterName(name = "it_tienda")] kotlin.String, @[ParameterName(name = "lat")] kotlin.Double, @[ParameterName(name = "log")] kotlin.Double, kotlin.Unit> origin=null
                $lista_redes_tiendas: GET_VAR 'val lista_redes_tiendas: kotlin.collections.List<com.geinzz.geinzwork.utils.constantes.localizate_geinz.constantes_lista_localidades.data_redes_tiendas> [val] declared in com.geinzz.geinzwork.ui.adapters.ui.pantallas.principal_ui.Mapa_perzonalizado_direccionesKt.dialogo_lugar_tienda' type=kotlin.collections.List<com.geinzz.geinzwork.utils.constantes.localizate_geinz.constantes_lista_localidades.data_redes_tiendas> origin=null
                $onclick_iconos: GET_VAR 'onclick_iconos: kotlin.Function2<kotlin.String, com.geinzz.geinzwork.utils.constantes.localizate_geinz.constantes_lista_localidades.data_redes_tiendas, kotlin.Unit> declared in com.geinzz.geinzwork.ui.adapters.ui.pantallas.principal_ui.Mapa_perzonalizado_direccionesKt.dialogo_lugar_tienda' type=kotlin.Function2<kotlin.String, com.geinzz.geinzwork.utils.constantes.localizate_geinz.constantes_lista_localidades.data_redes_tiendas, kotlin.Unit> origin=null
            $composer: GET_VAR '$composer: androidx.compose.runtime.Composer? [assignable] declared in com.geinzz.geinzwork.ui.adapters.ui.pantallas.principal_ui.Mapa_perzonalizado_direccionesKt.dialogo_lugar_tienda' type=androidx.compose.runtime.Composer? origin=null
            $changed: CONST Int type=kotlin.Int value=0
            $default: CONST Int type=kotlin.Int value=6
          WHEN type=kotlin.Unit origin=IF
            BRANCH
              if: CALL 'public final fun isTraceInProgress (): kotlin.Boolean declared in androidx.compose.runtime.ComposerKt' type=kotlin.Boolean origin=null
              then: CALL 'public final fun traceEventEnd (): kotlin.Unit declared in androidx.compose.runtime.ComposerKt' type=kotlin.Unit origin=null
      BRANCH
        if: CONST Boolean type=kotlin.Boolean value=true
        then: CALL 'public abstract fun skipToGroupEnd (): kotlin.Unit declared in androidx.compose.runtime.Composer' type=kotlin.Unit origin=null
          $this: GET_VAR '$composer: androidx.compose.runtime.Composer? [assignable] declared in com.geinzz.geinzwork.ui.adapters.ui.pantallas.principal_ui.Mapa_perzonalizado_direccionesKt.dialogo_lugar_tienda' type=androidx.compose.runtime.Composer? origin=null
    BLOCK type=kotlin.Unit origin=null
      BLOCK type=kotlin.Unit origin=FOLDED_SAFE_CALL
        WHEN type=kotlin.Unit origin=FOLDED_SAFE_CALL
          BRANCH
            if: COMPOSITE type=kotlin.Boolean origin=null
              VAR IR_TEMPORARY_VARIABLE name:tmp13_safe_receiver type:androidx.compose.runtime.ScopeUpdateScope? [val]
                CALL 'public abstract fun endRestartGroup (): androidx.compose.runtime.ScopeUpdateScope? declared in androidx.compose.runtime.Composer' type=androidx.compose.runtime.ScopeUpdateScope? origin=null
                  $this: GET_VAR '$composer: androidx.compose.runtime.Composer? [assignable] declared in com.geinzz.geinzwork.ui.adapters.ui.pantallas.principal_ui.Mapa_perzonalizado_direccionesKt.dialogo_lugar_tienda' type=androidx.compose.runtime.Composer? origin=null
              CALL 'public final fun not (): kotlin.Boolean [operator] declared in kotlin.Boolean' type=kotlin.Boolean origin=null
                $this: CALL 'public final fun EQEQ (arg0: kotlin.Any?, arg1: kotlin.Any?): kotlin.Boolean declared in kotlin.internal.ir' type=kotlin.Boolean origin=null
                  arg0: GET_VAR 'val tmp13_safe_receiver: androidx.compose.runtime.ScopeUpdateScope? [val] declared in com.geinzz.geinzwork.ui.adapters.ui.pantallas.principal_ui.Mapa_perzonalizado_direccionesKt.dialogo_lugar_tienda' type=androidx.compose.runtime.ScopeUpdateScope? origin=null
                  arg1: CONST Null type=kotlin.Nothing? value=null
            then: CALL 'public abstract fun updateScope (block: kotlin.Function2<androidx.compose.runtime.Composer, kotlin.Int, kotlin.Unit>): kotlin.Unit declared in androidx.compose.runtime.ScopeUpdateScope' type=kotlin.Unit origin=null
              $this: GET_VAR 'val tmp13_safe_receiver: androidx.compose.runtime.ScopeUpdateScope? [val] declared in com.geinzz.geinzwork.ui.adapters.ui.pantallas.principal_ui.Mapa_perzonalizado_direccionesKt.dialogo_lugar_tienda' type=androidx.compose.runtime.ScopeUpdateScope? origin=null
              block: BLOCK type=kotlin.Function2<androidx.compose.runtime.Composer?, kotlin.Int, kotlin.Unit> origin=LAMBDA
                COMPOSITE type=kotlin.Unit origin=null
                CALL 'public final fun <jvm-indy> <T> (dynamicCall: T of kotlin.jvm.internal.<jvm-indy>, bootstrapMethodHandle: kotlin.Any, vararg bootstrapMethodArguments: kotlin.Any): T of kotlin.jvm.internal.<jvm-indy> declared in kotlin.jvm.internal' type=kotlin.Function2<androidx.compose.runtime.Composer?, kotlin.Int, kotlin.Unit> origin=null
                  <T>: kotlin.Function2<androidx.compose.runtime.Composer?, kotlin.Int, kotlin.Unit>
                  dynamicCall: CALL 'public final fun invoke (p0: com.geinzz.geinzwork.data.model.localizate_geinz.filtrado_tiendas.HorarioDia_box?, p1: com.geinzz.geinzwork.viewModels.viewmodel_mapa_personalizado, p2: kotlin.Double, p3: kotlin.Double, p4: kotlin.Long, p5: com.geinzz.geinzwork.data.model.localizate_geinz.dataclass_map, p6: kotlin.Function0<kotlin.Unit>, p7: kotlin.Function0<kotlin.Unit>, p8: kotlin.Function3<@[ParameterName(name = "it_tienda")] kotlin.String, @[ParameterName(name = "lat")] kotlin.Double, @[ParameterName(name = "log")] kotlin.Double, kotlin.Unit>, p9: kotlin.Function0<kotlin.Unit>, p10: kotlin.Boolean, p11: kotlin.Function1<kotlin.Boolean, kotlin.Unit>, p12: kotlin.Function2<kotlin.Double, kotlin.Double, kotlin.Unit>, p13: kotlin.Function2<kotlin.String, androidx.compose.ui.graphics.Color, kotlin.Unit>, p14: kotlin.Function2<kotlin.String, com.geinzz.geinzwork.utils.constantes.localizate_geinz.constantes_lista_localidades.data_redes_tiendas, kotlin.Unit>, p15: kotlin.Function0<kotlin.Unit>, p16: kotlin.Function0<kotlin.Unit>, p17: kotlin.Function0<kotlin.Unit>, p18: kotlin.Int, p19: kotlin.Int): kotlin.Function2<androidx.compose.runtime.Composer?, kotlin.Int, kotlin.Unit> declared in kotlin.jvm.internal.invokeDynamic' type=kotlin.Function2<androidx.compose.runtime.Composer?, kotlin.Int, kotlin.Unit> origin=null
                    p0: GET_VAR 'horario_box1: com.geinzz.geinzwork.data.model.localizate_geinz.filtrado_tiendas.HorarioDia_box? declared in com.geinzz.geinzwork.ui.adapters.ui.pantallas.principal_ui.Mapa_perzonalizado_direccionesKt.dialogo_lugar_tienda' type=com.geinzz.geinzwork.data.model.localizate_geinz.filtrado_tiendas.HorarioDia_box? origin=null
                    p1: GET_VAR 'viewmodelMapa: com.geinzz.geinzwork.viewModels.viewmodel_mapa_personalizado declared in com.geinzz.geinzwork.ui.adapters.ui.pantallas.principal_ui.Mapa_perzonalizado_direccionesKt.dialogo_lugar_tienda' type=com.geinzz.geinzwork.viewModels.viewmodel_mapa_personalizado origin=null
                    p2: GET_VAR 'lat_user: kotlin.Double declared in com.geinzz.geinzwork.ui.adapters.ui.pantallas.principal_ui.Mapa_perzonalizado_direccionesKt.dialogo_lugar_tienda' type=kotlin.Double origin=null
                    p3: GET_VAR 'log_user: kotlin.Double declared in com.geinzz.geinzwork.ui.adapters.ui.pantallas.principal_ui.Mapa_perzonalizado_direccionesKt.dialogo_lugar_tienda' type=kotlin.Double origin=null
                    p4: GET_VAR 'time: kotlin.Long declared in com.geinzz.geinzwork.ui.adapters.ui.pantallas.principal_ui.Mapa_perzonalizado_direccionesKt.dialogo_lugar_tienda' type=kotlin.Long origin=null
                    p5: GET_VAR 'dataclass_map: com.geinzz.geinzwork.data.model.localizate_geinz.dataclass_map declared in com.geinzz.geinzwork.ui.adapters.ui.pantallas.principal_ui.Mapa_perzonalizado_direccionesKt.dialogo_lugar_tienda' type=com.geinzz.geinzwork.data.model.localizate_geinz.dataclass_map origin=null
                    p6: GET_VAR 'cerra_dialog: kotlin.Function0<kotlin.Unit> declared in com.geinzz.geinzwork.ui.adapters.ui.pantallas.principal_ui.Mapa_perzonalizado_direccionesKt.dialogo_lugar_tienda' type=kotlin.Function0<kotlin.Unit> origin=null
                    p7: GET_VAR 'limpiar: kotlin.Function0<kotlin.Unit> declared in com.geinzz.geinzwork.ui.adapters.ui.pantallas.principal_ui.Mapa_perzonalizado_direccionesKt.dialogo_lugar_tienda' type=kotlin.Function0<kotlin.Unit> origin=null
                    p8: GET_VAR 'crear_ruta: kotlin.Function3<@[ParameterName(name = "it_tienda")] kotlin.String, @[ParameterName(name = "lat")] kotlin.Double, @[ParameterName(name = "log")] kotlin.Double, kotlin.Unit> declared in com.geinzz.geinzwork.ui.adapters.ui.pantallas.principal_ui.Mapa_perzonalizado_direccionesKt.dialogo_lugar_tienda' type=kotlin.Function3<@[ParameterName(name = "it_tienda")] kotlin.String, @[ParameterName(name = "lat")] kotlin.Double, @[ParameterName(name = "log")] kotlin.Double, kotlin.Unit> origin=null
                    p9: GET_VAR 'actualizar: kotlin.Function0<kotlin.Unit> declared in com.geinzz.geinzwork.ui.adapters.ui.pantallas.principal_ui.Mapa_perzonalizado_direccionesKt.dialogo_lugar_tienda' type=kotlin.Function0<kotlin.Unit> origin=null
                    p10: GET_VAR 'boxVisible: kotlin.Boolean declared in com.geinzz.geinzwork.ui.adapters.ui.pantallas.principal_ui.Mapa_perzonalizado_direccionesKt.dialogo_lugar_tienda' type=kotlin.Boolean origin=null
                    p11: GET_VAR 'onBoxVisibleChange: kotlin.Function1<kotlin.Boolean, kotlin.Unit> declared in com.geinzz.geinzwork.ui.adapters.ui.pantallas.principal_ui.Mapa_perzonalizado_direccionesKt.dialogo_lugar_tienda' type=kotlin.Function1<kotlin.Boolean, kotlin.Unit> origin=null
                    p12: GET_VAR 'centrar_camara: kotlin.Function2<kotlin.Double, kotlin.Double, kotlin.Unit> declared in com.geinzz.geinzwork.ui.adapters.ui.pantallas.principal_ui.Mapa_perzonalizado_direccionesKt.dialogo_lugar_tienda' type=kotlin.Function2<kotlin.Double, kotlin.Double, kotlin.Unit> origin=null
                    p13: GET_VAR 'retornar_id_select: kotlin.Function2<kotlin.String, androidx.compose.ui.graphics.Color, kotlin.Unit> declared in com.geinzz.geinzwork.ui.adapters.ui.pantallas.principal_ui.Mapa_perzonalizado_direccionesKt.dialogo_lugar_tienda' type=kotlin.Function2<kotlin.String, androidx.compose.ui.graphics.Color, kotlin.Unit> origin=null
                    p14: GET_VAR 'onclick_iconos: kotlin.Function2<kotlin.String, com.geinzz.geinzwork.utils.constantes.localizate_geinz.constantes_lista_localidades.data_redes_tiendas, kotlin.Unit> declared in com.geinzz.geinzwork.ui.adapters.ui.pantallas.principal_ui.Mapa_perzonalizado_direccionesKt.dialogo_lugar_tienda' type=kotlin.Function2<kotlin.String, com.geinzz.geinzwork.utils.constantes.localizate_geinz.constantes_lista_localidades.data_redes_tiendas, kotlin.Unit> origin=null
                    p15: GET_VAR 'mostrar_lista: kotlin.Function0<kotlin.Unit> declared in com.geinzz.geinzwork.ui.adapters.ui.pantallas.principal_ui.Mapa_perzonalizado_direccionesKt.dialogo_lugar_tienda' type=kotlin.Function0<kotlin.Unit> origin=null
                    p16: GET_VAR 'move_izquierda: kotlin.Function0<kotlin.Unit> declared in com.geinzz.geinzwork.ui.adapters.ui.pantallas.principal_ui.Mapa_perzonalizado_direccionesKt.dialogo_lugar_tienda' type=kotlin.Function0<kotlin.Unit> origin=null
                    p17: GET_VAR 'move_derecha: kotlin.Function0<kotlin.Unit> declared in com.geinzz.geinzwork.ui.adapters.ui.pantallas.principal_ui.Mapa_perzonalizado_direccionesKt.dialogo_lugar_tienda' type=kotlin.Function0<kotlin.Unit> origin=null
                    p18: GET_VAR '$changed: kotlin.Int declared in com.geinzz.geinzwork.ui.adapters.ui.pantallas.principal_ui.Mapa_perzonalizado_direccionesKt.dialogo_lugar_tienda' type=kotlin.Int origin=null
                    p19: GET_VAR '$changed1: kotlin.Int declared in com.geinzz.geinzwork.ui.adapters.ui.pantallas.principal_ui.Mapa_perzonalizado_direccionesKt.dialogo_lugar_tienda' type=kotlin.Int origin=null
                  bootstrapMethodHandle: CALL 'public final fun <jvm-method-handle> (tag: kotlin.Int, owner: kotlin.String, name: kotlin.String, descriptor: kotlin.String, isInterface: kotlin.Boolean): kotlin.Any declared in kotlin.jvm.internal' type=kotlin.Any origin=null
                    tag: CONST Int type=kotlin.Int value=6
                    owner: CONST String type=kotlin.String value="java/lang/invoke/LambdaMetafactory"
                    name: CONST String type=kotlin.String value="metafactory"
                    descriptor: CONST String type=kotlin.String value="(Ljava/lang/invoke/MethodHandles$Lookup;Ljava/lang/String;Ljava/lang/invoke/MethodType;Ljava/lang/invoke/MethodType;Ljava/lang/invoke/MethodHandle;Ljava/lang/invoke/MethodType;)Ljava/lang/invoke/CallSite;"
                    isInterface: CONST Boolean type=kotlin.Boolean value=false
                  bootstrapMethodArguments: VARARG type=kotlin.Array<kotlin.Any> varargElementType=kotlin.Any
                    CALL 'public final fun <jvm-original-method-type> (method: kotlin.Any): kotlin.Any declared in kotlin.jvm.internal' type=kotlin.Any origin=null
                      method: RAW_FUNCTION_REFERENCE 'public abstract fun invoke (p1: P1 of kotlin.Function2, p2: P2 of kotlin.Function2): R of kotlin.Function2 [operator] declared in kotlin.Function2' type=kotlin.Any
                    RAW_FUNCTION_REFERENCE 'private final fun dialogo_lugar_tienda$lambda$187 ($horario_box1: com.geinzz.geinzwork.data.model.localizate_geinz.filtrado_tiendas.HorarioDia_box?, $viewmodelMapa: com.geinzz.geinzwork.viewModels.viewmodel_mapa_personalizado, $lat_user: kotlin.Double, $log_user: kotlin.Double, $time: kotlin.Long, $dataclass_map: com.geinzz.geinzwork.data.model.localizate_geinz.dataclass_map, $cerra_dialog: kotlin.Function0<kotlin.Unit>, $limpiar: kotlin.Function0<kotlin.Unit>, $crear_ruta: kotlin.Function3<@[ParameterName(name = "it_tienda")] kotlin.String, @[ParameterName(name = "lat")] kotlin.Double, @[ParameterName(name = "log")] kotlin.Double, kotlin.Unit>, $actualizar: kotlin.Function0<kotlin.Unit>, $boxVisible: kotlin.Boolean, $onBoxVisibleChange: kotlin.Function1<kotlin.Boolean, kotlin.Unit>, $centrar_camara: kotlin.Function2<kotlin.Double, kotlin.Double, kotlin.Unit>, $retornar_id_select: kotlin.Function2<kotlin.String, androidx.compose.ui.graphics.Color, kotlin.Unit>, $onclick_iconos: kotlin.Function2<kotlin.String, com.geinzz.geinzwork.utils.constantes.localizate_geinz.constantes_lista_localidades.data_redes_tiendas, kotlin.Unit>, $mostrar_lista: kotlin.Function0<kotlin.Unit>, $move_izquierda: kotlin.Function0<kotlin.Unit>, $move_derecha: kotlin.Function0<kotlin.Unit>, $$changed: kotlin.Int, $$changed1: kotlin.Int, $composer: androidx.compose.runtime.Composer?, $force: kotlin.Int): kotlin.Unit? declared in com.geinzz.geinzwork.ui.adapters.ui.pantallas.principal_ui.Mapa_perzonalizado_direccionesKt' type=kotlin.Any
                    CALL 'public final fun <jvm-original-method-type> (method: kotlin.Any): kotlin.Any declared in kotlin.jvm.internal' type=kotlin.Any origin=null
                      method: RAW_FUNCTION_REFERENCE 'public abstract fun invoke (p1: androidx.compose.runtime.Composer?, p2: kotlin.Int?): kotlin.Unit? [fake_override,operator] declared in kotlin.jvm.internal.invokeDynamic.<fake>' type=kotlin.Any
          BRANCH
            if: CONST Boolean type=kotlin.Boolean value=true
            then: CONST Null type=kotlin.Any? value=null

	at org.jetbrains.kotlin.backend.jvm.codegen.FunctionCodegen.generate(FunctionCodegen.kt:48)
	at org.jetbrains.kotlin.backend.jvm.codegen.FunctionCodegen.generate$default(FunctionCodegen.kt:41)
	at org.jetbrains.kotlin.backend.jvm.codegen.ClassCodegen.generateMethodNode(ClassCodegen.kt:407)
	at org.jetbrains.kotlin.backend.jvm.codegen.ClassCodegen.generateMethod(ClassCodegen.kt:424)
	at org.jetbrains.kotlin.backend.jvm.codegen.ClassCodegen.generate(ClassCodegen.kt:169)
	at org.jetbrains.kotlin.backend.jvm.FileCodegen.lower(JvmPhases.kt:39)
	at org.jetbrains.kotlin.backend.common.phaser.PhaseFactoriesKt.createFilePhase$lambda$4(PhaseFactories.kt:71)
	at org.jetbrains.kotlin.backend.common.phaser.PhaseBuildersKt$createSimpleNamedCompilerPhase$1.phaseBody(PhaseBuilders.kt:69)
	at org.jetbrains.kotlin.backend.common.phaser.SimpleNamedCompilerPhase.phaseBody(CompilerPhase.kt:226)
	at org.jetbrains.kotlin.backend.common.phaser.AbstractNamedCompilerPhase.invoke(CompilerPhase.kt:113)
	at org.jetbrains.kotlin.backend.common.phaser.PerformByIrFilePhase.invokeSequential(performByIrFile.kt:52)
	... 37 more
Caused by: java.lang.RuntimeException: Exception while generating code for:
FUN INLINE_LAMBDA name:dialogo_lugar_tienda$lambda$186 visibility:private modality:FINAL <> ($receiver:androidx.compose.foundation.layout.ColumnScope, $cornerShap2:androidx.compose.foundation.shape.RoundedCornerShape, $boxVisible:kotlin.Boolean, $dataclass_map:com.geinzz.geinzwork.data.model.localizate_geinz.dataclass_map, $horarioSeguro:com.geinzz.geinzwork.data.model.localizate_geinz.filtrado_tiendas.HorarioDia_box, $tick:kotlin.Long, $$dirty:kotlin.Int, $$dirty1:kotlin.Int, $animatedWidth$delegate:androidx.compose.runtime.State<kotlin.Float>, $cornerShape:androidx.compose.foundation.shape.RoundedCornerShape, $onBoxVisibleChange:kotlin.Function1<kotlin.Boolean, kotlin.Unit>, $move_derecha:kotlin.Function0<kotlin.Unit>, $move_izquierda:kotlin.Function0<kotlin.Unit>, $mostrar_lista:kotlin.Function0<kotlin.Unit>, $totalDx$delegate:androidx.compose.runtime.MutableState<kotlin.Float>, $validad_horario$delegate:androidx.compose.runtime.MutableState<kotlin.Boolean>, $totalDY$delegate:androidx.compose.runtime.MutableState<kotlin.Float>, $estadoKM$delegate:androidx.compose.runtime.State<kotlin.Boolean>, $dialogo_distancia$delegate:androidx.compose.runtime.MutableState<kotlin.Boolean>, $distancia$delegate:androidx.compose.runtime.State<kotlin.String>, $estadoColor$delegate:androidx.compose.runtime.MutableState<androidx.compose.ui.graphics.Color>, $cerra_dialog:kotlin.Function0<kotlin.Unit>, $limpiar:kotlin.Function0<kotlin.Unit>, $centrar_camara:kotlin.Function2<kotlin.Double, kotlin.Double, kotlin.Unit>, $listate:androidx.compose.foundation.lazy.LazyListState, $alphaLeft$delegate:androidx.compose.runtime.State<kotlin.Float>, $alphaRight$delegate:androidx.compose.runtime.State<kotlin.Float>, $retornar_id_select:kotlin.Function2<kotlin.String, androidx.compose.ui.graphics.Color, kotlin.Unit>, $crear_ruta:kotlin.Function3<@[ParameterName(name = "it_tienda")] kotlin.String, @[ParameterName(name = "lat")] kotlin.Double, @[ParameterName(name = "log")] kotlin.Double, kotlin.Unit>, $lista_redes_tiendas:kotlin.collections.List<com.geinzz.geinzwork.utils.constantes.localizate_geinz.constantes_lista_localidades.data_redes_tiendas>, $onclick_iconos:kotlin.Function2<kotlin.String, com.geinzz.geinzwork.utils.constantes.localizate_geinz.constantes_lista_localidades.data_redes_tiendas, kotlin.Unit>, $composer:androidx.compose.runtime.Composer?, $changed:kotlin.Int) returnType:kotlin.Unit
  annotations:
    Composable
    ComposableTarget(applier = "androidx.compose.ui.UiComposable")
  $receiver: VALUE_PARAMETER name:$this$Column type:androidx.compose.foundation.layout.ColumnScope
  VALUE_PARAMETER BOUND_VALUE_PARAMETER name:$cornerShap2 index:0 type:androidx.compose.foundation.shape.RoundedCornerShape
  VALUE_PARAMETER BOUND_VALUE_PARAMETER name:$boxVisible index:1 type:kotlin.Boolean
  VALUE_PARAMETER BOUND_VALUE_PARAMETER name:$dataclass_map index:2 type:com.geinzz.geinzwork.data.model.localizate_geinz.dataclass_map
  VALUE_PARAMETER BOUND_VALUE_PARAMETER name:$horarioSeguro index:3 type:com.geinzz.geinzwork.data.model.localizate_geinz.filtrado_tiendas.HorarioDia_box
  VALUE_PARAMETER BOUND_VALUE_PARAMETER name:$tick index:4 type:kotlin.Long
  VALUE_PARAMETER BOUND_VALUE_PARAMETER name:$$dirty index:5 type:kotlin.Int
  VALUE_PARAMETER BOUND_VALUE_PARAMETER name:$$dirty1 index:6 type:kotlin.Int
  VALUE_PARAMETER BOUND_VALUE_PARAMETER name:$animatedWidth$delegate index:7 type:androidx.compose.runtime.State<kotlin.Float>
  VALUE_PARAMETER BOUND_VALUE_PARAMETER name:$cornerShape index:8 type:androidx.compose.foundation.shape.RoundedCornerShape
  VALUE_PARAMETER BOUND_VALUE_PARAMETER name:$onBoxVisibleChange index:9 type:kotlin.Function1<kotlin.Boolean, kotlin.Unit>
  VALUE_PARAMETER BOUND_VALUE_PARAMETER name:$move_derecha index:10 type:kotlin.Function0<kotlin.Unit>
  VALUE_PARAMETER BOUND_VALUE_PARAMETER name:$move_izquierda index:11 type:kotlin.Function0<kotlin.Unit>
  VALUE_PARAMETER BOUND_VALUE_PARAMETER name:$mostrar_lista index:12 type:kotlin.Function0<kotlin.Unit>
  VALUE_PARAMETER BOUND_VALUE_PARAMETER name:$totalDx$delegate index:13 type:androidx.compose.runtime.MutableState<kotlin.Float>
  VALUE_PARAMETER BOUND_VALUE_PARAMETER name:$validad_horario$delegate index:14 type:androidx.compose.runtime.MutableState<kotlin.Boolean>
  VALUE_PARAMETER BOUND_VALUE_PARAMETER name:$totalDY$delegate index:15 type:androidx.compose.runtime.MutableState<kotlin.Float>
  VALUE_PARAMETER BOUND_VALUE_PARAMETER name:$estadoKM$delegate index:16 type:androidx.compose.runtime.State<kotlin.Boolean>
  VALUE_PARAMETER BOUND_VALUE_PARAMETER name:$dialogo_distancia$delegate index:17 type:androidx.compose.runtime.MutableState<kotlin.Boolean>
  VALUE_PARAMETER BOUND_VALUE_PARAMETER name:$distancia$delegate index:18 type:androidx.compose.runtime.State<kotlin.String>
  VALUE_PARAMETER BOUND_VALUE_PARAMETER name:$estadoColor$delegate index:19 type:androidx.compose.runtime.MutableState<androidx.compose.ui.graphics.Color>
  VALUE_PARAMETER BOUND_VALUE_PARAMETER name:$cerra_dialog index:20 type:kotlin.Function0<kotlin.Unit>
  VALUE_PARAMETER BOUND_VALUE_PARAMETER name:$limpiar index:21 type:kotlin.Function0<kotlin.Unit>
  VALUE_PARAMETER BOUND_VALUE_PARAMETER name:$centrar_camara index:22 type:kotlin.Function2<kotlin.Double, kotlin.Double, kotlin.Unit>
  VALUE_PARAMETER BOUND_VALUE_PARAMETER name:$listate index:23 type:androidx.compose.foundation.lazy.LazyListState
  VALUE_PARAMETER BOUND_VALUE_PARAMETER name:$alphaLeft$delegate index:24 type:androidx.compose.runtime.State<kotlin.Float>
  VALUE_PARAMETER BOUND_VALUE_PARAMETER name:$alphaRight$delegate index:25 type:androidx.compose.runtime.State<kotlin.Float>
  VALUE_PARAMETER BOUND_VALUE_PARAMETER name:$retornar_id_select index:26 type:kotlin.Function2<kotlin.String, androidx.compose.ui.graphics.Color, kotlin.Unit>
  VALUE_PARAMETER BOUND_VALUE_PARAMETER name:$crear_ruta index:27 type:kotlin.Function3<@[ParameterName(name = "it_tienda")] kotlin.String, @[ParameterName(name = "lat")] kotlin.Double, @[ParameterName(name = "log")] kotlin.Double, kotlin.Unit>
  VALUE_PARAMETER BOUND_VALUE_PARAMETER name:$lista_redes_tiendas index:28 type:kotlin.collections.List<com.geinzz.geinzwork.utils.constantes.localizate_geinz.constantes_lista_localidades.data_redes_tiendas>
  VALUE_PARAMETER BOUND_VALUE_PARAMETER name:$onclick_iconos index:29 type:kotlin.Function2<kotlin.String, com.geinzz.geinzwork.utils.constantes.localizate_geinz.constantes_lista_localidades.data_redes_tiendas, kotlin.Unit>
  VALUE_PARAMETER name:$composer index:30 type:androidx.compose.runtime.Composer? [assignable]
  VALUE_PARAMETER name:$changed index:31 type:kotlin.Int
  BLOCK_BODY
    VAR name:$i$a$-Column-Mapa_perzonalizado_direccionesKt$dialogo_lugar_tienda$4 type:kotlin.Int [val]
      CONST Int type=kotlin.Int value=0
    BLOCK type=kotlin.Unit origin=null
      CALL 'public final fun sourceInformationMarkerStart (composer: androidx.compose.runtime.Composer, key: kotlin.Int, sourceInformation: kotlin.String): kotlin.Unit declared in androidx.compose.runtime.ComposerKt' type=kotlin.Unit origin=null
        composer: GET_VAR '$composer: androidx.compose.runtime.Composer? [assignable] declared in com.geinzz.geinzwork.ui.adapters.ui.pantallas.principal_ui.Mapa_perzonalizado_direccionesKt.dialogo_lugar_tienda$lambda$186' type=androidx.compose.runtime.Composer? origin=null
        key: CONST Int type=kotlin.Int value=208713681
        sourceInformation: CONST String type=kotlin.String value="C1399@60480L17104,1781@77755L2554,1776@77594L2715:mapa_perzonalizado_direcciones.kt#wpgen7"
      COMPOSITE type=kotlin.Unit origin=null
        CALL 'public final fun Row (modifier: androidx.compose.ui.Modifier?, horizontalArrangement: androidx.compose.foundation.layout.Arrangement.Horizontal?, verticalAlignment: androidx.compose.ui.Alignment.Vertical?, content: @[ExtensionFunctionType] kotlin.Function3<androidx.compose.foundation.layout.RowScope, androidx.compose.runtime.Composer, kotlin.Int, kotlin.Unit>, $composer: androidx.compose.runtime.Composer?, $changed: kotlin.Int, $default: kotlin.Int): kotlin.Unit [inline] declared in androidx.compose.foundation.layout.RowKt' type=kotlin.Unit origin=null
          modifier: CALL 'public final fun clip (shape: androidx.compose.ui.graphics.Shape): androidx.compose.ui.Modifier declared in androidx.compose.ui.draw.ClipKt' type=androidx.compose.ui.Modifier origin=null
            $receiver: CALL 'public final fun animateContentSize$default (animationSpec: androidx.compose.animation.core.FiniteAnimationSpec<androidx.compose.ui.unit.IntSize>?, finishedListener: kotlin.Function2<@[ParameterName(name = "initialValue")] androidx.compose.ui.unit.IntSize, @[ParameterName(name = "targetValue")] androidx.compose.ui.unit.IntSize, kotlin.Unit>?, $mask0: kotlin.Int, $handler: kotlin.Any?): androidx.compose.ui.Modifier declared in androidx.compose.animation.AnimationModifierKt' type=androidx.compose.ui.Modifier origin=DEFAULT_DISPATCH_CALL
              $receiver: CALL 'public final fun heightIn-VpY3zN4 (min: androidx.compose.ui.unit.Dp, max: androidx.compose.ui.unit.Dp): androidx.compose.ui.Modifier declared in androidx.compose.foundation.layout.SizeKt' type=androidx.compose.ui.Modifier origin=null
                $receiver: GET_FIELD 'FIELD FIELD_FOR_OBJECT_INSTANCE name:Companion type:androidx.compose.ui.Modifier.Companion visibility:public [final,static] declared in androidx.compose.ui.Modifier' type=androidx.compose.ui.Modifier.Companion origin=null
                min: CALL 'public final fun <get-dp> (): androidx.compose.ui.unit.Dp [inline] declared in androidx.compose.ui.unit.DpKt' type=androidx.compose.ui.unit.Dp origin=GET_PROPERTY
                  $receiver: CONST Int type=kotlin.Int value=120
                max: CALL 'public final fun <get-dp> (): androidx.compose.ui.unit.Dp [inline] declared in androidx.compose.ui.unit.DpKt' type=androidx.compose.ui.unit.Dp origin=GET_PROPERTY
                  $receiver: CONST Int type=kotlin.Int value=180
              animationSpec: COMPOSITE type=androidx.compose.animation.core.FiniteAnimationSpec<androidx.compose.ui.unit.IntSize>? origin=DEFAULT_VALUE
                CONST Null type=androidx.compose.animation.core.FiniteAnimationSpec<androidx.compose.ui.unit.IntSize>? value=null
              finishedListener: COMPOSITE type=kotlin.Function2<@[ParameterName(name = "initialValue")] androidx.compose.ui.unit.IntSize, @[ParameterName(name = "targetValue")] androidx.compose.ui.unit.IntSize, kotlin.Unit>? origin=DEFAULT_VALUE
                CONST Null type=kotlin.Function2<@[ParameterName(name = "initialValue")] androidx.compose.ui.unit.IntSize, @[ParameterName(name = "targetValue")] androidx.compose.ui.unit.IntSize, kotlin.Unit>? value=null
              $mask0: CONST Int type=kotlin.Int value=3
              $handler: CONST Null type=kotlin.Any? value=null
            shape: GET_VAR '$cornerShap2: androidx.compose.foundation.shape.RoundedCornerShape declared in com.geinzz.geinzwork.ui.adapters.ui.pantallas.principal_ui.Mapa_perzonalizado_direccionesKt.dialogo_lugar_tienda$lambda$186' type=androidx.compose.foundation.shape.RoundedCornerShape origin=null
          horizontalArrangement: COMPOSITE type=kotlin.Nothing? origin=DEFAULT_VALUE
            CONST Null type=kotlin.Nothing? value=null
          verticalAlignment: COMPOSITE type=kotlin.Nothing? origin=DEFAULT_VALUE
            CONST Null type=kotlin.Nothing? value=null
          content: BLOCK type=@[ExtensionFunctionType] kotlin.Function3<androidx.compose.foundation.layout.RowScope, androidx.compose.runtime.Composer, kotlin.Int, kotlin.Unit> origin=LAMBDA
            COMPOSITE type=kotlin.Unit origin=null
            FUNCTION_REFERENCE 'private final fun dialogo_lugar_tienda$lambda$186$lambda$182 ($boxVisible: kotlin.Boolean, $$dirty1: kotlin.Int, $animatedWidth$delegate: androidx.compose.runtime.State<kotlin.Float>, $dataclass_map: com.geinzz.geinzwork.data.model.localizate_geinz.dataclass_map, $cornerShape: androidx.compose.foundation.shape.RoundedCornerShape, $onBoxVisibleChange: kotlin.Function1<kotlin.Boolean, kotlin.Unit>, $move_derecha: kotlin.Function0<kotlin.Unit>, $move_izquierda: kotlin.Function0<kotlin.Unit>, $mostrar_lista: kotlin.Function0<kotlin.Unit>, $totalDx$delegate: androidx.compose.runtime.MutableState<kotlin.Float>, $validad_horario$delegate: androidx.compose.runtime.MutableState<kotlin.Boolean>, $totalDY$delegate: androidx.compose.runtime.MutableState<kotlin.Float>, $estadoKM$delegate: androidx.compose.runtime.State<kotlin.Boolean>, $dialogo_distancia$delegate: androidx.compose.runtime.MutableState<kotlin.Boolean>, $distancia$delegate: androidx.compose.runtime.State<kotlin.String>, $estadoColor$delegate: androidx.compose.runtime.MutableState<androidx.compose.ui.graphics.Color>, $cerra_dialog: kotlin.Function0<kotlin.Unit>, $limpiar: kotlin.Function0<kotlin.Unit>, $centrar_camara: kotlin.Function2<kotlin.Double, kotlin.Double, kotlin.Unit>, $horarioSeguro: com.geinzz.geinzwork.data.model.localizate_geinz.filtrado_tiendas.HorarioDia_box, $tick: kotlin.Long, $listate: androidx.compose.foundation.lazy.LazyListState, $alphaLeft$delegate: androidx.compose.runtime.State<kotlin.Float>, $alphaRight$delegate: androidx.compose.runtime.State<kotlin.Float>, $retornar_id_select: kotlin.Function2<kotlin.String, androidx.compose.ui.graphics.Color, kotlin.Unit>, $crear_ruta: kotlin.Function3<@[ParameterName(name = "it_tienda")] kotlin.String, @[ParameterName(name = "lat")] kotlin.Double, @[ParameterName(name = "log")] kotlin.Double, kotlin.Unit>, $composer: androidx.compose.runtime.Composer?, $changed: kotlin.Int): kotlin.Unit declared in com.geinzz.geinzwork.ui.adapters.ui.pantallas.principal_ui.Mapa_perzonalizado_direccionesKt' type=@[ExtensionFunctionType] kotlin.Function3<androidx.compose.foundation.layout.RowScope, androidx.compose.runtime.Composer, kotlin.Int, kotlin.Unit> origin=INLINE_LAMBDA reflectionTarget=null
              $boxVisible: GET_VAR '$boxVisible: kotlin.Boolean declared in com.geinzz.geinzwork.ui.adapters.ui.pantallas.principal_ui.Mapa_perzonalizado_direccionesKt.dialogo_lugar_tienda$lambda$186' type=kotlin.Boolean origin=null
              $$dirty1: GET_VAR '$$dirty1: kotlin.Int declared in com.geinzz.geinzwork.ui.adapters.ui.pantallas.principal_ui.Mapa_perzonalizado_direccionesKt.dialogo_lugar_tienda$lambda$186' type=kotlin.Int origin=null
              $animatedWidth$delegate: GET_VAR '$animatedWidth$delegate: androidx.compose.runtime.State<kotlin.Float> declared in com.geinzz.geinzwork.ui.adapters.ui.pantallas.principal_ui.Mapa_perzonalizado_direccionesKt.dialogo_lugar_tienda$lambda$186' type=androidx.compose.runtime.State<kotlin.Float> origin=null
              $dataclass_map: GET_VAR '$dataclass_map: com.geinzz.geinzwork.data.model.localizate_geinz.dataclass_map declared in com.geinzz.geinzwork.ui.adapters.ui.pantallas.principal_ui.Mapa_perzonalizado_direccionesKt.dialogo_lugar_tienda$lambda$186' type=com.geinzz.geinzwork.data.model.localizate_geinz.dataclass_map origin=null
              $cornerShape: GET_VAR '$cornerShape: androidx.compose.foundation.shape.RoundedCornerShape declared in com.geinzz.geinzwork.ui.adapters.ui.pantallas.principal_ui.Mapa_perzonalizado_direccionesKt.dialogo_lugar_tienda$lambda$186' type=androidx.compose.foundation.shape.RoundedCornerShape origin=null
              $onBoxVisibleChange: GET_VAR '$onBoxVisibleChange: kotlin.Function1<kotlin.Boolean, kotlin.Unit> declared in com.geinzz.geinzwork.ui.adapters.ui.pantallas.principal_ui.Mapa_perzonalizado_direccionesKt.dialogo_lugar_tienda$lambda$186' type=kotlin.Function1<kotlin.Boolean, kotlin.Unit> origin=null
              $move_derecha: GET_VAR '$move_derecha: kotlin.Function0<kotlin.Unit> declared in com.geinzz.geinzwork.ui.adapters.ui.pantallas.principal_ui.Mapa_perzonalizado_direccionesKt.dialogo_lugar_tienda$lambda$186' type=kotlin.Function0<kotlin.Unit> origin=null
              $move_izquierda: GET_VAR '$move_izquierda: kotlin.Function0<kotlin.Unit> declared in com.geinzz.geinzwork.ui.adapters.ui.pantallas.principal_ui.Mapa_perzonalizado_direccionesKt.dialogo_lugar_tienda$lambda$186' type=kotlin.Function0<kotlin.Unit> origin=null
              $mostrar_lista: GET_VAR '$mostrar_lista: kotlin.Function0<kotlin.Unit> declared in com.geinzz.geinzwork.ui.adapters.ui.pantallas.principal_ui.Mapa_perzonalizado_direccionesKt.dialogo_lugar_tienda$lambda$186' type=kotlin.Function0<kotlin.Unit> origin=null
              $totalDx$delegate: GET_VAR '$totalDx$delegate: androidx.compose.runtime.MutableState<kotlin.Float> declared in com.geinzz.geinzwork.ui.adapters.ui.pantallas.principal_ui.Mapa_perzonalizado_direccionesKt.dialogo_lugar_tienda$lambda$186' type=androidx.compose.runtime.MutableState<kotlin.Float> origin=null
              $validad_horario$delegate: GET_VAR '$validad_horario$delegate: androidx.compose.runtime.MutableState<kotlin.Boolean> declared in com.geinzz.geinzwork.ui.adapters.ui.pantallas.principal_ui.Mapa_perzonalizado_direccionesKt.dialogo_lugar_tienda$lambda$186' type=androidx.compose.runtime.MutableState<kotlin.Boolean> origin=null
              $totalDY$delegate: GET_VAR '$totalDY$delegate: androidx.compose.runtime.MutableState<kotlin.Float> declared in com.geinzz.geinzwork.ui.adapters.ui.pantallas.principal_ui.Mapa_perzonalizado_direccionesKt.dialogo_lugar_tienda$lambda$186' type=androidx.compose.runtime.MutableState<kotlin.Float> origin=null
              $estadoKM$delegate: GET_VAR '$estadoKM$delegate: androidx.compose.runtime.State<kotlin.Boolean> declared in com.geinzz.geinzwork.ui.adapters.ui.pantallas.principal_ui.Mapa_perzonalizado_direccionesKt.dialogo_lugar_tienda$lambda$186' type=androidx.compose.runtime.State<kotlin.Boolean> origin=null
              $dialogo_distancia$delegate: GET_VAR '$dialogo_distancia$delegate: androidx.compose.runtime.MutableState<kotlin.Boolean> declared in com.geinzz.geinzwork.ui.adapters.ui.pantallas.principal_ui.Mapa_perzonalizado_direccionesKt.dialogo_lugar_tienda$lambda$186' type=androidx.compose.runtime.MutableState<kotlin.Boolean> origin=null
              $distancia$delegate: GET_VAR '$distancia$delegate: androidx.compose.runtime.State<kotlin.String> declared in com.geinzz.geinzwork.ui.adapters.ui.pantallas.principal_ui.Mapa_perzonalizado_direccionesKt.dialogo_lugar_tienda$lambda$186' type=androidx.compose.runtime.State<kotlin.String> origin=null
              $estadoColor$delegate: GET_VAR '$estadoColor$delegate: androidx.compose.runtime.MutableState<androidx.compose.ui.graphics.Color> declared in com.geinzz.geinzwork.ui.adapters.ui.pantallas.principal_ui.Mapa_perzonalizado_direccionesKt.dialogo_lugar_tienda$lambda$186' type=androidx.compose.runtime.MutableState<androidx.compose.ui.graphics.Color> origin=null
              $cerra_dialog: GET_VAR '$cerra_dialog: kotlin.Function0<kotlin.Unit> declared in com.geinzz.geinzwork.ui.adapters.ui.pantallas.principal_ui.Mapa_perzonalizado_direccionesKt.dialogo_lugar_tienda$lambda$186' type=kotlin.Function0<kotlin.Unit> origin=null
              $limpiar: GET_VAR '$limpiar: kotlin.Function0<kotlin.Unit> declared in com.geinzz.geinzwork.ui.adapters.ui.pantallas.principal_ui.Mapa_perzonalizado_direccionesKt.dialogo_lugar_tienda$lambda$186' type=kotlin.Function0<kotlin.Unit> origin=null
              $centrar_camara: GET_VAR '$centrar_camara: kotlin.Function2<kotlin.Double, kotlin.Double, kotlin.Unit> declared in com.geinzz.geinzwork.ui.adapters.ui.pantallas.principal_ui.Mapa_perzonalizado_direccionesKt.dialogo_lugar_tienda$lambda$186' type=kotlin.Function2<kotlin.Double, kotlin.Double, kotlin.Unit> origin=null
              $horarioSeguro: GET_VAR '$horarioSeguro: com.geinzz.geinzwork.data.model.localizate_geinz.filtrado_tiendas.HorarioDia_box declared in com.geinzz.geinzwork.ui.adapters.ui.pantallas.principal_ui.Mapa_perzonalizado_direccionesKt.dialogo_lugar_tienda$lambda$186' type=com.geinzz.geinzwork.data.model.localizate_geinz.filtrado_tiendas.HorarioDia_box origin=null
              $tick: GET_VAR '$tick: kotlin.Long declared in com.geinzz.geinzwork.ui.adapters.ui.pantallas.principal_ui.Mapa_perzonalizado_direccionesKt.dialogo_lugar_tienda$lambda$186' type=kotlin.Long origin=null
              $listate: GET_VAR '$listate: androidx.compose.foundation.lazy.LazyListState declared in com.geinzz.geinzwork.ui.adapters.ui.pantallas.principal_ui.Mapa_perzonalizado_direccionesKt.dialogo_lugar_tienda$lambda$186' type=androidx.compose.foundation.lazy.LazyListState origin=null
              $alphaLeft$delegate: GET_VAR '$alphaLeft$delegate: androidx.compose.runtime.State<kotlin.Float> declared in com.geinzz.geinzwork.ui.adapters.ui.pantallas.principal_ui.Mapa_perzonalizado_direccionesKt.dialogo_lugar_tienda$lambda$186' type=androidx.compose.runtime.State<kotlin.Float> origin=null
              $alphaRight$delegate: GET_VAR '$alphaRight$delegate: androidx.compose.runtime.State<kotlin.Float> declared in com.geinzz.geinzwork.ui.adapters.ui.pantallas.principal_ui.Mapa_perzonalizado_direccionesKt.dialogo_lugar_tienda$lambda$186' type=androidx.compose.runtime.State<kotlin.Float> origin=null
              $retornar_id_select: GET_VAR '$retornar_id_select: kotlin.Function2<kotlin.String, androidx.compose.ui.graphics.Color, kotlin.Unit> declared in com.geinzz.geinzwork.ui.adapters.ui.pantallas.principal_ui.Mapa_perzonalizado_direccionesKt.dialogo_lugar_tienda$lambda$186' type=kotlin.Function2<kotlin.String, androidx.compose.ui.graphics.Color, kotlin.Unit> origin=null
              $crear_ruta: GET_VAR '$crear_ruta: kotlin.Function3<@[ParameterName(name = "it_tienda")] kotlin.String, @[ParameterName(name = "lat")] kotlin.Double, @[ParameterName(name = "log")] kotlin.Double, kotlin.Unit> declared in com.geinzz.geinzwork.ui.adapters.ui.pantallas.principal_ui.Mapa_perzonalizado_direccionesKt.dialogo_lugar_tienda$lambda$186' type=kotlin.Function3<@[ParameterName(name = "it_tienda")] kotlin.String, @[ParameterName(name = "lat")] kotlin.Double, @[ParameterName(name = "log")] kotlin.Double, kotlin.Unit> origin=null
          $composer: GET_VAR '$composer: androidx.compose.runtime.Composer? [assignable] declared in com.geinzz.geinzwork.ui.adapters.ui.pantallas.principal_ui.Mapa_perzonalizado_direccionesKt.dialogo_lugar_tienda$lambda$186' type=androidx.compose.runtime.Composer? origin=null
          $changed: CONST Int type=kotlin.Int value=0
          $default: CONST Int type=kotlin.Int value=6
        CALL 'public final fun AnimatedVisibility (visible: kotlin.Boolean, modifier: androidx.compose.ui.Modifier?, enter: androidx.compose.animation.EnterTransition?, exit: androidx.compose.animation.ExitTransition?, label: kotlin.String?, content: @[ExtensionFunctionType] kotlin.Function3<androidx.compose.animation.AnimatedVisibilityScope, androidx.compose.runtime.Composer, kotlin.Int, kotlin.Unit>, $composer: androidx.compose.runtime.Composer?, $changed: kotlin.Int, $default: kotlin.Int): kotlin.Unit declared in androidx.compose.animation.AnimatedVisibilityKt' type=kotlin.Unit origin=null
          $receiver: GET_VAR '$this$Column: androidx.compose.foundation.layout.ColumnScope declared in com.geinzz.geinzwork.ui.adapters.ui.pantallas.principal_ui.Mapa_perzonalizado_direccionesKt.dialogo_lugar_tienda$lambda$186' type=androidx.compose.foundation.layout.ColumnScope origin=null
          visible: CALL 'public final fun not (): kotlin.Boolean [operator] declared in kotlin.Boolean' type=kotlin.Boolean origin=null
            $this: GET_VAR '$boxVisible: kotlin.Boolean declared in com.geinzz.geinzwork.ui.adapters.ui.pantallas.principal_ui.Mapa_perzonalizado_direccionesKt.dialogo_lugar_tienda$lambda$186' type=kotlin.Boolean origin=null
          modifier: CALL 'public final fun zIndex (zIndex: kotlin.Float): androidx.compose.ui.Modifier declared in androidx.compose.ui.ZIndexModifierKt' type=androidx.compose.ui.Modifier origin=null
            $receiver: CALL 'public final fun fillMaxWidth (fraction: kotlin.Float): androidx.compose.ui.Modifier declared in androidx.compose.foundation.layout.SizeKt' type=androidx.compose.ui.Modifier origin=null
              $receiver: GET_FIELD 'FIELD FIELD_FOR_OBJECT_INSTANCE name:Companion type:androidx.compose.ui.Modifier.Companion visibility:public [final,static] declared in androidx.compose.ui.Modifier' type=androidx.compose.ui.Modifier.Companion origin=null
              fraction: CALL 'private final fun dialogo_lugar_tienda$lambda$161 ($animatedWidth$delegate: androidx.compose.runtime.State<kotlin.Float>): kotlin.Float declared in com.geinzz.geinzwork.ui.adapters.ui.pantallas.principal_ui.Mapa_perzonalizado_direccionesKt' type=kotlin.Float origin=GET_LOCAL_PROPERTY
                $animatedWidth$delegate: GET_VAR '$animatedWidth$delegate: androidx.compose.runtime.State<kotlin.Float> declared in com.geinzz.geinzwork.ui.adapters.ui.pantallas.principal_ui.Mapa_perzonalizado_direccionesKt.dialogo_lugar_tienda$lambda$186' type=androidx.compose.runtime.State<kotlin.Float> origin=null
            zIndex: CONST Float type=kotlin.Float value=-1.0
          enter: COMPOSITE type=kotlin.Nothing? origin=DEFAULT_VALUE
            CONST Null type=kotlin.Nothing? value=null
          exit: COMPOSITE type=kotlin.Nothing? origin=DEFAULT_VALUE
            CONST Null type=kotlin.Nothing? value=null
          label: COMPOSITE type=kotlin.Nothing? origin=DEFAULT_VALUE
            CONST Null type=kotlin.Nothing? value=null
          content: CALL 'public final fun rememberComposableLambda (key: kotlin.Int, tracked: kotlin.Boolean, block: kotlin.Any, $composer: androidx.compose.runtime.Composer?, $changed: kotlin.Int): androidx.compose.runtime.internal.ComposableLambda declared in androidx.compose.runtime.internal.ComposableLambdaKt' type=androidx.compose.runtime.internal.ComposableLambda origin=null
            key: CONST Int type=kotlin.Int value=357063752
            tracked: CONST Boolean type=kotlin.Boolean value=true
            block: BLOCK type=com.geinzz.geinzwork.ui.adapters.ui.pantallas.principal_ui.Mapa_perzonalizado_direccionesKt.dialogo_lugar_tienda$lambda$186.<no name provided> origin=null
              CLASS LAMBDA_IMPL CLASS name:<no name provided> modality:FINAL visibility:public/*package*/ superTypes:[kotlin.Any; kotlin.Function3<androidx.compose.animation.AnimatedVisibilityScope, androidx.compose.runtime.Composer, kotlin.Int, kotlin.Unit>]
                $this: VALUE_PARAMETER INSTANCE_RECEIVER name:<this> type:com.geinzz.geinzwork.ui.adapters.ui.pantallas.principal_ui.Mapa_perzonalizado_direccionesKt.dialogo_lugar_tienda$lambda$186.<no name provided>
                CONSTRUCTOR GENERATED_MEMBER_IN_CALLABLE_REFERENCE visibility:public/*package*/ <> ($listate:androidx.compose.foundation.lazy.LazyListState, $lista_redes_tiendas:kotlin.collections.List<com.geinzz.geinzwork.utils.constantes.localizate_geinz.constantes_lista_localidades.data_redes_tiendas>, $onclick_iconos:kotlin.Function2<kotlin.String, com.geinzz.geinzwork.utils.constantes.localizate_geinz.constantes_lista_localidades.data_redes_tiendas, kotlin.Unit>, $dataclass_map:com.geinzz.geinzwork.data.model.localizate_geinz.dataclass_map, $alphaLeft$delegate:androidx.compose.runtime.State<kotlin.Float>, $alphaRight$delegate:androidx.compose.runtime.State<kotlin.Float>) returnType:com.geinzz.geinzwork.ui.adapters.ui.pantallas.principal_ui.Mapa_perzonalizado_direccionesKt.dialogo_lugar_tienda$lambda$186.<no name provided> [primary]
                  VALUE_PARAMETER BOUND_VALUE_PARAMETER name:$listate index:0 type:androidx.compose.foundation.lazy.LazyListState
                  VALUE_PARAMETER BOUND_VALUE_PARAMETER name:$lista_redes_tiendas index:1 type:kotlin.collections.List<com.geinzz.geinzwork.utils.constantes.localizate_geinz.constantes_lista_localidades.data_redes_tiendas>
                  VALUE_PARAMETER BOUND_VALUE_PARAMETER name:$onclick_iconos index:2 type:kotlin.Function2<kotlin.String, com.geinzz.geinzwork.utils.constantes.localizate_geinz.constantes_lista_localidades.data_redes_tiendas, kotlin.Unit>
                  VALUE_PARAMETER BOUND_VALUE_PARAMETER name:$dataclass_map index:3 type:com.geinzz.geinzwork.data.model.localizate_geinz.dataclass_map
                  VALUE_PARAMETER BOUND_VALUE_PARAMETER name:$alphaLeft$delegate index:4 type:androidx.compose.runtime.State<kotlin.Float>
                  VALUE_PARAMETER BOUND_VALUE_PARAMETER name:$alphaRight$delegate index:5 type:androidx.compose.runtime.State<kotlin.Float>
                  BLOCK_BODY
                    SET_FIELD 'FIELD FIELD_FOR_CAPTURED_VALUE name:$listate type:androidx.compose.foundation.lazy.LazyListState visibility:public/*package*/ [final] declared in com.geinzz.geinzwork.ui.adapters.ui.pantallas.principal_ui.Mapa_perzonalizado_direccionesKt.dialogo_lugar_tienda$lambda$186.<no name provided>' type=kotlin.Unit origin=INITIALIZER_OF_FIELD_FOR_CAPTURED_VALUE
                      receiver: GET_VAR '<this>: com.geinzz.geinzwork.ui.adapters.ui.pantallas.principal_ui.Mapa_perzonalizado_direccionesKt.dialogo_lugar_tienda$lambda$186.<no name provided> declared in com.geinzz.geinzwork.ui.adapters.ui.pantallas.principal_ui.Mapa_perzonalizado_direccionesKt.dialogo_lugar_tienda$lambda$186.<no name provided>' type=com.geinzz.geinzwork.ui.adapters.ui.pantallas.principal_ui.Mapa_perzonalizado_direccionesKt.dialogo_lugar_tienda$lambda$186.<no name provided> origin=null
                      value: GET_VAR '$listate: androidx.compose.foundation.lazy.LazyListState declared in com.geinzz.geinzwork.ui.adapters.ui.pantallas.principal_ui.Mapa_perzonalizado_direccionesKt.dialogo_lugar_tienda$lambda$186.<no name provided>.<init>' type=androidx.compose.foundation.lazy.LazyListState origin=null
                    SET_FIELD 'FIELD FIELD_FOR_CAPTURED_VALUE name:$lista_redes_tiendas type:kotlin.collections.List<com.geinzz.geinzwork.utils.constantes.localizate_geinz.constantes_lista_localidades.data_redes_tiendas> visibility:public/*package*/ [final] declared in com.geinzz.geinzwork.ui.adapters.ui.pantallas.principal_ui.Mapa_perzonalizado_direccionesKt.dialogo_lugar_tienda$lambda$186.<no name provided>' type=kotlin.Unit origin=INITIALIZER_OF_FIELD_FOR_CAPTURED_VALUE
                      receiver: GET_VAR '<this>: com.geinzz.geinzwork.ui.adapters.ui.pantallas.principal_ui.Mapa_perzonalizado_direccionesKt.dialogo_lugar_tienda$lambda$186.<no name provided> declared in com.geinzz.geinzwork.ui.adapters.ui.pantallas.principal_ui.Mapa_perzonalizado_direccionesKt.dialogo_lugar_tienda$lambda$186.<no name provided>' type=com.geinzz.geinzwork.ui.adapters.ui.pantallas.principal_ui.Mapa_perzonalizado_direccionesKt.dialogo_lugar_tienda$lambda$186.<no name provided> origin=null
                      value: GET_VAR '$lista_redes_tiendas: kotlin.collections.List<com.geinzz.geinzwork.utils.constantes.localizate_geinz.constantes_lista_localidades.data_redes_tiendas> declared in com.geinzz.geinzwork.ui.adapters.ui.pantallas.principal_ui.Mapa_perzonalizado_direccionesKt.dialogo_lugar_tienda$lambda$186.<no name provided>.<init>' type=kotlin.collections.List<com.geinzz.geinzwork.utils.constantes.localizate_geinz.constantes_lista_localidades.data_redes_tiendas> origin=null
                    SET_FIELD 'FIELD FIELD_FOR_CAPTURED_VALUE name:$onclick_iconos type:kotlin.Function2<kotlin.String, com.geinzz.geinzwork.utils.constantes.localizate_geinz.constantes_lista_localidades.data_redes_tiendas, kotlin.Unit> visibility:public/*package*/ [final] declared in com.geinzz.geinzwork.ui.adapters.ui.pantallas.principal_ui.Mapa_perzonalizado_direccionesKt.dialogo_lugar_tienda$lambda$186.<no name provided>' type=kotlin.Unit origin=INITIALIZER_OF_FIELD_FOR_CAPTURED_VALUE
                      receiver: GET_VAR '<this>: com.geinzz.geinzwork.ui.adapters.ui.pantallas.principal_ui.Mapa_perzonalizado_direccionesKt.dialogo_lugar_tienda$lambda$186.<no name provided> declared in com.geinzz.geinzwork.ui.adapters.ui.pantallas.principal_ui.Mapa_perzonalizado_direccionesKt.dialogo_lugar_tienda$lambda$186.<no name provided>' type=com.geinzz.geinzwork.ui.adapters.ui.pantallas.principal_ui.Mapa_perzonalizado_direccionesKt.dialogo_lugar_tienda$lambda$186.<no name provided> origin=null
                      value: GET_VAR '$onclick_iconos: kotlin.Function2<kotlin.String, com.geinzz.geinzwork.utils.constantes.localizate_geinz.constantes_lista_localidades.data_redes_tiendas, kotlin.Unit> declared in com.geinzz.geinzwork.ui.adapters.ui.pantallas.principal_ui.Mapa_perzonalizado_direccionesKt.dialogo_lugar_tienda$lambda$186.<no name provided>.<init>' type=kotlin.Function2<kotlin.String, com.geinzz.geinzwork.utils.constantes.localizate_geinz.constantes_lista_localidades.data_redes_tiendas, kotlin.Unit> origin=null
                    SET_FIELD 'FIELD FIELD_FOR_CAPTURED_VALUE name:$dataclass_map type:com.geinzz.geinzwork.data.model.localizate_geinz.dataclass_map visibility:public/*package*/ [final] declared in com.geinzz.geinzwork.ui.adapters.ui.pantallas.principal_ui.Mapa_perzonalizado_direccionesKt.dialogo_lugar_tienda$lambda$186.<no name provided>' type=kotlin.Unit origin=INITIALIZER_OF_FIELD_FOR_CAPTURED_VALUE
                      receiver: GET_VAR '<this>: com.geinzz.geinzwork.ui.adapters.ui.pantallas.principal_ui.Mapa_perzonalizado_direccionesKt.dialogo_lugar_tienda$lambda$186.<no name provided> declared in com.geinzz.geinzwork.ui.adapters.ui.pantallas.principal_ui.Mapa_perzonalizado_direccionesKt.dialogo_lugar_tienda$lambda$186.<no name provided>' type=com.geinzz.geinzwork.ui.adapters.ui.pantallas.principal_ui.Mapa_perzonalizado_direccionesKt.dialogo_lugar_tienda$lambda$186.<no name provided> origin=null
                      value: GET_VAR '$dataclass_map: com.geinzz.geinzwork.data.model.localizate_geinz.dataclass_map declared in com.geinzz.geinzwork.ui.adapters.ui.pantallas.principal_ui.Mapa_perzonalizado_direccionesKt.dialogo_lugar_tienda$lambda$186.<no name provided>.<init>' type=com.geinzz.geinzwork.data.model.localizate_geinz.dataclass_map origin=null
                    SET_FIELD 'FIELD FIELD_FOR_CAPTURED_VALUE name:$alphaLeft$delegate type:androidx.compose.runtime.State<kotlin.Float> visibility:public/*package*/ [final] declared in com.geinzz.geinzwork.ui.adapters.ui.pantallas.principal_ui.Mapa_perzonalizado_direccionesKt.dialogo_lugar_tienda$lambda$186.<no name provided>' type=kotlin.Unit origin=INITIALIZER_OF_FIELD_FOR_CAPTURED_VALUE
                      receiver: GET_VAR '<this>: com.geinzz.geinzwork.ui.adapters.ui.pantallas.principal_ui.Mapa_perzonalizado_direccionesKt.dialogo_lugar_tienda$lambda$186.<no name provided> declared in com.geinzz.geinzwork.ui.adapters.ui.pantallas.principal_ui.Mapa_perzonalizado_direccionesKt.dialogo_lugar_tienda$lambda$186.<no name provided>' type=com.geinzz.geinzwork.ui.adapters.ui.pantallas.principal_ui.Mapa_perzonalizado_direccionesKt.dialogo_lugar_tienda$lambda$186.<no name provided> origin=null
                      value: GET_VAR '$alphaLeft$delegate: androidx.compose.runtime.State<kotlin.Float> declared in com.geinzz.geinzwork.ui.adapters.ui.pantallas.principal_ui.Mapa_perzonalizado_direccionesKt.dialogo_lugar_tienda$lambda$186.<no name provided>.<init>' type=androidx.compose.runtime.State<kotlin.Float> origin=null
                    SET_FIELD 'FIELD FIELD_FOR_CAPTURED_VALUE name:$alphaRight$delegate type:androidx.compose.runtime.State<kotlin.Float> visibility:public/*package*/ [final] declared in com.geinzz.geinzwork.ui.adapters.ui.pantallas.principal_ui.Mapa_perzonalizado_direccionesKt.dialogo_lugar_tienda$lambda$186.<no name provided>' type=kotlin.Unit origin=INITIALIZER_OF_FIELD_FOR_CAPTURED_VALUE
                      receiver: GET_VAR '<this>: com.geinzz.geinzwork.ui.adapters.ui.pantallas.principal_ui.Mapa_perzonalizado_direccionesKt.dialogo_lugar_tienda$lambda$186.<no name provided> declared in com.geinzz.geinzwork.ui.adapters.ui.pantallas.principal_ui.Mapa_perzonalizado_direccionesKt.dialogo_lugar_tienda$lambda$186.<no name provided>' type=com.geinzz.geinzwork.ui.adapters.ui.pantallas.principal_ui.Mapa_perzonalizado_direccionesKt.dialogo_lugar_tienda$lambda$186.<no name provided> origin=null
                      value: GET_VAR '$alphaRight$delegate: androidx.compose.runtime.State<kotlin.Float> declared in com.geinzz.geinzwork.ui.adapters.ui.pantallas.principal_ui.Mapa_perzonalizado_direccionesKt.dialogo_lugar_tienda$lambda$186.<no name provided>.<init>' type=androidx.compose.runtime.State<kotlin.Float> origin=null
                    DELEGATING_CONSTRUCTOR_CALL 'public constructor <init> () [primary] declared in kotlin.Any'
                    BLOCK type=kotlin.Unit origin=null
                FUN name:invoke visibility:public modality:FINAL <> ($this:com.geinzz.geinzwork.ui.adapters.ui.pantallas.principal_ui.Mapa_perzonalizado_direccionesKt.dialogo_lugar_tienda$lambda$186.<no name provided>, $this$AnimatedVisibility:androidx.compose.animation.AnimatedVisibilityScope, $composer:androidx.compose.runtime.Composer?, $changed:kotlin.Int) returnType:kotlin.Unit
                  annotations:
                    Composable
                    ComposableTarget(applier = "androidx.compose.ui.UiComposable")
                  overridden:
                    public abstract fun invoke (p1: P1 of kotlin.Function3, p2: P2 of kotlin.Function3, p3: P3 of kotlin.Function3): R of kotlin.Function3 [operator] declared in kotlin.Function3
                  $this: VALUE_PARAMETER INSTANCE_RECEIVER name:<this> type:com.geinzz.geinzwork.ui.adapters.ui.pantallas.principal_ui.Mapa_perzonalizado_direccionesKt.dialogo_lugar_tienda$lambda$186.<no name provided>
                  VALUE_PARAMETER name:$this$AnimatedVisibility index:0 type:androidx.compose.animation.AnimatedVisibilityScope
                  VALUE_PARAMETER name:$composer index:1 type:androidx.compose.runtime.Composer? [assignable]
                  VALUE_PARAMETER name:$changed index:2 type:kotlin.Int
                  BLOCK_BODY
                    CALL 'public final fun sourceInformation (composer: androidx.compose.runtime.Composer, sourceInformation: kotlin.String): kotlin.Unit declared in androidx.compose.runtime.ComposerKt' type=kotlin.Unit origin=null
                      composer: GET_VAR '$composer: androidx.compose.runtime.Composer? [assignable] declared in com.geinzz.geinzwork.ui.adapters.ui.pantallas.principal_ui.Mapa_perzonalizado_direccionesKt.dialogo_lugar_tienda$lambda$186.<no name provided>.invoke' type=androidx.compose.runtime.Composer? origin=null
                      sourceInformation: CONST String type=kotlin.String value="C1786@77916L11,1782@77769L2530:mapa_perzonalizado_direcciones.kt#wpgen7"
                    COMPOSITE type=kotlin.Unit origin=null
                      WHEN type=kotlin.Unit origin=IF
                        BRANCH
                          if: CALL 'public final fun isTraceInProgress (): kotlin.Boolean declared in androidx.compose.runtime.ComposerKt' type=kotlin.Boolean origin=null
                          then: CALL 'public final fun traceEventStart (key: kotlin.Int, dirty1: kotlin.Int, dirty2: kotlin.Int, info: kotlin.String): kotlin.Unit declared in androidx.compose.runtime.ComposerKt' type=kotlin.Unit origin=null
                            key: CONST Int type=kotlin.Int value=357063752
                            dirty1: GET_VAR '$changed: kotlin.Int declared in com.geinzz.geinzwork.ui.adapters.ui.pantallas.principal_ui.Mapa_perzonalizado_direccionesKt.dialogo_lugar_tienda$lambda$186.<no name provided>.invoke' type=kotlin.Int origin=null
                            dirty2: CONST Int type=kotlin.Int value=-1
                            info: CONST String type=kotlin.String value="com.geinzz.geinzwork.ui.adapters.ui.pantallas.principal_ui.dialogo_lugar_tienda.<anonymous>.<anonymous> (mapa_perzonalizado_direcciones.kt:1782)"
                      CALL 'public final fun Box (modifier: androidx.compose.ui.Modifier?, contentAlignment: androidx.compose.ui.Alignment?, propagateMinConstraints: kotlin.Boolean, content: @[ExtensionFunctionType] kotlin.Function3<androidx.compose.foundation.layout.BoxScope, androidx.compose.runtime.Composer, kotlin.Int, kotlin.Unit>, $composer: androidx.compose.runtime.Composer?, $changed: kotlin.Int, $default: kotlin.Int): kotlin.Unit [inline] declared in androidx.compose.foundation.layout.BoxKt' type=kotlin.Unit origin=null
                        modifier: CALL 'public final fun background-bw27NRU (color: androidx.compose.ui.graphics.Color, shape: androidx.compose.ui.graphics.Shape): androidx.compose.ui.Modifier declared in androidx.compose.foundation.BackgroundKt' type=androidx.compose.ui.Modifier origin=null
                          $receiver: CALL 'public final fun height-3ABfNKs (height: androidx.compose.ui.unit.Dp): androidx.compose.ui.Modifier declared in androidx.compose.foundation.layout.SizeKt' type=androidx.compose.ui.Modifier origin=null
                            $receiver: GET_FIELD 'FIELD FIELD_FOR_OBJECT_INSTANCE name:Companion type:androidx.compose.ui.Modifier.Companion visibility:public [final,static] declared in androidx.compose.ui.Modifier' type=androidx.compose.ui.Modifier.Companion origin=null
                            height: CALL 'public final fun <get-dp> (): androidx.compose.ui.unit.Dp [inline] declared in androidx.compose.ui.unit.DpKt' type=androidx.compose.ui.unit.Dp origin=GET_PROPERTY
                              $receiver: CONST Int type=kotlin.Int value=45
                          color: CALL 'public final fun getBackground-0d7_KjU (): androidx.compose.ui.graphics.Color declared in androidx.compose.material3.ColorScheme' type=androidx.compose.ui.graphics.Color origin=GET_PROPERTY
                            $this: CALL 'public final fun <get-colorScheme> ($composer: androidx.compose.runtime.Composer?, $changed: kotlin.Int): androidx.compose.material3.ColorScheme declared in androidx.compose.material3.MaterialTheme' type=androidx.compose.material3.ColorScheme origin=GET_PROPERTY
                              $this: GET_FIELD 'FIELD FIELD_FOR_OBJECT_INSTANCE name:INSTANCE type:androidx.compose.material3.MaterialTheme visibility:public [final,static] declared in androidx.compose.material3.MaterialTheme' type=androidx.compose.material3.MaterialTheme origin=null
                              $composer: GET_VAR '$composer: androidx.compose.runtime.Composer? [assignable] declared in com.geinzz.geinzwork.ui.adapters.ui.pantallas.principal_ui.Mapa_perzonalizado_direccionesKt.dialogo_lugar_tienda$lambda$186.<no name provided>.invoke' type=androidx.compose.runtime.Composer? origin=null
                              $changed: GET_FIELD 'FIELD name:$stable type:kotlin.Int visibility:public [final,static] declared in androidx.compose.material3.MaterialTheme' type=kotlin.Int origin=null
                          shape: BLOCK type=androidx.compose.foundation.shape.RoundedCornerShape origin=ARGUMENTS_REORDERING_FOR_CALL
                            VAR IR_TEMPORARY_VARIABLE name:tmp0_bottomStart type:androidx.compose.ui.unit.Dp [val]
                              CALL 'public final fun <get-dp> (): androidx.compose.ui.unit.Dp [inline] declared in androidx.compose.ui.unit.DpKt' type=androidx.compose.ui.unit.Dp origin=GET_PROPERTY
                                $receiver: CONST Int type=kotlin.Int value=10
                            VAR IR_TEMPORARY_VARIABLE name:tmp1_bottomEnd type:androidx.compose.ui.unit.Dp [val]
                              CALL 'public final fun <get-dp> (): androidx.compose.ui.unit.Dp [inline] declared in androidx.compose.ui.unit.DpKt' type=androidx.compose.ui.unit.Dp origin=GET_PROPERTY
                                $receiver: CONST Int type=kotlin.Int value=10
                            CALL 'public final fun RoundedCornerShape-a9UjIt4$default (topStart: androidx.compose.ui.unit.Dp, topEnd: androidx.compose.ui.unit.Dp, bottomEnd: androidx.compose.ui.unit.Dp, bottomStart: androidx.compose.ui.unit.Dp, $mask0: kotlin.Int, $handler: kotlin.Any?): androidx.compose.foundation.shape.RoundedCornerShape declared in androidx.compose.foundation.shape.RoundedCornerShapeKt' type=androidx.compose.foundation.shape.RoundedCornerShape origin=DEFAULT_DISPATCH_CALL
                              topStart: COMPOSITE type=androidx.compose.ui.unit.Dp origin=DEFAULT_VALUE
                                CALL 'public final fun <unsafe-coerce> <T, R> (v: T of kotlin.jvm.internal.<unsafe-coerce>): R of kotlin.jvm.internal.<unsafe-coerce> declared in kotlin.jvm.internal' type=androidx.compose.ui.unit.Dp origin=null
                                  <T>: kotlin.Float
                                  <R>: androidx.compose.ui.unit.Dp
                                  v: CONST Float type=kotlin.Float value=0.0
                              topEnd: COMPOSITE type=androidx.compose.ui.unit.Dp origin=DEFAULT_VALUE
                                CALL 'public final fun <unsafe-coerce> <T, R> (v: T of kotlin.jvm.internal.<unsafe-coerce>): R of kotlin.jvm.internal.<unsafe-coerce> declared in kotlin.jvm.internal' type=androidx.compose.ui.unit.Dp origin=null
                                  <T>: kotlin.Float
                                  <R>: androidx.compose.ui.unit.Dp
                                  v: CONST Float type=kotlin.Float value=0.0
                              bottomEnd: GET_VAR 'val tmp1_bottomEnd: androidx.compose.ui.unit.Dp [val] declared in com.geinzz.geinzwork.ui.adapters.ui.pantallas.principal_ui.Mapa_perzonalizado_direccionesKt.dialogo_lugar_tienda$lambda$186.<no name provided>.invoke' type=androidx.compose.ui.unit.Dp origin=null
                              bottomStart: GET_VAR 'val tmp0_bottomStart: androidx.compose.ui.unit.Dp [val] declared in com.geinzz.geinzwork.ui.adapters.ui.pantallas.principal_ui.Mapa_perzonalizado_direccionesKt.dialogo_lugar_tienda$lambda$186.<no name provided>.invoke' type=androidx.compose.ui.unit.Dp origin=null
                              $mask0: CONST Int type=kotlin.Int value=3
                              $handler: CONST Null type=kotlin.Any? value=null
                        contentAlignment: COMPOSITE type=kotlin.Nothing? origin=DEFAULT_VALUE
                          CONST Null type=kotlin.Nothing? value=null
                        propagateMinConstraints: COMPOSITE type=kotlin.Boolean origin=DEFAULT_VALUE
                          CONST Boolean type=kotlin.Boolean value=false
                        content: BLOCK type=@[ExtensionFunctionType] kotlin.Function3<androidx.compose.foundation.layout.BoxScope, androidx.compose.runtime.Composer, kotlin.Int, kotlin.Unit> origin=LAMBDA
                          COMPOSITE type=kotlin.Unit origin=null
                          FUNCTION_REFERENCE 'private final fun invoke$lambda$6 ($listate: androidx.compose.foundation.lazy.LazyListState, $lista_redes_tiendas: kotlin.collections.List<com.geinzz.geinzwork.utils.constantes.localizate_geinz.constantes_lista_localidades.data_redes_tiendas>, $onclick_iconos: kotlin.Function2<kotlin.String, com.geinzz.geinzwork.utils.constantes.localizate_geinz.constantes_lista_localidades.data_redes_tiendas, kotlin.Unit>, $dataclass_map: com.geinzz.geinzwork.data.model.localizate_geinz.dataclass_map, $alphaLeft$delegate: androidx.compose.runtime.State<kotlin.Float>, $alphaRight$delegate: androidx.compose.runtime.State<kotlin.Float>, $composer: androidx.compose.runtime.Composer?, $changed: kotlin.Int): kotlin.Unit declared in com.geinzz.geinzwork.ui.adapters.ui.pantallas.principal_ui.Mapa_perzonalizado_direccionesKt.dialogo_lugar_tienda$lambda$186.<no name provided>' type=@[ExtensionFunctionType] kotlin.Function3<androidx.compose.foundation.layout.BoxScope, androidx.compose.runtime.Composer, kotlin.Int, kotlin.Unit> origin=INLINE_LAMBDA reflectionTarget=null
                            $listate: GET_FIELD 'FIELD FIELD_FOR_CAPTURED_VALUE name:$listate type:androidx.compose.foundation.lazy.LazyListState visibility:public/*package*/ [final] declared in com.geinzz.geinzwork.ui.adapters.ui.pantallas.principal_ui.Mapa_perzonalizado_direccionesKt.dialogo_lugar_tienda$lambda$186.<no name provided>' type=androidx.compose.foundation.lazy.LazyListState origin=null
                              receiver: GET_VAR '<this>: com.geinzz.geinzwork.ui.adapters.ui.pantallas.principal_ui.Mapa_perzonalizado_direccionesKt.dialogo_lugar_tienda$lambda$186.<no name provided> declared in com.geinzz.geinzwork.ui.adapters.ui.pantallas.principal_ui.Mapa_perzonalizado_direccionesKt.dialogo_lugar_tienda$lambda$186.<no name provided>.invoke' type=com.geinzz.geinzwork.ui.adapters.ui.pantallas.principal_ui.Mapa_perzonalizado_direccionesKt.dialogo_lugar_tienda$lambda$186.<no name provided> origin=null
                            $lista_redes_tiendas: GET_FIELD 'FIELD FIELD_FOR_CAPTURED_VALUE name:$lista_redes_tiendas type:kotlin.collections.List<com.geinzz.geinzwork.utils.constantes.localizate_geinz.constantes_lista_localidades.data_redes_tiendas> visibility:public/*package*/ [final] declared in com.geinzz.geinzwork.ui.adapters.ui.pantallas.principal_ui.Mapa_perzonalizado_direccionesKt.dialogo_lugar_tienda$lambda$186.<no name provided>' type=kotlin.collections.List<com.geinzz.geinzwork.utils.constantes.localizate_geinz.constantes_lista_localidades.data_redes_tiendas> origin=null
                              receiver: GET_VAR '<this>: com.geinzz.geinzwork.ui.adapters.ui.pantallas.principal_ui.Mapa_perzonalizado_direccionesKt.dialogo_lugar_tienda$lambda$186.<no name provided> declared in com.geinzz.geinzwork.ui.adapters.ui.pantallas.principal_ui.Mapa_perzonalizado_direccionesKt.dialogo_lugar_tienda$lambda$186.<no name provided>.invoke' type=com.geinzz.geinzwork.ui.adapters.ui.pantallas.principal_ui.Mapa_perzonalizado_direccionesKt.dialogo_lugar_tienda$lambda$186.<no name provided> origin=null
                            $onclick_iconos: GET_FIELD 'FIELD FIELD_FOR_CAPTURED_VALUE name:$onclick_iconos type:kotlin.Function2<kotlin.String, com.geinzz.geinzwork.utils.constantes.localizate_geinz.constantes_lista_localidades.data_redes_tiendas, kotlin.Unit> visibility:public/*package*/ [final] declared in com.geinzz.geinzwork.ui.adapters.ui.pantallas.principal_ui.Mapa_perzonalizado_direccionesKt.dialogo_lugar_tienda$lambda$186.<no name provided>' type=kotlin.Function2<kotlin.String, com.geinzz.geinzwork.utils.constantes.localizate_geinz.constantes_lista_localidades.data_redes_tiendas, kotlin.Unit> origin=null
                              receiver: GET_VAR '<this>: com.geinzz.geinzwork.ui.adapters.ui.pantallas.principal_ui.Mapa_perzonalizado_direccionesKt.dialogo_lugar_tienda$lambda$186.<no name provided> declared in com.geinzz.geinzwork.ui.adapters.ui.pantallas.principal_ui.Mapa_perzonalizado_direccionesKt.dialogo_lugar_tienda$lambda$186.<no name provided>.invoke' type=com.geinzz.geinzwork.ui.adapters.ui.pantallas.principal_ui.Mapa_perzonalizado_direccionesKt.dialogo_lugar_tienda$lambda$186.<no name provided> origin=null
                            $dataclass_map: GET_FIELD 'FIELD FIELD_FOR_CAPTURED_VALUE name:$dataclass_map type:com.geinzz.geinzwork.data.model.localizate_geinz.dataclass_map visibility:public/*package*/ [final] declared in com.geinzz.geinzwork.ui.adapters.ui.pantallas.principal_ui.Mapa_perzonalizado_direccionesKt.dialogo_lugar_tienda$lambda$186.<no name provided>' type=com.geinzz.geinzwork.data.model.localizate_geinz.dataclass_map origin=null
                              receiver: GET_VAR '<this>: com.geinzz.geinzwork.ui.adapters.ui.pantallas.principal_ui.Mapa_perzonalizado_direccionesKt.dialogo_lugar_tienda$lambda$186.<no name provided> declared in com.geinzz.geinzwork.ui.adapters.ui.pantallas.principal_ui.Mapa_perzonalizado_direccionesKt.dialogo_lugar_tienda$lambda$186.<no name provided>.invoke' type=com.geinzz.geinzwork.ui.adapters.ui.pantallas.principal_ui.Mapa_perzonalizado_direccionesKt.dialogo_lugar_tienda$lambda$186.<no name provided> origin=null
                            $alphaLeft$delegate: GET_FIELD 'FIELD FIELD_FOR_CAPTURED_VALUE name:$alphaLeft$delegate type:androidx.compose.runtime.State<kotlin.Float> visibility:public/*package*/ [final] declared in com.geinzz.geinzwork.ui.adapters.ui.pantallas.principal_ui.Mapa_perzonalizado_direccionesKt.dialogo_lugar_tienda$lambda$186.<no name provided>' type=androidx.compose.runtime.State<kotlin.Float> origin=null
                              receiver: GET_VAR '<this>: com.geinzz.geinzwork.ui.adapters.ui.pantallas.principal_ui.Mapa_perzonalizado_direccionesKt.dialogo_lugar_tienda$lambda$186.<no name provided> declared in com.geinzz.geinzwork.ui.adapters.ui.pantallas.principal_ui.Mapa_perzonalizado_direccionesKt.dialogo_lugar_tienda$lambda$186.<no name provided>.invoke' type=com.geinzz.geinzwork.ui.adapters.ui.pantallas.principal_ui.Mapa_perzonalizado_direccionesKt.dialogo_lugar_tienda$lambda$186.<no name provided> origin=null
                            $alphaRight$delegate: GET_FIELD 'FIELD FIELD_FOR_CAPTURED_VALUE name:$alphaRight$delegate type:androidx.compose.runtime.State<kotlin.Float> visibility:public/*package*/ [final] declared in com.geinzz.geinzwork.ui.adapters.ui.pantallas.principal_ui.Mapa_perzonalizado_direccionesKt.dialogo_lugar_tienda$lambda$186.<no name provided>' type=androidx.compose.runtime.State<kotlin.Float> origin=null
                              receiver: GET_VAR '<this>: com.geinzz.geinzwork.ui.adapters.ui.pantallas.principal_ui.Mapa_perzonalizado_direccionesKt.dialogo_lugar_tienda$lambda$186.<no name provided> declared in com.geinzz.geinzwork.ui.adapters.ui.pantallas.principal_ui.Mapa_perzonalizado_direccionesKt.dialogo_lugar_tienda$lambda$186.<no name provided>.invoke' type=com.geinzz.geinzwork.ui.adapters.ui.pantallas.principal_ui.Mapa_perzonalizado_direccionesKt.dialogo_lugar_tienda$lambda$186.<no name provided> origin=null
                        $composer: GET_VAR '$composer: androidx.compose.runtime.Composer? [assignable] declared in com.geinzz.geinzwork.ui.adapters.ui.pantallas.principal_ui.Mapa_perzonalizado_direccionesKt.dialogo_lugar_tienda$lambda$186.<no name provided>.invoke' type=androidx.compose.runtime.Composer? origin=null
                        $changed: CONST Int type=kotlin.Int value=0
                        $default: CONST Int type=kotlin.Int value=6
                      WHEN type=kotlin.Unit origin=IF
                        BRANCH
                          if: CALL 'public final fun isTraceInProgress (): kotlin.Boolean declared in androidx.compose.runtime.ComposerKt' type=kotlin.Boolean origin=null
                          then: CALL 'public final fun traceEventEnd (): kotlin.Unit declared in androidx.compose.runtime.ComposerKt' type=kotlin.Unit origin=null
                FIELD FIELD_FOR_CAPTURED_VALUE name:$listate type:androidx.compose.foundation.lazy.LazyListState visibility:public/*package*/ [final]
                FIELD FIELD_FOR_CAPTURED_VALUE name:$lista_redes_tiendas type:kotlin.collections.List<com.geinzz.geinzwork.utils.constantes.localizate_geinz.constantes_lista_localidades.data_redes_tiendas> visibility:public/*package*/ [final]
                FIELD FIELD_FOR_CAPTURED_VALUE name:$onclick_iconos type:kotlin.Function2<kotlin.String, com.geinzz.geinzwork.utils.constantes.localizate_geinz.constantes_lista_localidades.data_redes_tiendas, kotlin.Unit> visibility:public/*package*/ [final]
                FIELD FIELD_FOR_CAPTURED_VALUE name:$dataclass_map type:com.geinzz.geinzwork.data.model.localizate_geinz.dataclass_map visibility:public/*package*/ [final]
                FIELD FIELD_FOR_CAPTURED_VALUE name:$alphaLeft$delegate type:androidx.compose.runtime.State<kotlin.Float> visibility:public/*package*/ [final]
                FIELD FIELD_FOR_CAPTURED_VALUE name:$alphaRight$delegate type:androidx.compose.runtime.State<kotlin.Float> visibility:public/*package*/ [final]
                FUN INLINE_LAMBDA name:invoke$lambda$6$lambda$5$lambda$4$lambda$0 visibility:private modality:FINAL <> (it:com.geinzz.geinzwork.utils.constantes.localizate_geinz.constantes_lista_localidades.data_redes_tiendas) returnType:kotlin.Boolean
                  VALUE_PARAMETER name:it index:0 type:com.geinzz.geinzwork.utils.constantes.localizate_geinz.constantes_lista_localidades.data_redes_tiendas
                  BLOCK_BODY
                    VAR name:$i$a$-filter-Mapa_perzonalizado_direccionesKt$dialogo_lugar_tienda$4$2$1$1$1$1 type:kotlin.Int [val]
                      CONST Int type=kotlin.Int value=0
                    RETURN type=kotlin.Nothing from='private final fun invoke$lambda$6$lambda$5$lambda$4$lambda$0 (it: com.geinzz.geinzwork.utils.constantes.localizate_geinz.constantes_lista_localidades.data_redes_tiendas): kotlin.Boolean declared in com.geinzz.geinzwork.ui.adapters.ui.pantallas.principal_ui.Mapa_perzonalizado_direccionesKt.dialogo_lugar_tienda$lambda$186.<no name provided>'
                      CALL 'public final fun <get-enable> (): kotlin.Boolean declared in com.geinzz.geinzwork.utils.constantes.localizate_geinz.constantes_lista_localidades.data_redes_tiendas' type=kotlin.Boolean origin=GET_PROPERTY
                        $this: GET_VAR 'it: com.geinzz.geinzwork.utils.constantes.localizate_geinz.constantes_lista_localidades.data_redes_tiendas declared in com.geinzz.geinzwork.ui.adapters.ui.pantallas.principal_ui.Mapa_perzonalizado_direccionesKt.dialogo_lugar_tienda$lambda$186.<no name provided>.invoke$lambda$6$lambda$5$lambda$4$lambda$0' type=com.geinzz.geinzwork.utils.constantes.localizate_geinz.constantes_lista_localidades.data_redes_tiendas origin=null
                FUN INLINE_LAMBDA name:invoke$lambda$6$lambda$5$lambda$4$lambda$3$lambda$2$lambda$1 visibility:private modality:FINAL <> ($onclick_iconos:kotlin.Function2<kotlin.String, com.geinzz.geinzwork.utils.constantes.localizate_geinz.constantes_lista_localidades.data_redes_tiendas, kotlin.Unit>, $dataclass_map:com.geinzz.geinzwork.data.model.localizate_geinz.dataclass_map, $i:com.geinzz.geinzwork.utils.constantes.localizate_geinz.constantes_lista_localidades.data_redes_tiendas) returnType:kotlin.Function0<kotlin.Unit>
                  VALUE_PARAMETER BOUND_VALUE_PARAMETER name:$onclick_iconos index:0 type:kotlin.Function2<kotlin.String, com.geinzz.geinzwork.utils.constantes.localizate_geinz.constantes_lista_localidades.data_redes_tiendas, kotlin.Unit>
                  VALUE_PARAMETER BOUND_VALUE_PARAMETER name:$dataclass_map index:1 type:com.geinzz.geinzwork.data.model.localizate_geinz.dataclass_map
                  VALUE_PARAMETER BOUND_VALUE_PARAMETER name:$i index:2 type:com.geinzz.geinzwork.utils.constantes.localizate_geinz.constantes_lista_localidades.data_redes_tiendas
                  BLOCK_BODY
                    VAR name:$i$a$-cache-Mapa_perzonalizado_direccionesKt$dialogo_lugar_tienda$4$2$1$1$1$2$1$1 type:kotlin.Int [val]
                      CONST Int type=kotlin.Int value=0
                    RETURN type=kotlin.Nothing from='private final fun invoke$lambda$6$lambda$5$lambda$4$lambda$3$lambda$2$lambda$1 ($onclick_iconos: kotlin.Function2<kotlin.String, com.geinzz.geinzwork.utils.constantes.localizate_geinz.constantes_lista_localidades.data_redes_tiendas, kotlin.Unit>, $dataclass_map: com.geinzz.geinzwork.data.model.localizate_geinz.dataclass_map, $i: com.geinzz.geinzwork.utils.constantes.localizate_geinz.constantes_lista_localidades.data_redes_tiendas): kotlin.Function0<kotlin.Unit> declared in com.geinzz.geinzwork.ui.adapters.ui.pantallas.principal_ui.Mapa_perzonalizado_direccionesKt.dialogo_lugar_tienda$lambda$186.<no name provided>'
                      BLOCK type=com.geinzz.geinzwork.ui.adapters.ui.pantallas.principal_ui.Mapa_perzonalizado_direccionesKt.dialogo_lugar_tienda$lambda$186.<no name provided>.invoke$lambda$6$lambda$5$lambda$4$lambda$3$lambda$2$lambda$1.<no name provided> origin=null
                        CLASS LAMBDA_IMPL CLASS name:<no name provided> modality:FINAL visibility:public/*package*/ superTypes:[kotlin.Any; kotlin.Function0<kotlin.Unit>]
                          $this: VALUE_PARAMETER INSTANCE_RECEIVER name:<this> type:com.geinzz.geinzwork.ui.adapters.ui.pantallas.principal_ui.Mapa_perzonalizado_direccionesKt.dialogo_lugar_tienda$lambda$186.<no name provided>.invoke$lambda$6$lambda$5$lambda$4$lambda$3$lambda$2$lambda$1.<no name provided>
                          CONSTRUCTOR GENERATED_MEMBER_IN_CALLABLE_REFERENCE visibility:public/*package*/ <> ($onclick_iconos:kotlin.Function2<kotlin.String, com.geinzz.geinzwork.utils.constantes.localizate_geinz.constantes_lista_localidades.data_redes_tiendas, kotlin.Unit>, $dataclass_map:com.geinzz.geinzwork.data.model.localizate_geinz.dataclass_map, $i:com.geinzz.geinzwork.utils.constantes.localizate_geinz.constantes_lista_localidades.data_redes_tiendas) returnType:com.geinzz.geinzwork.ui.adapters.ui.pantallas.principal_ui.Mapa_perzonalizado_direccionesKt.dialogo_lugar_tienda$lambda$186.<no name provided>.invoke$lambda$6$lambda$5$lambda$4$lambda$3$lambda$2$lambda$1.<no name provided> [primary]
                            VALUE_PARAMETER BOUND_VALUE_PARAMETER name:$onclick_iconos index:0 type:kotlin.Function2<kotlin.String, com.geinzz.geinzwork.utils.constantes.localizate_geinz.constantes_lista_localidades.data_redes_tiendas, kotlin.Unit>
                            VALUE_PARAMETER BOUND_VALUE_PARAMETER name:$dataclass_map index:1 type:com.geinzz.geinzwork.data.model.localizate_geinz.dataclass_map
                            VALUE_PARAMETER BOUND_VALUE_PARAMETER name:$i index:2 type:com.geinzz.geinzwork.utils.constantes.localizate_geinz.constantes_lista_localidades.data_redes_tiendas
                            BLOCK_BODY
                              SET_FIELD 'FIELD FIELD_FOR_CAPTURED_VALUE name:$onclick_iconos type:kotlin.Function2<kotlin.String, com.geinzz.geinzwork.utils.constantes.localizate_geinz.constantes_lista_localidades.data_redes_tiendas, kotlin.Unit> visibility:public/*package*/ [final] declared in com.geinzz.geinzwork.ui.adapters.ui.pantallas.principal_ui.Mapa_perzonalizado_direccionesKt.dialogo_lugar_tienda$lambda$186.<no name provided>.invoke$lambda$6$lambda$5$lambda$4$lambda$3$lambda$2$lambda$1.<no name provided>' type=kotlin.Unit origin=INITIALIZER_OF_FIELD_FOR_CAPTURED_VALUE
                                receiver: GET_VAR '<this>: com.geinzz.geinzwork.ui.adapters.ui.pantallas.principal_ui.Mapa_perzonalizado_direccionesKt.dialogo_lugar_tienda$lambda$186.<no name provided>.invoke$lambda$6$lambda$5$lambda$4$lambda$3$lambda$2$lambda$1.<no name provided> declared in com.geinzz.geinzwork.ui.adapters.ui.pantallas.principal_ui.Mapa_perzonalizado_direccionesKt.dialogo_lugar_tienda$lambda$186.<no name provided>.invoke$lambda$6$lambda$5$lambda$4$lambda$3$lambda$2$lambda$1.<no name provided>' type=com.geinzz.geinzwork.ui.adapters.ui.pantallas.principal_ui.Mapa_perzonalizado_direccionesKt.dialogo_lugar_tienda$lambda$186.<no name provided>.invoke$lambda$6$lambda$5$lambda$4$lambda$3$lambda$2$lambda$1.<no name provided> origin=null
                                value: GET_VAR '$onclick_iconos: kotlin.Function2<kotlin.String, com.geinzz.geinzwork.utils.constantes.localizate_geinz.constantes_lista_localidades.data_redes_tiendas, kotlin.Unit> declared in com.geinzz.geinzwork.ui.adapters.ui.pantallas.principal_ui.Mapa_perzonalizado_direccionesKt.dialogo_lugar_tienda$lambda$186.<no name provided>.invoke$lambda$6$lambda$5$lambda$4$lambda$3$lambda$2$lambda$1.<no name provided>.<init>' type=kotlin.Function2<kotlin.String, com.geinzz.geinzwork.utils.constantes.localizate_geinz.constantes_lista_localidades.data_redes_tiendas, kotlin.Unit> origin=null
                              SET_FIELD 'FIELD FIELD_FOR_CAPTURED_VALUE name:$dataclass_map type:com.geinzz.geinzwork.data.model.localizate_geinz.dataclass_map visibility:public/*package*/ [final] declared in com.geinzz.geinzwork.ui.adapters.ui.pantallas.principal_ui.Mapa_perzonalizado_direccionesKt.dialogo_lugar_tienda$lambda$186.<no name provided>.invoke$lambda$6$lambda$5$lambda$4$lambda$3$lambda$2$lambda$1.<no name provided>' type=kotlin.Unit origin=INITIALIZER_OF_FIELD_FOR_CAPTURED_VALUE
                                receiver: GET_VAR '<this>: com.geinzz.geinzwork.ui.adapters.ui.pantallas.principal_ui.Mapa_perzonalizado_direccionesKt.dialogo_lugar_tienda$lambda$186.<no name provided>.invoke$lambda$6$lambda$5$lambda$4$lambda$3$lambda$2$lambda$1.<no name provided> declared in com.geinzz.geinzwork.ui.adapters.ui.pantallas.principal_ui.Mapa_perzonalizado_direccionesKt.dialogo_lugar_tienda$lambda$186.<no name provided>.invoke$lambda$6$lambda$5$lambda$4$lambda$3$lambda$2$lambda$1.<no name provided>' type=com.geinzz.geinzwork.ui.adapters.ui.pantallas.principal_ui.Mapa_perzonalizado_direccionesKt.dialogo_lugar_tienda$lambda$186.<no name provided>.invoke$lambda$6$lambda$5$lambda$4$lambda$3$lambda$2$lambda$1.<no name provided> origin=null
                                value: GET_VAR '$dataclass_map: com.geinzz.geinzwork.data.model.localizate_geinz.dataclass_map declared in com.geinzz.geinzwork.ui.adapters.ui.pantallas.principal_ui.Mapa_perzonalizado_direccionesKt.dialogo_lugar_tienda$lambda$186.<no name provided>.invoke$lambda$6$lambda$5$lambda$4$lambda$3$lambda$2$lambda$1.<no name provided>.<init>' type=com.geinzz.geinzwork.data.model.localizate_geinz.dataclass_map origin=null
                              SET_FIELD 'FIELD FIELD_FOR_CAPTURED_VALUE name:$i type:com.geinzz.geinzwork.utils.constantes.localizate_geinz.constantes_lista_localidades.data_redes_tiendas visibility:public/*package*/ [final] declared in com.geinzz.geinzwork.ui.adapters.ui.pantallas.principal_ui.Mapa_perzonalizado_direccionesKt.dialogo_lugar_tienda$lambda$186.<no name provided>.invoke$lambda$6$lambda$5$lambda$4$lambda$3$lambda$2$lambda$1.<no name provided>' type=kotlin.Unit origin=INITIALIZER_OF_FIELD_FOR_CAPTURED_VALUE
                                receiver: GET_VAR '<this>: com.geinzz.geinzwork.ui.adapters.ui.pantallas.principal_ui.Mapa_perzonalizado_direccionesKt.dialogo_lugar_tienda$lambda$186.<no name provided>.invoke$lambda$6$lambda$5$lambda$4$lambda$3$lambda$2$lambda$1.<no name provided> declared in com.geinzz.geinzwork.ui.adapters.ui.pantallas.principal_ui.Mapa_perzonalizado_direccionesKt.dialogo_lugar_tienda$lambda$186.<no name provided>.invoke$lambda$6$lambda$5$lambda$4$lambda$3$lambda$2$lambda$1.<no name provided>' type=com.geinzz.geinzwork.ui.adapters.ui.pantallas.principal_ui.Mapa_perzonalizado_direccionesKt.dialogo_lugar_tienda$lambda$186.<no name provided>.invoke$lambda$6$lambda$5$lambda$4$lambda$3$lambda$2$lambda$1.<no name provided> origin=null
                                value: GET_VAR '$i: com.geinzz.geinzwork.utils.constantes.localizate_geinz.constantes_lista_localidades.data_redes_tiendas declared in com.geinzz.geinzwork.ui.adapters.ui.pantallas.principal_ui.Mapa_perzonalizado_direccionesKt.dialogo_lugar_tienda$lambda$186.<no name provided>.invoke$lambda$6$lambda$5$lambda$4$lambda$3$lambda$2$lambda$1.<no name provided>.<init>' type=com.geinzz.geinzwork.utils.constantes.localizate_geinz.constantes_lista_localidades.data_redes_tiendas origin=null
                              DELEGATING_CONSTRUCTOR_CALL 'public constructor <init> () [primary] declared in kotlin.Any'
                              BLOCK type=kotlin.Unit origin=null
                          FUN name:invoke visibility:public modality:FINAL <> ($this:com.geinzz.geinzwork.ui.adapters.ui.pantallas.principal_ui.Mapa_perzonalizado_direccionesKt.dialogo_lugar_tienda$lambda$186.<no name provided>.invoke$lambda$6$lambda$5$lambda$4$lambda$3$lambda$2$lambda$1.<no name provided>) returnType:kotlin.Unit
                            overridden:
                              public abstract fun invoke (): R of kotlin.Function0 [operator] declared in kotlin.Function0
                            $this: VALUE_PARAMETER INSTANCE_RECEIVER name:<this> type:com.geinzz.geinzwork.ui.adapters.ui.pantallas.principal_ui.Mapa_perzonalizado_direccionesKt.dialogo_lugar_tienda$lambda$186.<no name provided>.invoke$lambda$6$lambda$5$lambda$4$lambda$3$lambda$2$lambda$1.<no name provided>
                            BLOCK_BODY
                              CALL 'public abstract fun invoke (p1: P1 of kotlin.Function2, p2: P2 of kotlin.Function2): R of kotlin.Function2 [operator] declared in kotlin.Function2' type=kotlin.Unit origin=INVOKE
                                $this: GET_FIELD 'FIELD FIELD_FOR_CAPTURED_VALUE name:$onclick_iconos type:kotlin.Function2<kotlin.String, com.geinzz.geinzwork.utils.constantes.localizate_geinz.constantes_lista_localidades.data_redes_tiendas, kotlin.Unit> visibility:public/*package*/ [final] declared in com.geinzz.geinzwork.ui.adapters.ui.pantallas.principal_ui.Mapa_perzonalizado_direccionesKt.dialogo_lugar_tienda$lambda$186.<no name provided>.invoke$lambda$6$lambda$5$lambda$4$lambda$3$lambda$2$lambda$1.<no name provided>' type=kotlin.Function2<kotlin.String, com.geinzz.geinzwork.utils.constantes.localizate_geinz.constantes_lista_localidades.data_redes_tiendas, kotlin.Unit> origin=null
                                  receiver: GET_VAR '<this>: com.geinzz.geinzwork.ui.adapters.ui.pantallas.principal_ui.Mapa_perzonalizado_direccionesKt.dialogo_lugar_tienda$lambda$186.<no name provided>.invoke$lambda$6$lambda$5$lambda$4$lambda$3$lambda$2$lambda$1.<no name provided> declared in com.geinzz.geinzwork.ui.adapters.ui.pantallas.principal_ui.Mapa_perzonalizado_direccionesKt.dialogo_lugar_tienda$lambda$186.<no name provided>.invoke$lambda$6$lambda$5$lambda$4$lambda$3$lambda$2$lambda$1.<no name provided>.invoke' type=com.geinzz.geinzwork.ui.adapters.ui.pantallas.principal_ui.Mapa_perzonalizado_direccionesKt.dialogo_lugar_tienda$lambda$186.<no name provided>.invoke$lambda$6$lambda$5$lambda$4$lambda$3$lambda$2$lambda$1.<no name provided> origin=null
                                p1: CALL 'public final fun <get-id> (): kotlin.String declared in com.geinzz.geinzwork.data.model.localizate_geinz.dataclass_map' type=kotlin.String origin=GET_PROPERTY
                                  $this: GET_FIELD 'FIELD FIELD_FOR_CAPTURED_VALUE name:$dataclass_map type:com.geinzz.geinzwork.data.model.localizate_geinz.dataclass_map visibility:public/*package*/ [final] declared in com.geinzz.geinzwork.ui.adapters.ui.pantallas.principal_ui.Mapa_perzonalizado_direccionesKt.dialogo_lugar_tienda$lambda$186.<no name provided>.invoke$lambda$6$lambda$5$lambda$4$lambda$3$lambda$2$lambda$1.<no name provided>' type=com.geinzz.geinzwork.data.model.localizate_geinz.dataclass_map origin=null
                                    receiver: GET_VAR '<this>: com.geinzz.geinzwork.ui.adapters.ui.pantallas.principal_ui.Mapa_perzonalizado_direccionesKt.dialogo_lugar_tienda$lambda$186.<no name provided>.invoke$lambda$6$lambda$5$lambda$4$lambda$3$lambda$2$lambda$1.<no name provided> declared in com.geinzz.geinzwork.ui.adapters.ui.pantallas.principal_ui.Mapa_perzonalizado_direccionesKt.dialogo_lugar_tienda$lambda$186.<no name provided>.invoke$lambda$6$lambda$5$lambda$4$lambda$3$lambda$2$lambda$1.<no name provided>.invoke' type=com.geinzz.geinzwork.ui.adapters.ui.pantallas.principal_ui.Mapa_perzonalizado_direccionesKt.dialogo_lugar_tienda$lambda$186.<no name provided>.invoke$lambda$6$lambda$5$lambda$4$lambda$3$lambda$2$lambda$1.<no name provided> origin=null
                                p2: GET_FIELD 'FIELD FIELD_FOR_CAPTURED_VALUE name:$i type:com.geinzz.geinzwork.utils.constantes.localizate_geinz.constantes_lista_localidades.data_redes_tiendas visibility:public/*package*/ [final] declared in com.geinzz.geinzwork.ui.adapters.ui.pantallas.principal_ui.Mapa_perzonalizado_direccionesKt.dialogo_lugar_tienda$lambda$186.<no name provided>.invoke$lambda$6$lambda$5$lambda$4$lambda$3$lambda$2$lambda$1.<no name provided>' type=com.geinzz.geinzwork.utils.constantes.localizate_geinz.constantes_lista_localidades.data_redes_tiendas origin=null
                                  receiver: GET_VAR '<this>: com.geinzz.geinzwork.ui.adapters.ui.pantallas.principal_ui.Mapa_perzonalizado_direccionesKt.dialogo_lugar_tienda$lambda$186.<no name provided>.invoke$lambda$6$lambda$5$lambda$4$lambda$3$lambda$2$lambda$1.<no name provided> declared in com.geinzz.geinzwork.ui.adapters.ui.pantallas.principal_ui.Mapa_perzonalizado_direccionesKt.dialogo_lugar_tienda$lambda$186.<no name provided>.invoke$lambda$6$lambda$5$lambda$4$lambda$3$lambda$2$lambda$1.<no name provided>.invoke' type=com.geinzz.geinzwork.ui.adapters.ui.pantallas.principal_ui.Mapa_perzonalizado_direccionesKt.dialogo_lugar_tienda$lambda$186.<no name provided>.invoke$lambda$6$lambda$5$lambda$4$lambda$3$lambda$2$lambda$1.<no name provided> origin=null
                          FIELD FIELD_FOR_CAPTURED_VALUE name:$onclick_iconos type:kotlin.Function2<kotlin.String, com.geinzz.geinzwork.utils.constantes.localizate_geinz.constantes_lista_localidades.data_redes_tiendas, kotlin.Unit> visibility:public/*package*/ [final]
                          FIELD FIELD_FOR_CAPTURED_VALUE name:$dataclass_map type:com.geinzz.geinzwork.data.model.localizate_geinz.dataclass_map visibility:public/*package*/ [final]
                          FIELD FIELD_FOR_CAPTURED_VALUE name:$i type:com.geinzz.geinzwork.utils.constantes.localizate_geinz.constantes_lista_localidades.data_redes_tiendas visibility:public/*package*/ [final]
                          FUN BRIDGE name:invoke visibility:public modality:OPEN <> ($this:com.geinzz.geinzwork.ui.adapters.ui.pantallas.principal_ui.Mapa_perzonalizado_direccionesKt.dialogo_lugar_tienda$lambda$186.<no name provided>.invoke$lambda$6$lambda$5$lambda$4$lambda$3$lambda$2$lambda$1.<no name provided>) returnType:kotlin.Any?
                            $this: VALUE_PARAMETER INSTANCE_RECEIVER name:<this> type:com.geinzz.geinzwork.ui.adapters.ui.pantallas.principal_ui.Mapa_perzonalizado_direccionesKt.dialogo_lugar_tienda$lambda$186.<no name provided>.invoke$lambda$6$lambda$5$lambda$4$lambda$3$lambda$2$lambda$1.<no name provided>
                            EXPRESSION_BODY
                              RETURN type=kotlin.Nothing from='public open fun invoke (): kotlin.Any? declared in com.geinzz.geinzwork.ui.adapters.ui.pantallas.principal_ui.Mapa_perzonalizado_direccionesKt.dialogo_lugar_tienda$lambda$186.<no name provided>.invoke$lambda$6$lambda$5$lambda$4$lambda$3$lambda$2$lambda$1.<no name provided>'
                                CALL 'public final fun invoke (): kotlin.Unit declared in com.geinzz.geinzwork.ui.adapters.ui.pantallas.principal_ui.Mapa_perzonalizado_direccionesKt.dialogo_lugar_tienda$lambda$186.<no name provided>.invoke$lambda$6$lambda$5$lambda$4$lambda$3$lambda$2$lambda$1.<no name provided>' type=kotlin.Unit origin=BRIDGE_DELEGATION
                                  $this: GET_VAR '<this>: com.geinzz.geinzwork.ui.adapters.ui.pantallas.principal_ui.Mapa_perzonalizado_direccionesKt.dialogo_lugar_tienda$lambda$186.<no name provided>.invoke$lambda$6$lambda$5$lambda$4$lambda$3$lambda$2$lambda$1.<no name provided> declared in com.geinzz.geinzwork.ui.adapters.ui.pantallas.principal_ui.Mapa_perzonalizado_direccionesKt.dialogo_lugar_tienda$lambda$186.<no name provided>.invoke$lambda$6$lambda$5$lambda$4$lambda$3$lambda$2$lambda$1.<no name provided>.invoke' type=com.geinzz.geinzwork.ui.adapters.ui.pantallas.principal_ui.Mapa_perzonalizado_direccionesKt.dialogo_lugar_tienda$lambda$186.<no name provided>.invoke$lambda$6$lambda$5$lambda$4$lambda$3$lambda$2$lambda$1.<no name provided> origin=null
                        CONSTRUCTOR_CALL 'public/*package*/ constructor <init> ($onclick_iconos: kotlin.Function2<kotlin.String, com.geinzz.geinzwork.utils.constantes.localizate_geinz.constantes_lista_localidades.data_redes_tiendas, kotlin.Unit>, $dataclass_map: com.geinzz.geinzwork.data.model.localizate_geinz.dataclass_map, $i: com.geinzz.geinzwork.utils.constantes.localizate_geinz.constantes_lista_localidades.data_redes_tiendas) [primary] declared in com.geinzz.geinzwork.ui.adapters.ui.pantallas.principal_ui.Mapa_perzonalizado_direccionesKt.dialogo_lugar_tienda$lambda$186.<no name provided>.invoke$lambda$6$lambda$5$lambda$4$lambda$3$lambda$2$lambda$1.<no name provided>' type=com.geinzz.geinzwork.ui.adapters.ui.pantallas.principal_ui.Mapa_perzonalizado_direccionesKt.dialogo_lugar_tienda$lambda$186.<no name provided>.invoke$lambda$6$lambda$5$lambda$4$lambda$3$lambda$2$lambda$1.<no name provided> origin=null
                          $onclick_iconos: GET_VAR '$onclick_iconos: kotlin.Function2<kotlin.String, com.geinzz.geinzwork.utils.constantes.localizate_geinz.constantes_lista_localidades.data_redes_tiendas, kotlin.Unit> declared in com.geinzz.geinzwork.ui.adapters.ui.pantallas.principal_ui.Mapa_perzonalizado_direccionesKt.dialogo_lugar_tienda$lambda$186.<no name provided>.invoke$lambda$6$lambda$5$lambda$4$lambda$3$lambda$2$lambda$1' type=kotlin.Function2<kotlin.String, com.geinzz.geinzwork.utils.constantes.localizate_geinz.constantes_lista_localidades.data_redes_tiendas, kotlin.Unit> origin=null
                          $dataclass_map: GET_VAR '$dataclass_map: com.geinzz.geinzwork.data.model.localizate_geinz.dataclass_map declared in com.geinzz.geinzwork.ui.adapters.ui.pantallas.principal_ui.Mapa_perzonalizado_direccionesKt.dialogo_lugar_tienda$lambda$186.<no name provided>.invoke$lambda$6$lambda$5$lambda$4$lambda$3$lambda$2$lambda$1' type=com.geinzz.geinzwork.data.model.localizate_geinz.dataclass_map origin=null
                          $i: GET_VAR '$i: com.geinzz.geinzwork.utils.constantes.localizate_geinz.constantes_lista_localidades.data_redes_tiendas declared in com.geinzz.geinzwork.ui.adapters.ui.pantallas.principal_ui.Mapa_perzonalizado_direccionesKt.dialogo_lugar_tienda$lambda$186.<no name provided>.invoke$lambda$6$lambda$5$lambda$4$lambda$3$lambda$2$lambda$1' type=com.geinzz.geinzwork.utils.constantes.localizate_geinz.constantes_lista_localidades.data_redes_tiendas origin=null
                FUN INLINE_LAMBDA name:invoke$lambda$6$lambda$5$lambda$4$lambda$3$lambda$2 visibility:private modality:FINAL <> ($receiver:androidx.compose.foundation.layout.BoxScope, $i:com.geinzz.geinzwork.utils.constantes.localizate_geinz.constantes_lista_localidades.data_redes_tiendas, $onclick_iconos:kotlin.Function2<kotlin.String, com.geinzz.geinzwork.utils.constantes.localizate_geinz.constantes_lista_localidades.data_redes_tiendas, kotlin.Unit>, $dataclass_map:com.geinzz.geinzwork.data.model.localizate_geinz.dataclass_map, $$changed:kotlin.Int, $composer:androidx.compose.runtime.Composer?, $changed:kotlin.Int) returnType:kotlin.Unit
                  annotations:
                    Composable
                    ComposableTarget(applier = "androidx.compose.ui.UiComposable")
                  $receiver: VALUE_PARAMETER name:$this$Box type:androidx.compose.foundation.layout.BoxScope
                  VALUE_PARAMETER BOUND_VALUE_PARAMETER name:$i index:0 type:com.geinzz.geinzwork.utils.constantes.localizate_geinz.constantes_lista_localidades.data_redes_tiendas
                  VALUE_PARAMETER BOUND_VALUE_PARAMETER name:$onclick_iconos index:1 type:kotlin.Function2<kotlin.String, com.geinzz.geinzwork.utils.constantes.localizate_geinz.constantes_lista_localidades.data_redes_tiendas, kotlin.Unit>
                  VALUE_PARAMETER BOUND_VALUE_PARAMETER name:$dataclass_map index:2 type:com.geinzz.geinzwork.data.model.localizate_geinz.dataclass_map
                  VALUE_PARAMETER BOUND_VALUE_PARAMETER name:$$changed index:3 type:kotlin.Int
                  VALUE_PARAMETER name:$composer index:4 type:androidx.compose.runtime.Composer? [assignable]
                  VALUE_PARAMETER name:$changed index:5 type:kotlin.Int
                  BLOCK_BODY
                    VAR name:$i$a$-Box-Mapa_perzonalizado_direccionesKt$dialogo_lugar_tienda$4$2$1$1$1$2$1 type:kotlin.Int [val]
                      CONST Int type=kotlin.Int value=0
                    BLOCK type=kotlin.Unit origin=null
                      CALL 'public final fun sourceInformationMarkerStart (composer: androidx.compose.runtime.Composer, key: kotlin.Int, sourceInformation: kotlin.String): kotlin.Unit declared in androidx.compose.runtime.ComposerKt' type=kotlin.Unit origin=null
                        composer: GET_VAR '$composer: androidx.compose.runtime.Composer? [assignable] declared in com.geinzz.geinzwork.ui.adapters.ui.pantallas.principal_ui.Mapa_perzonalizado_direccionesKt.dialogo_lugar_tienda$lambda$186.<no name provided>.invoke$lambda$6$lambda$5$lambda$4$lambda$3$lambda$2' type=androidx.compose.runtime.Composer? origin=null
                        key: CONST Int type=kotlin.Int value=-1084605059
                        sourceInformation: CONST String type=kotlin.String value="C1808@78874L24,1812@79121L115,1807@78825L441:mapa_perzonalizado_direcciones.kt#wpgen7"
                      COMPOSITE type=kotlin.Unit origin=null
                        CALL 'public final fun Image (painter: androidx.compose.ui.graphics.painter.Painter, contentDescription: kotlin.String?, modifier: androidx.compose.ui.Modifier?, alignment: androidx.compose.ui.Alignment?, contentScale: androidx.compose.ui.layout.ContentScale?, alpha: kotlin.Float, colorFilter: androidx.compose.ui.graphics.ColorFilter?, $composer: androidx.compose.runtime.Composer?, $changed: kotlin.Int, $default: kotlin.Int): kotlin.Unit declared in androidx.compose.foundation.ImageKt' type=kotlin.Unit origin=null
                          painter: CALL 'public final fun painterResource (id: kotlin.Int, $composer: androidx.compose.runtime.Composer?, $changed: kotlin.Int): androidx.compose.ui.graphics.painter.Painter declared in androidx.compose.ui.res.PainterResources_androidKt' type=androidx.compose.ui.graphics.painter.Painter origin=null
                            id: CALL 'public final fun <get-icono> (): kotlin.Int declared in com.geinzz.geinzwork.utils.constantes.localizate_geinz.constantes_lista_localidades.data_redes_tiendas' type=kotlin.Int origin=GET_PROPERTY
                              $this: GET_VAR '$i: com.geinzz.geinzwork.utils.constantes.localizate_geinz.constantes_lista_localidades.data_redes_tiendas declared in com.geinzz.geinzwork.ui.adapters.ui.pantallas.principal_ui.Mapa_perzonalizado_direccionesKt.dialogo_lugar_tienda$lambda$186.<no name provided>.invoke$lambda$6$lambda$5$lambda$4$lambda$3$lambda$2' type=com.geinzz.geinzwork.utils.constantes.localizate_geinz.constantes_lista_localidades.data_redes_tiendas origin=null
                            $composer: GET_VAR '$composer: androidx.compose.runtime.Composer? [assignable] declared in com.geinzz.geinzwork.ui.adapters.ui.pantallas.principal_ui.Mapa_perzonalizado_direccionesKt.dialogo_lugar_tienda$lambda$186.<no name provided>.invoke$lambda$6$lambda$5$lambda$4$lambda$3$lambda$2' type=androidx.compose.runtime.Composer? origin=null
                            $changed: CONST Int type=kotlin.Int value=0
                          contentDescription: CALL 'public final fun <get-nombre_red> (): kotlin.String declared in com.geinzz.geinzwork.utils.constantes.localizate_geinz.constantes_lista_localidades.data_redes_tiendas' type=kotlin.String origin=GET_PROPERTY
                            $this: GET_VAR '$i: com.geinzz.geinzwork.utils.constantes.localizate_geinz.constantes_lista_localidades.data_redes_tiendas declared in com.geinzz.geinzwork.ui.adapters.ui.pantallas.principal_ui.Mapa_perzonalizado_direccionesKt.dialogo_lugar_tienda$lambda$186.<no name provided>.invoke$lambda$6$lambda$5$lambda$4$lambda$3$lambda$2' type=com.geinzz.geinzwork.utils.constantes.localizate_geinz.constantes_lista_localidades.data_redes_tiendas origin=null
                          modifier: CALL 'public final fun clickable-oSLSa3U$default (enabled: kotlin.Boolean, onClickLabel: kotlin.String?, role: androidx.compose.ui.semantics.Role?, interactionSource: androidx.compose.foundation.interaction.MutableInteractionSource?, onClick: kotlin.Function0<kotlin.Unit>, $mask0: kotlin.Int, $handler: kotlin.Any?): androidx.compose.ui.Modifier declared in androidx.compose.foundation.ClickableKt' type=androidx.compose.ui.Modifier origin=DEFAULT_DISPATCH_CALL
                            $receiver: CALL 'public final fun clip (shape: androidx.compose.ui.graphics.Shape): androidx.compose.ui.Modifier declared in androidx.compose.ui.draw.ClipKt' type=androidx.compose.ui.Modifier origin=null
                              $receiver: GET_FIELD 'FIELD FIELD_FOR_OBJECT_INSTANCE name:Companion type:androidx.compose.ui.Modifier.Companion visibility:public [final,static] declared in androidx.compose.ui.Modifier' type=androidx.compose.ui.Modifier.Companion origin=null
                              shape: CALL 'public final fun <get-CircleShape> (): androidx.compose.foundation.shape.RoundedCornerShape declared in androidx.compose.foundation.shape.RoundedCornerShapeKt' type=androidx.compose.foundation.shape.RoundedCornerShape origin=GET_PROPERTY
                            enabled: COMPOSITE type=kotlin.Boolean origin=DEFAULT_VALUE
                              CONST Boolean type=kotlin.Boolean value=false
                            onClickLabel: COMPOSITE type=kotlin.String? origin=DEFAULT_VALUE
                              CONST Null type=kotlin.String? value=null
                            role: COMPOSITE type=androidx.compose.ui.semantics.Role? origin=DEFAULT_VALUE
                              CONST Null type=androidx.compose.ui.semantics.Role? value=null
                            interactionSource: COMPOSITE type=androidx.compose.foundation.interaction.MutableInteractionSource? origin=DEFAULT_VALUE
                              CONST Null type=androidx.compose.foundation.interaction.MutableInteractionSource? value=null
                            onClick: BLOCK type=kotlin.Function0<kotlin.Unit> origin=null
                              BLOCK type=kotlin.Unit origin=null
                                CALL 'public abstract fun startReplaceGroup (key: kotlin.Int): kotlin.Unit declared in androidx.compose.runtime.Composer' type=kotlin.Unit origin=null
                                  $this: GET_VAR '$composer: androidx.compose.runtime.Composer? [assignable] declared in com.geinzz.geinzwork.ui.adapters.ui.pantallas.principal_ui.Mapa_perzonalizado_direccionesKt.dialogo_lugar_tienda$lambda$186.<no name provided>.invoke$lambda$6$lambda$5$lambda$4$lambda$3$lambda$2' type=androidx.compose.runtime.Composer? origin=null
                                  key: CONST Int type=kotlin.Int value=-2113188096
                                CALL 'public final fun sourceInformation (composer: androidx.compose.runtime.Composer, sourceInformation: kotlin.String): kotlin.Unit declared in androidx.compose.runtime.ComposerKt' type=kotlin.Unit origin=null
                                  composer: GET_VAR '$composer: androidx.compose.runtime.Composer? [assignable] declared in com.geinzz.geinzwork.ui.adapters.ui.pantallas.principal_ui.Mapa_perzonalizado_direccionesKt.dialogo_lugar_tienda$lambda$186.<no name provided>.invoke$lambda$6$lambda$5$lambda$4$lambda$3$lambda$2' type=androidx.compose.runtime.Composer? origin=null
                                  sourceInformation: CONST String type=kotlin.String value="CC(remember):mapa_perzonalizado_direcciones.kt#9igjgp"
                              VAR IR_TEMPORARY_VARIABLE name:tmp0_group type:kotlin.Function0<kotlin.Unit> [val]
                                CALL 'public final fun cache <T> (invalid: kotlin.Boolean, block: @[DisallowComposableCalls] kotlin.Function0<T of androidx.compose.runtime.ComposerKt.cache>): T of androidx.compose.runtime.ComposerKt.cache [inline] declared in androidx.compose.runtime.ComposerKt' type=kotlin.Function0<kotlin.Unit> origin=null
                                  <T>: kotlin.Function0<kotlin.Unit>
                                  $receiver: GET_VAR '$composer: androidx.compose.runtime.Composer? [assignable] declared in com.geinzz.geinzwork.ui.adapters.ui.pantallas.principal_ui.Mapa_perzonalizado_direccionesKt.dialogo_lugar_tienda$lambda$186.<no name provided>.invoke$lambda$6$lambda$5$lambda$4$lambda$3$lambda$2' type=androidx.compose.runtime.Composer? origin=null
                                  invalid: CALL 'public final fun or (other: kotlin.Boolean): kotlin.Boolean [infix] declared in kotlin.Boolean' type=kotlin.Boolean origin=null
                                    $this: CALL 'public final fun or (other: kotlin.Boolean): kotlin.Boolean [infix] declared in kotlin.Boolean' type=kotlin.Boolean origin=null
                                      $this: CALL 'public abstract fun changed (value: kotlin.Any?): kotlin.Boolean declared in androidx.compose.runtime.Composer' type=kotlin.Boolean origin=null
                                        $this: GET_VAR '$composer: androidx.compose.runtime.Composer? [assignable] declared in com.geinzz.geinzwork.ui.adapters.ui.pantallas.principal_ui.Mapa_perzonalizado_direccionesKt.dialogo_lugar_tienda$lambda$186.<no name provided>.invoke$lambda$6$lambda$5$lambda$4$lambda$3$lambda$2' type=androidx.compose.runtime.Composer? origin=null
                                        value: GET_VAR '$onclick_iconos: kotlin.Function2<kotlin.String, com.geinzz.geinzwork.utils.constantes.localizate_geinz.constantes_lista_localidades.data_redes_tiendas, kotlin.Unit> declared in com.geinzz.geinzwork.ui.adapters.ui.pantallas.principal_ui.Mapa_perzonalizado_direccionesKt.dialogo_lugar_tienda$lambda$186.<no name provided>.invoke$lambda$6$lambda$5$lambda$4$lambda$3$lambda$2' type=kotlin.Function2<kotlin.String, com.geinzz.geinzwork.utils.constantes.localizate_geinz.constantes_lista_localidades.data_redes_tiendas, kotlin.Unit> origin=null
                                      other: CALL 'public open fun changedInstance (value: kotlin.Any?): kotlin.Boolean declared in androidx.compose.runtime.Composer' type=kotlin.Boolean origin=null
                                        $this: GET_VAR '$composer: androidx.compose.runtime.Composer? [assignable] declared in com.geinzz.geinzwork.ui.adapters.ui.pantallas.principal_ui.Mapa_perzonalizado_direccionesKt.dialogo_lugar_tienda$lambda$186.<no name provided>.invoke$lambda$6$lambda$5$lambda$4$lambda$3$lambda$2' type=androidx.compose.runtime.Composer? origin=null
                                        value: GET_VAR '$dataclass_map: com.geinzz.geinzwork.data.model.localizate_geinz.dataclass_map declared in com.geinzz.geinzwork.ui.adapters.ui.pantallas.principal_ui.Mapa_perzonalizado_direccionesKt.dialogo_lugar_tienda$lambda$186.<no name provided>.invoke$lambda$6$lambda$5$lambda$4$lambda$3$lambda$2' type=com.geinzz.geinzwork.data.model.localizate_geinz.dataclass_map origin=null
                                    other: CALL 'public final fun OROR (arg0: kotlin.Boolean, arg1: kotlin.Boolean): kotlin.Boolean declared in kotlin.internal.ir' type=kotlin.Boolean origin=null
                                      arg0: CALL 'public final fun ANDAND (arg0: kotlin.Boolean, arg1: kotlin.Boolean): kotlin.Boolean declared in kotlin.internal.ir' type=kotlin.Boolean origin=null
                                        arg0: CALL 'public final fun greater (arg0: kotlin.Int, arg1: kotlin.Int): kotlin.Boolean declared in kotlin.internal.ir' type=kotlin.Boolean origin=GT
                                          arg0: CALL 'public final fun xor (other: kotlin.Int): kotlin.Int [infix] declared in kotlin.Int' type=kotlin.Int origin=null
                                            $this: CALL 'public final fun and (other: kotlin.Int): kotlin.Int [infix] declared in kotlin.Int' type=kotlin.Int origin=null
                                              $this: GET_VAR '$$changed: kotlin.Int declared in com.geinzz.geinzwork.ui.adapters.ui.pantallas.principal_ui.Mapa_perzonalizado_direccionesKt.dialogo_lugar_tienda$lambda$186.<no name provided>.invoke$lambda$6$lambda$5$lambda$4$lambda$3$lambda$2' type=kotlin.Int origin=null
                                              other: CONST Int type=kotlin.Int value=112
                                            other: CONST Int type=kotlin.Int value=48
                                          arg1: CONST Int type=kotlin.Int value=32
                                        arg1: CALL 'public abstract fun changed (value: kotlin.Any?): kotlin.Boolean declared in androidx.compose.runtime.Composer' type=kotlin.Boolean origin=null
                                          $this: GET_VAR '$composer: androidx.compose.runtime.Composer? [assignable] declared in com.geinzz.geinzwork.ui.adapters.ui.pantallas.principal_ui.Mapa_perzonalizado_direccionesKt.dialogo_lugar_tienda$lambda$186.<no name provided>.invoke$lambda$6$lambda$5$lambda$4$lambda$3$lambda$2' type=androidx.compose.runtime.Composer? origin=null
                                          value: GET_VAR '$i: com.geinzz.geinzwork.utils.constantes.localizate_geinz.constantes_lista_localidades.data_redes_tiendas declared in com.geinzz.geinzwork.ui.adapters.ui.pantallas.principal_ui.Mapa_perzonalizado_direccionesKt.dialogo_lugar_tienda$lambda$186.<no name provided>.invoke$lambda$6$lambda$5$lambda$4$lambda$3$lambda$2' type=com.geinzz.geinzwork.utils.constantes.localizate_geinz.constantes_lista_localidades.data_redes_tiendas origin=null
                                      arg1: CALL 'public final fun EQEQ (arg0: kotlin.Any?, arg1: kotlin.Any?): kotlin.Boolean declared in kotlin.internal.ir' type=kotlin.Boolean origin=null
                                        arg0: CALL 'public final fun and (other: kotlin.Int): kotlin.Int [infix] declared in kotlin.Int' type=kotlin.Int origin=null
                                          $this: GET_VAR '$$changed: kotlin.Int declared in com.geinzz.geinzwork.ui.adapters.ui.pantallas.principal_ui.Mapa_perzonalizado_direccionesKt.dialogo_lugar_tienda$lambda$186.<no name provided>.invoke$lambda$6$lambda$5$lambda$4$lambda$3$lambda$2' type=kotlin.Int origin=null
                                          other: CONST Int type=kotlin.Int value=48
                                        arg1: CONST Int type=kotlin.Int value=32
                                  block: BLOCK type=kotlin.Function0<kotlin.Function0<kotlin.Unit>> origin=LAMBDA
                                    COMPOSITE type=kotlin.Unit origin=null
                                    FUNCTION_REFERENCE 'private final fun invoke$lambda$6$lambda$5$lambda$4$lambda$3$lambda$2$lambda$1 ($onclick_iconos: kotlin.Function2<kotlin.String, com.geinzz.geinzwork.utils.constantes.localizate_geinz.constantes_lista_localidades.data_redes_tiendas, kotlin.Unit>, $dataclass_map: com.geinzz.geinzwork.data.model.localizate_geinz.dataclass_map, $i: com.geinzz.geinzwork.utils.constantes.localizate_geinz.constantes_lista_localidades.data_redes_tiendas): kotlin.Function0<kotlin.Unit> declared in com.geinzz.geinzwork.ui.adapters.ui.pantallas.principal_ui.Mapa_perzonalizado_direccionesKt.dialogo_lugar_tienda$lambda$186.<no name provided>' type=kotlin.Function0<kotlin.Function0<kotlin.Unit>> origin=INLINE_LAMBDA reflectionTarget=null
                                      $onclick_iconos: GET_VAR '$onclick_iconos: kotlin.Function2<kotlin.String, com.geinzz.geinzwork.utils.constantes.localizate_geinz.constantes_lista_localidades.data_redes_tiendas, kotlin.Unit> declared in com.geinzz.geinzwork.ui.adapters.ui.pantallas.principal_ui.Mapa_perzonalizado_direccionesKt.dialogo_lugar_tienda$lambda$186.<no name provided>.invoke$lambda$6$lambda$5$lambda$4$lambda$3$lambda$2' type=kotlin.Function2<kotlin.String, com.geinzz.geinzwork.utils.constantes.localizate_geinz.constantes_lista_localidades.data_redes_tiendas, kotlin.Unit> origin=null
                                      $dataclass_map: GET_VAR '$dataclass_map: com.geinzz.geinzwork.data.model.localizate_geinz.dataclass_map declared in com.geinzz.geinzwork.ui.adapters.ui.pantallas.principal_ui.Mapa_perzonalizado_direccionesKt.dialogo_lugar_tienda$lambda$186.<no name provided>.invoke$lambda$6$lambda$5$lambda$4$lambda$3$lambda$2' type=com.geinzz.geinzwork.data.model.localizate_geinz.dataclass_map origin=null
                                      $i: GET_VAR '$i: com.geinzz.geinzwork.utils.constantes.localizate_geinz.constantes_lista_localidades.data_redes_tiendas declared in com.geinzz.geinzwork.ui.adapters.ui.pantallas.principal_ui.Mapa_perzonalizado_direccionesKt.dialogo_lugar_tienda$lambda$186.<no name provided>.invoke$lambda$6$lambda$5$lambda$4$lambda$3$lambda$2' type=com.geinzz.geinzwork.utils.constantes.localizate_geinz.constantes_lista_localidades.data_redes_tiendas origin=null
                              CALL 'public abstract fun endReplaceGroup (): kotlin.Unit declared in androidx.compose.runtime.Composer' type=kotlin.Unit origin=null
                                $this: GET_VAR '$composer: androidx.compose.runtime.Composer? [assignable] declared in com.geinzz.geinzwork.ui.adapters.ui.pantallas.principal_ui.Mapa_perzonalizado_direccionesKt.dialogo_lugar_tienda$lambda$186.<no name provided>.invoke$lambda$6$lambda$5$lambda$4$lambda$3$lambda$2' type=androidx.compose.runtime.Composer? origin=null
                              GET_VAR 'val tmp0_group: kotlin.Function0<kotlin.Unit> [val] declared in com.geinzz.geinzwork.ui.adapters.ui.pantallas.principal_ui.Mapa_perzonalizado_direccionesKt.dialogo_lugar_tienda$lambda$186.<no name provided>.invoke$lambda$6$lambda$5$lambda$4$lambda$3$lambda$2' type=kotlin.Function0<kotlin.Unit> origin=null
                            $mask0: CONST Int type=kotlin.Int value=15
                            $handler: CONST Null type=kotlin.Any? value=null
                          alignment: COMPOSITE type=kotlin.Nothing? origin=DEFAULT_VALUE
                            CONST Null type=kotlin.Nothing? value=null
                          contentScale: COMPOSITE type=kotlin.Nothing? origin=DEFAULT_VALUE
                            CONST Null type=kotlin.Nothing? value=null
                          alpha: COMPOSITE type=kotlin.Float origin=DEFAULT_VALUE
                            CONST Float type=kotlin.Float value=0.0
                          colorFilter: COMPOSITE type=kotlin.Nothing? origin=DEFAULT_VALUE
                            CONST Null type=kotlin.Nothing? value=null
                          $composer: GET_VAR '$composer: androidx.compose.runtime.Composer? [assignable] declared in com.geinzz.geinzwork.ui.adapters.ui.pantallas.principal_ui.Mapa_perzonalizado_direccionesKt.dialogo_lugar_tienda$lambda$186.<no name provided>.invoke$lambda$6$lambda$5$lambda$4$lambda$3$lambda$2' type=androidx.compose.runtime.Composer? origin=null
                          $changed: CONST Int type=kotlin.Int value=0
                          $default: CONST Int type=kotlin.Int value=120
                      CALL 'public final fun sourceInformationMarkerEnd (composer: androidx.compose.runtime.Composer): kotlin.Unit declared in androidx.compose.runtime.ComposerKt' type=kotlin.Unit origin=null
                        composer: GET_VAR '$composer: androidx.compose.runtime.Composer? [assignable] declared in com.geinzz.geinzwork.ui.adapters.ui.pantallas.principal_ui.Mapa_perzonalizado_direccionesKt.dialogo_lugar_tienda$lambda$186.<no name provided>.invoke$lambda$6$lambda$5$lambda$4$lambda$3$lambda$2' type=androidx.compose.runtime.Composer? origin=null
                FUN INLINE_LAMBDA name:invoke$lambda$6$lambda$5$lambda$4$lambda$3 visibility:private modality:FINAL <> ($receiver:androidx.compose.foundation.lazy.LazyItemScope, $lista_redes_tiendas:kotlin.collections.List<com.geinzz.geinzwork.utils.constantes.localizate_geinz.constantes_lista_localidades.data_redes_tiendas>, $onclick_iconos:kotlin.Function2<kotlin.String, com.geinzz.geinzwork.utils.constantes.localizate_geinz.constantes_lista_localidades.data_redes_tiendas, kotlin.Unit>, $dataclass_map:com.geinzz.geinzwork.data.model.localizate_geinz.dataclass_map, i:com.geinzz.geinzwork.utils.constantes.localizate_geinz.constantes_lista_localidades.data_redes_tiendas, $composer:androidx.compose.runtime.Composer?, $changed:kotlin.Int) returnType:kotlin.Unit
                  annotations:
                    Composable
                    ComposableTarget(applier = "androidx.compose.ui.UiComposable")
                  $receiver: VALUE_PARAMETER name:$this$items type:androidx.compose.foundation.lazy.LazyItemScope
                  VALUE_PARAMETER BOUND_VALUE_PARAMETER name:$lista_redes_tiendas index:0 type:kotlin.collections.List<com.geinzz.geinzwork.utils.constantes.localizate_geinz.constantes_lista_localidades.data_redes_tiendas>
                  VALUE_PARAMETER BOUND_VALUE_PARAMETER name:$onclick_iconos index:1 type:kotlin.Function2<kotlin.String, com.geinzz.geinzwork.utils.constantes.localizate_geinz.constantes_lista_localidades.data_redes_tiendas, kotlin.Unit>
                  VALUE_PARAMETER BOUND_VALUE_PARAMETER name:$dataclass_map index:2 type:com.geinzz.geinzwork.data.model.localizate_geinz.dataclass_map
                  VALUE_PARAMETER name:i index:3 type:com.geinzz.geinzwork.utils.constantes.localizate_geinz.constantes_lista_localidades.data_redes_tiendas
                  VALUE_PARAMETER name:$composer index:4 type:androidx.compose.runtime.Composer? [assignable]
                  VALUE_PARAMETER name:$changed index:5 type:kotlin.Int
                  BLOCK_BODY
                    VAR name:$i$a$-items$default-Mapa_perzonalizado_direccionesKt$dialogo_lugar_tienda$4$2$1$1$1$2 type:kotlin.Int [val]
                      CONST Int type=kotlin.Int value=0
                    BLOCK type=kotlin.Unit origin=null
                      BLOCK type=kotlin.Unit origin=null
                        CALL 'public abstract fun startReplaceGroup (key: kotlin.Int): kotlin.Unit declared in androidx.compose.runtime.Composer' type=kotlin.Unit origin=null
                          $this: GET_VAR '$composer: androidx.compose.runtime.Composer? [assignable] declared in com.geinzz.geinzwork.ui.adapters.ui.pantallas.principal_ui.Mapa_perzonalizado_direccionesKt.dialogo_lugar_tienda$lambda$186.<no name provided>.invoke$lambda$6$lambda$5$lambda$4$lambda$3' type=androidx.compose.runtime.Composer? origin=null
                          key: CONST Int type=kotlin.Int value=2145648613
                        CALL 'public final fun sourceInformation (composer: androidx.compose.runtime.Composer, sourceInformation: kotlin.String): kotlin.Unit declared in androidx.compose.runtime.ComposerKt' type=kotlin.Unit origin=null
                          composer: GET_VAR '$composer: androidx.compose.runtime.Composer? [assignable] declared in com.geinzz.geinzwork.ui.adapters.ui.pantallas.principal_ui.Mapa_perzonalizado_direccionesKt.dialogo_lugar_tienda$lambda$186.<no name provided>.invoke$lambda$6$lambda$5$lambda$4$lambda$3' type=androidx.compose.runtime.Composer? origin=null
                          sourceInformation: CONST String type=kotlin.String value="C*1802@78620L672:mapa_perzonalizado_direcciones.kt#wpgen7"
                      COMPOSITE type=kotlin.Unit origin=null
                        COMPOSITE type=kotlin.Unit origin=null
                          CALL 'public open fun d (p0: @[EnhancedNullability] kotlin.String?, p1: @[EnhancedNullability] kotlin.String): kotlin.Int declared in android.util.Log' type=kotlin.Int origin=null
                            p0: CONST String type=kotlin.String value="lsitaeclicalda"
                            p1: CALL 'public open fun toString (): kotlin.String declared in kotlin.Any' type=kotlin.String origin=null
                              $this: TYPE_OP type=kotlin.Any origin=IMPLICIT_CAST typeOperand=kotlin.Any
                                GET_VAR '$lista_redes_tiendas: kotlin.collections.List<com.geinzz.geinzwork.utils.constantes.localizate_geinz.constantes_lista_localidades.data_redes_tiendas> declared in com.geinzz.geinzwork.ui.adapters.ui.pantallas.principal_ui.Mapa_perzonalizado_direccionesKt.dialogo_lugar_tienda$lambda$186.<no name provided>.invoke$lambda$6$lambda$5$lambda$4$lambda$3' type=kotlin.collections.List<com.geinzz.geinzwork.utils.constantes.localizate_geinz.constantes_lista_localidades.data_redes_tiendas> origin=null
                          COMPOSITE type=kotlin.Unit origin=null
                        CALL 'public final fun Box (modifier: androidx.compose.ui.Modifier?, contentAlignment: androidx.compose.ui.Alignment?, propagateMinConstraints: kotlin.Boolean, content: @[ExtensionFunctionType] kotlin.Function3<androidx.compose.foundation.layout.BoxScope, androidx.compose.runtime.Composer, kotlin.Int, kotlin.Unit>, $composer: androidx.compose.runtime.Composer?, $changed: kotlin.Int, $default: kotlin.Int): kotlin.Unit [inline] declared in androidx.compose.foundation.layout.BoxKt' type=kotlin.Unit origin=null
                          modifier: CALL 'public final fun clip (shape: androidx.compose.ui.graphics.Shape): androidx.compose.ui.Modifier declared in androidx.compose.ui.draw.ClipKt' type=androidx.compose.ui.Modifier origin=null
                            $receiver: CALL 'public final fun size-3ABfNKs (size: androidx.compose.ui.unit.Dp): androidx.compose.ui.Modifier declared in androidx.compose.foundation.layout.SizeKt' type=androidx.compose.ui.Modifier origin=null
                              $receiver: GET_FIELD 'FIELD FIELD_FOR_OBJECT_INSTANCE name:Companion type:androidx.compose.ui.Modifier.Companion visibility:public [final,static] declared in androidx.compose.ui.Modifier' type=androidx.compose.ui.Modifier.Companion origin=null
                              size: CALL 'public final fun <get-dp> (): androidx.compose.ui.unit.Dp [inline] declared in androidx.compose.ui.unit.DpKt' type=androidx.compose.ui.unit.Dp origin=GET_PROPERTY
                                $receiver: CONST Int type=kotlin.Int value=35
                            shape: CALL 'public final fun <get-CircleShape> (): androidx.compose.foundation.shape.RoundedCornerShape declared in androidx.compose.foundation.shape.RoundedCornerShapeKt' type=androidx.compose.foundation.shape.RoundedCornerShape origin=GET_PROPERTY
                          contentAlignment: COMPOSITE type=kotlin.Nothing? origin=DEFAULT_VALUE
                            CONST Null type=kotlin.Nothing? value=null
                          propagateMinConstraints: COMPOSITE type=kotlin.Boolean origin=DEFAULT_VALUE
                            CONST Boolean type=kotlin.Boolean value=false
                          content: BLOCK type=@[ExtensionFunctionType] kotlin.Function3<androidx.compose.foundation.layout.BoxScope, androidx.compose.runtime.Composer, kotlin.Int, kotlin.Unit> origin=LAMBDA
                            COMPOSITE type=kotlin.Unit origin=null
                            FUNCTION_REFERENCE 'private final fun invoke$lambda$6$lambda$5$lambda$4$lambda$3$lambda$2 ($i: com.geinzz.geinzwork.utils.constantes.localizate_geinz.constantes_lista_localidades.data_redes_tiendas, $onclick_iconos: kotlin.Function2<kotlin.String, com.geinzz.geinzwork.utils.constantes.localizate_geinz.constantes_lista_localidades.data_redes_tiendas, kotlin.Unit>, $dataclass_map: com.geinzz.geinzwork.data.model.localizate_geinz.dataclass_map, $$changed: kotlin.Int, $composer: androidx.compose.runtime.Composer?, $changed: kotlin.Int): kotlin.Unit declared in com.geinzz.geinzwork.ui.adapters.ui.pantallas.principal_ui.Mapa_perzonalizado_direccionesKt.dialogo_lugar_tienda$lambda$186.<no name provided>' type=@[ExtensionFunctionType] kotlin.Function3<androidx.compose.foundation.layout.BoxScope, androidx.compose.runtime.Composer, kotlin.Int, kotlin.Unit> origin=INLINE_LAMBDA reflectionTarget=null
                              $i: GET_VAR 'i: com.geinzz.geinzwork.utils.constantes.localizate_geinz.constantes_lista_localidades.data_redes_tiendas declared in com.geinzz.geinzwork.ui.adapters.ui.pantallas.principal_ui.Mapa_perzonalizado_direccionesKt.dialogo_lugar_tienda$lambda$186.<no name provided>.invoke$lambda$6$lambda$5$lambda$4$lambda$3' type=com.geinzz.geinzwork.utils.constantes.localizate_geinz.constantes_lista_localidades.data_redes_tiendas origin=null
                              $onclick_iconos: GET_VAR '$onclick_iconos: kotlin.Function2<kotlin.String, com.geinzz.geinzwork.utils.constantes.localizate_geinz.constantes_lista_localidades.data_redes_tiendas, kotlin.Unit> declared in com.geinzz.geinzwork.ui.adapters.ui.pantallas.principal_ui.Mapa_perzonalizado_direccionesKt.dialogo_lugar_tienda$lambda$186.<no name provided>.invoke$lambda$6$lambda$5$lambda$4$lambda$3' type=kotlin.Function2<kotlin.String, com.geinzz.geinzwork.utils.constantes.localizate_geinz.constantes_lista_localidades.data_redes_tiendas, kotlin.Unit> origin=null
                              $dataclass_map: GET_VAR '$dataclass_map: com.geinzz.geinzwork.data.model.localizate_geinz.dataclass_map declared in com.geinzz.geinzwork.ui.adapters.ui.pantallas.principal_ui.Mapa_perzonalizado_direccionesKt.dialogo_lugar_tienda$lambda$186.<no name provided>.invoke$lambda$6$lambda$5$lambda$4$lambda$3' type=com.geinzz.geinzwork.data.model.localizate_geinz.dataclass_map origin=null
                              $$changed: GET_VAR '$changed: kotlin.Int declared in com.geinzz.geinzwork.ui.adapters.ui.pantallas.principal_ui.Mapa_perzonalizado_direccionesKt.dialogo_lugar_tienda$lambda$186.<no name provided>.invoke$lambda$6$lambda$5$lambda$4$lambda$3' type=kotlin.Int origin=null
                          $composer: GET_VAR '$composer: androidx.compose.runtime.Composer? [assignable] declared in com.geinzz.geinzwork.ui.adapters.ui.pantallas.principal_ui.Mapa_perzonalizado_direccionesKt.dialogo_lugar_tienda$lambda$186.<no name provided>.invoke$lambda$6$lambda$5$lambda$4$lambda$3' type=androidx.compose.runtime.Composer? origin=null
                          $changed: CONST Int type=kotlin.Int value=0
                          $default: CONST Int type=kotlin.Int value=6
                      CALL 'public abstract fun endReplaceGroup (): kotlin.Unit declared in androidx.compose.runtime.Composer' type=kotlin.Unit origin=null
                        $this: GET_VAR '$composer: androidx.compose.runtime.Composer? [assignable] declared in com.geinzz.geinzwork.ui.adapters.ui.pantallas.principal_ui.Mapa_perzonalizado_direccionesKt.dialogo_lugar_tienda$lambda$186.<no name provided>.invoke$lambda$6$lambda$5$lambda$4$lambda$3' type=androidx.compose.runtime.Composer? origin=null
                FUN LOCAL_FUNCTION_FOR_LAMBDA name:invoke$lambda$6$lambda$5$lambda$4 visibility:private modality:FINAL <> ($lista_redes_tiendas:kotlin.collections.List<com.geinzz.geinzwork.utils.constantes.localizate_geinz.constantes_lista_localidades.data_redes_tiendas>, $onclick_iconos:kotlin.Function2<kotlin.String, com.geinzz.geinzwork.utils.constantes.localizate_geinz.constantes_lista_localidades.data_redes_tiendas, kotlin.Unit>, $dataclass_map:com.geinzz.geinzwork.data.model.localizate_geinz.dataclass_map, $this$LazyRow:androidx.compose.foundation.lazy.LazyListScope) returnType:kotlin.Unit?
                  VALUE_PARAMETER BOUND_VALUE_PARAMETER name:$lista_redes_tiendas index:0 type:kotlin.collections.List<com.geinzz.geinzwork.utils.constantes.localizate_geinz.constantes_lista_localidades.data_redes_tiendas>
                  VALUE_PARAMETER BOUND_VALUE_PARAMETER name:$onclick_iconos index:1 type:kotlin.Function2<kotlin.String, com.geinzz.geinzwork.utils.constantes.localizate_geinz.constantes_lista_localidades.data_redes_tiendas, kotlin.Unit>
                  VALUE_PARAMETER BOUND_VALUE_PARAMETER name:$dataclass_map index:2 type:com.geinzz.geinzwork.data.model.localizate_geinz.dataclass_map
                  VALUE_PARAMETER name:$this$LazyRow index:3 type:androidx.compose.foundation.lazy.LazyListScope
                  BLOCK_BODY
                    CALL 'public final fun items$default <T> (items: kotlin.collections.List<T of androidx.compose.foundation.lazy.LazyDslKt.items$default>, key: kotlin.Function1<@[ParameterName(name = "item")] T of androidx.compose.foundation.lazy.LazyDslKt.items$default, kotlin.Any>?, contentType: kotlin.Function1<@[ParameterName(name = "item")] T of androidx.compose.foundation.lazy.LazyDslKt.items$default, kotlin.Any?>?, itemContent: @[ExtensionFunctionType] kotlin.Function4<androidx.compose.foundation.lazy.LazyItemScope, @[ParameterName(name = "item")] T of androidx.compose.foundation.lazy.LazyDslKt.items$default, androidx.compose.runtime.Composer, kotlin.Int, kotlin.Unit>, $mask0: kotlin.Int, $handler: kotlin.Any?): kotlin.Unit [inline] declared in androidx.compose.foundation.lazy.LazyDslKt' type=kotlin.Unit origin=DEFAULT_DISPATCH_CALL
                      <T>: com.geinzz.geinzwork.utils.constantes.localizate_geinz.constantes_lista_localidades.data_redes_tiendas
                      $receiver: GET_VAR '$this$LazyRow: androidx.compose.foundation.lazy.LazyListScope declared in com.geinzz.geinzwork.ui.adapters.ui.pantallas.principal_ui.Mapa_perzonalizado_direccionesKt.dialogo_lugar_tienda$lambda$186.<no name provided>.invoke$lambda$6$lambda$5$lambda$4' type=androidx.compose.foundation.lazy.LazyListScope origin=null
                      items: CALL 'public final fun filter <T> (predicate: kotlin.Function1<T of kotlin.collections.CollectionsKt.filter, kotlin.Boolean>): kotlin.collections.List<T of kotlin.collections.CollectionsKt.filter> [inline] declared in kotlin.collections.CollectionsKt' type=kotlin.collections.List<com.geinzz.geinzwork.utils.constantes.localizate_geinz.constantes_lista_localidades.data_redes_tiendas> origin=null
                        <T>: com.geinzz.geinzwork.utils.constantes.localizate_geinz.constantes_lista_localidades.data_redes_tiendas
                        $receiver: GET_VAR '$lista_redes_tiendas: kotlin.collections.List<com.geinzz.geinzwork.utils.constantes.localizate_geinz.constantes_lista_localidades.data_redes_tiendas> declared in com.geinzz.geinzwork.ui.adapters.ui.pantallas.principal_ui.Mapa_perzonalizado_direccionesKt.dialogo_lugar_tienda$lambda$186.<no name provided>.invoke$lambda$6$lambda$5$lambda$4' type=kotlin.collections.List<com.geinzz.geinzwork.utils.constantes.localizate_geinz.constantes_lista_localidades.data_redes_tiendas> origin=null
                        predicate: BLOCK type=kotlin.Function1<com.geinzz.geinzwork.utils.constantes.localizate_geinz.constantes_lista_localidades.data_redes_tiendas, kotlin.Boolean> origin=LAMBDA
                          COMPOSITE type=kotlin.Unit origin=null
                          FUNCTION_REFERENCE 'private final fun invoke$lambda$6$lambda$5$lambda$4$lambda$0 (it: com.geinzz.geinzwork.utils.constantes.localizate_geinz.constantes_lista_localidades.data_redes_tiendas): kotlin.Boolean declared in com.geinzz.geinzwork.ui.adapters.ui.pantallas.principal_ui.Mapa_perzonalizado_direccionesKt.dialogo_lugar_tienda$lambda$186.<no name provided>' type=kotlin.Function1<com.geinzz.geinzwork.utils.constantes.localizate_geinz.constantes_lista_localidades.data_redes_tiendas, kotlin.Boolean> origin=INLINE_LAMBDA reflectionTarget=null
                      key: COMPOSITE type=kotlin.Function1<@[ParameterName(name = "item")] T of androidx.compose.foundation.lazy.LazyDslKt.items$default, kotlin.Any>? origin=DEFAULT_VALUE
                        CONST Null type=kotlin.Function1<@[ParameterName(name = "item")] T of androidx.compose.foundation.lazy.LazyDslKt.items$default, kotlin.Any>? value=null
                      contentType: COMPOSITE type=kotlin.Function1<@[ParameterName(name = "item")] T of androidx.compose.foundation.lazy.LazyDslKt.items$default, kotlin.Any?>? origin=DEFAULT_VALUE
                        CONST Null type=kotlin.Function1<@[ParameterName(name = "item")] T of androidx.compose.foundation.lazy.LazyDslKt.items$default, kotlin.Any?>? value=null
                      itemContent: BLOCK type=@[ExtensionFunctionType] kotlin.Function4<androidx.compose.foundation.lazy.LazyItemScope, com.geinzz.geinzwork.utils.constantes.localizate_geinz.constantes_lista_localidades.data_redes_tiendas, androidx.compose.runtime.Composer, kotlin.Int, kotlin.Unit> origin=LAMBDA
                        COMPOSITE type=kotlin.Unit origin=null
                        FUNCTION_REFERENCE 'private final fun invoke$lambda$6$lambda$5$lambda$4$lambda$3 ($lista_redes_tiendas: kotlin.collections.List<com.geinzz.geinzwork.utils.constantes.localizate_geinz.constantes_lista_localidades.data_redes_tiendas>, $onclick_iconos: kotlin.Function2<kotlin.String, com.geinzz.geinzwork.utils.constantes.localizate_geinz.constantes_lista_localidades.data_redes_tiendas, kotlin.Unit>, $dataclass_map: com.geinzz.geinzwork.data.model.localizate_geinz.dataclass_map, i: com.geinzz.geinzwork.utils.constantes.localizate_geinz.constantes_lista_localidades.data_redes_tiendas, $composer: androidx.compose.runtime.Composer?, $changed: kotlin.Int): kotlin.Unit declared in com.geinzz.geinzwork.ui.adapters.ui.pantallas.principal_ui.Mapa_perzonalizado_direccionesKt.dialogo_lugar_tienda$lambda$186.<no name provided>' type=@[ExtensionFunctionType] kotlin.Function4<androidx.compose.foundation.lazy.LazyItemScope, com.geinzz.geinzwork.utils.constantes.localizate_geinz.constantes_lista_localidades.data_redes_tiendas, androidx.compose.runtime.Composer, kotlin.Int, kotlin.Unit> origin=INLINE_LAMBDA reflectionTarget=null
                          $lista_redes_tiendas: GET_VAR '$lista_redes_tiendas: kotlin.collections.List<com.geinzz.geinzwork.utils.constantes.localizate_geinz.constantes_lista_localidades.data_redes_tiendas> declared in com.geinzz.geinzwork.ui.adapters.ui.pantallas.principal_ui.Mapa_perzonalizado_direccionesKt.dialogo_lugar_tienda$lambda$186.<no name provided>.invoke$lambda$6$lambda$5$lambda$4' type=kotlin.collections.List<com.geinzz.geinzwork.utils.constantes.localizate_geinz.constantes_lista_localidades.data_redes_tiendas> origin=null
                          $onclick_iconos: GET_VAR '$onclick_iconos: kotlin.Function2<kotlin.String, com.geinzz.geinzwork.utils.constantes.localizate_geinz.constantes_lista_localidades.data_redes_tiendas, kotlin.Unit> declared in com.geinzz.geinzwork.ui.adapters.ui.pantallas.principal_ui.Mapa_perzonalizado_direccionesKt.dialogo_lugar_tienda$lambda$186.<no name provided>.invoke$lambda$6$lambda$5$lambda$4' type=kotlin.Function2<kotlin.String, com.geinzz.geinzwork.utils.constantes.localizate_geinz.constantes_lista_localidades.data_redes_tiendas, kotlin.Unit> origin=null
                          $dataclass_map: GET_VAR '$dataclass_map: com.geinzz.geinzwork.data.model.localizate_geinz.dataclass_map declared in com.geinzz.geinzwork.ui.adapters.ui.pantallas.principal_ui.Mapa_perzonalizado_direccionesKt.dialogo_lugar_tienda$lambda$186.<no name provided>.invoke$lambda$6$lambda$5$lambda$4' type=com.geinzz.geinzwork.data.model.localizate_geinz.dataclass_map origin=null
                      $mask0: CONST Int type=kotlin.Int value=6
                      $handler: CONST Null type=kotlin.Any? value=null
                FUN INLINE_LAMBDA name:invoke$lambda$6$lambda$5 visibility:private modality:FINAL <> ($lista_redes_tiendas:kotlin.collections.List<com.geinzz.geinzwork.utils.constantes.localizate_geinz.constantes_lista_localidades.data_redes_tiendas>, $onclick_iconos:kotlin.Function2<kotlin.String, com.geinzz.geinzwork.utils.constantes.localizate_geinz.constantes_lista_localidades.data_redes_tiendas, kotlin.Unit>, $dataclass_map:com.geinzz.geinzwork.data.model.localizate_geinz.dataclass_map) returnType:@[ExtensionFunctionType] kotlin.Function1<androidx.compose.foundation.lazy.LazyListScope, kotlin.Unit>
                  VALUE_PARAMETER BOUND_VALUE_PARAMETER name:$lista_redes_tiendas index:0 type:kotlin.collections.List<com.geinzz.geinzwork.utils.constantes.localizate_geinz.constantes_lista_localidades.data_redes_tiendas>
                  VALUE_PARAMETER BOUND_VALUE_PARAMETER name:$onclick_iconos index:1 type:kotlin.Function2<kotlin.String, com.geinzz.geinzwork.utils.constantes.localizate_geinz.constantes_lista_localidades.data_redes_tiendas, kotlin.Unit>
                  VALUE_PARAMETER BOUND_VALUE_PARAMETER name:$dataclass_map index:2 type:com.geinzz.geinzwork.data.model.localizate_geinz.dataclass_map
                  BLOCK_BODY
                    VAR name:$i$a$-cache-Mapa_perzonalizado_direccionesKt$dialogo_lugar_tienda$4$2$1$1 type:kotlin.Int [val]
                      CONST Int type=kotlin.Int value=0
                    RETURN type=kotlin.Nothing from='private final fun invoke$lambda$6$lambda$5 ($lista_redes_tiendas: kotlin.collections.List<com.geinzz.geinzwork.utils.constantes.localizate_geinz.constantes_lista_localidades.data_redes_tiendas>, $onclick_iconos: kotlin.Function2<kotlin.String, com.geinzz.geinzwork.utils.constantes.localizate_geinz.constantes_lista_localidades.data_redes_tiendas, kotlin.Unit>, $dataclass_map: com.geinzz.geinzwork.data.model.localizate_geinz.dataclass_map): @[ExtensionFunctionType] kotlin.Function1<androidx.compose.foundation.lazy.LazyListScope, kotlin.Unit> declared in com.geinzz.geinzwork.ui.adapters.ui.pantallas.principal_ui.Mapa_perzonalizado_direccionesKt.dialogo_lugar_tienda$lambda$186.<no name provided>'
                      BLOCK type=@[ExtensionFunctionType] kotlin.Function1<androidx.compose.foundation.lazy.LazyListScope, kotlin.Unit> origin=LAMBDA
                        COMPOSITE type=kotlin.Unit origin=null
                        CALL 'public final fun <jvm-indy> <T> (dynamicCall: T of kotlin.jvm.internal.<jvm-indy>, bootstrapMethodHandle: kotlin.Any, vararg bootstrapMethodArguments: kotlin.Any): T of kotlin.jvm.internal.<jvm-indy> declared in kotlin.jvm.internal' type=@[ExtensionFunctionType] kotlin.Function1<androidx.compose.foundation.lazy.LazyListScope, kotlin.Unit> origin=null
                          <T>: @[ExtensionFunctionType] kotlin.Function1<androidx.compose.foundation.lazy.LazyListScope, kotlin.Unit>
                          dynamicCall: CALL 'public final fun invoke (p0: kotlin.collections.List<com.geinzz.geinzwork.utils.constantes.localizate_geinz.constantes_lista_localidades.data_redes_tiendas>, p1: kotlin.Function2<kotlin.String, com.geinzz.geinzwork.utils.constantes.localizate_geinz.constantes_lista_localidades.data_redes_tiendas, kotlin.Unit>, p2: com.geinzz.geinzwork.data.model.localizate_geinz.dataclass_map): @[ExtensionFunctionType] kotlin.Function1<androidx.compose.foundation.lazy.LazyListScope, kotlin.Unit> declared in kotlin.jvm.internal.invokeDynamic' type=@[ExtensionFunctionType] kotlin.Function1<androidx.compose.foundation.lazy.LazyListScope, kotlin.Unit> origin=null
                            p0: GET_VAR '$lista_redes_tiendas: kotlin.collections.List<com.geinzz.geinzwork.utils.constantes.localizate_geinz.constantes_lista_localidades.data_redes_tiendas> declared in com.geinzz.geinzwork.ui.adapters.ui.pantallas.principal_ui.Mapa_perzonalizado_direccionesKt.dialogo_lugar_tienda$lambda$186.<no name provided>.invoke$lambda$6$lambda$5' type=kotlin.collections.List<com.geinzz.geinzwork.utils.constantes.localizate_geinz.constantes_lista_localidades.data_redes_tiendas> origin=null
                            p1: GET_VAR '$onclick_iconos: kotlin.Function2<kotlin.String, com.geinzz.geinzwork.utils.constantes.localizate_geinz.constantes_lista_localidades.data_redes_tiendas, kotlin.Unit> declared in com.geinzz.geinzwork.ui.adapters.ui.pantallas.principal_ui.Mapa_perzonalizado_direccionesKt.dialogo_lugar_tienda$lambda$186.<no name provided>.invoke$lambda$6$lambda$5' type=kotlin.Function2<kotlin.String, com.geinzz.geinzwork.utils.constantes.localizate_geinz.constantes_lista_localidades.data_redes_tiendas, kotlin.Unit> origin=null
                            p2: GET_VAR '$dataclass_map: com.geinzz.geinzwork.data.model.localizate_geinz.dataclass_map declared in com.geinzz.geinzwork.ui.adapters.ui.pantallas.principal_ui.Mapa_perzonalizado_direccionesKt.dialogo_lugar_tienda$lambda$186.<no name provided>.invoke$lambda$6$lambda$5' type=com.geinzz.geinzwork.data.model.localizate_geinz.dataclass_map origin=null
                          bootstrapMethodHandle: CALL 'public final fun <jvm-method-handle> (tag: kotlin.Int, owner: kotlin.String, name: kotlin.String, descriptor: kotlin.String, isInterface: kotlin.Boolean): kotlin.Any declared in kotlin.jvm.internal' type=kotlin.Any origin=null
                            tag: CONST Int type=kotlin.Int value=6
                            owner: CONST String type=kotlin.String value="java/lang/invoke/LambdaMetafactory"
                            name: CONST String type=kotlin.String value="metafactory"
                            descriptor: CONST String type=kotlin.String value="(Ljava/lang/invoke/MethodHandles$Lookup;Ljava/lang/String;Ljava/lang/invoke/MethodType;Ljava/lang/invoke/MethodType;Ljava/lang/invoke/MethodHandle;Ljava/lang/invoke/MethodType;)Ljava/lang/invoke/CallSite;"
                            isInterface: CONST Boolean type=kotlin.Boolean value=false
                          bootstrapMethodArguments: VARARG type=kotlin.Array<kotlin.Any> varargElementType=kotlin.Any
                            CALL 'public final fun <jvm-original-method-type> (method: kotlin.Any): kotlin.Any declared in kotlin.jvm.internal' type=kotlin.Any origin=null
                              method: RAW_FUNCTION_REFERENCE 'public abstract fun invoke (p1: P1 of kotlin.Function1): R of kotlin.Function1 [operator] declared in kotlin.Function1' type=kotlin.Any
                            RAW_FUNCTION_REFERENCE 'private final fun invoke$lambda$6$lambda$5$lambda$4 ($lista_redes_tiendas: kotlin.collections.List<com.geinzz.geinzwork.utils.constantes.localizate_geinz.constantes_lista_localidades.data_redes_tiendas>, $onclick_iconos: kotlin.Function2<kotlin.String, com.geinzz.geinzwork.utils.constantes.localizate_geinz.constantes_lista_localidades.data_redes_tiendas, kotlin.Unit>, $dataclass_map: com.geinzz.geinzwork.data.model.localizate_geinz.dataclass_map, $this$LazyRow: androidx.compose.foundation.lazy.LazyListScope): kotlin.Unit? declared in com.geinzz.geinzwork.ui.adapters.ui.pantallas.principal_ui.Mapa_perzonalizado_direccionesKt.dialogo_lugar_tienda$lambda$186.<no name provided>' type=kotlin.Any
                            CALL 'public final fun <jvm-original-method-type> (method: kotlin.Any): kotlin.Any declared in kotlin.jvm.internal' type=kotlin.Any origin=null
                              method: RAW_FUNCTION_REFERENCE 'public abstract fun invoke (p1: androidx.compose.foundation.lazy.LazyListScope): kotlin.Unit? [fake_override,operator] declared in kotlin.jvm.internal.invokeDynamic.<fake>' type=kotlin.Any
                FUN INLINE_LAMBDA name:invoke$lambda$6 visibility:private modality:FINAL <> ($receiver:androidx.compose.foundation.layout.BoxScope, $listate:androidx.compose.foundation.lazy.LazyListState, $lista_redes_tiendas:kotlin.collections.List<com.geinzz.geinzwork.utils.constantes.localizate_geinz.constantes_lista_localidades.data_redes_tiendas>, $onclick_iconos:kotlin.Function2<kotlin.String, com.geinzz.geinzwork.utils.constantes.localizate_geinz.constantes_lista_localidades.data_redes_tiendas, kotlin.Unit>, $dataclass_map:com.geinzz.geinzwork.data.model.localizate_geinz.dataclass_map, $alphaLeft$delegate:androidx.compose.runtime.State<kotlin.Float>, $alphaRight$delegate:androidx.compose.runtime.State<kotlin.Float>, $composer:androidx.compose.runtime.Composer?, $changed:kotlin.Int) returnType:kotlin.Unit
                  annotations:
                    Composable
                    ComposableTarget(applier = "androidx.compose.ui.UiComposable")
                  $receiver: VALUE_PARAMETER name:$this$Box type:androidx.compose.foundation.layout.BoxScope
                  VALUE_PARAMETER BOUND_VALUE_PARAMETER name:$listate index:0 type:androidx.compose.foundation.lazy.LazyListState
                  VALUE_PARAMETER BOUND_VALUE_PARAMETER name:$lista_redes_tiendas index:1 type:kotlin.collections.List<com.geinzz.geinzwork.utils.constantes.localizate_geinz.constantes_lista_localidades.data_redes_tiendas>
                  VALUE_PARAMETER BOUND_VALUE_PARAMETER name:$onclick_iconos index:2 type:kotlin.Function2<kotlin.String, com.geinzz.geinzwork.utils.constantes.localizate_geinz.constantes_lista_localidades.data_redes_tiendas, kotlin.Unit>
                  VALUE_PARAMETER BOUND_VALUE_PARAMETER name:$dataclass_map index:3 type:com.geinzz.geinzwork.data.model.localizate_geinz.dataclass_map
                  VALUE_PARAMETER BOUND_VALUE_PARAMETER name:$alphaLeft$delegate index:4 type:androidx.compose.runtime.State<kotlin.Float>
                  VALUE_PARAMETER BOUND_VALUE_PARAMETER name:$alphaRight$delegate index:5 type:androidx.compose.runtime.State<kotlin.Float>
                  VALUE_PARAMETER name:$composer index:6 type:androidx.compose.runtime.Composer? [assignable]
                  VALUE_PARAMETER name:$changed index:7 type:kotlin.Int
                  BLOCK_BODY
                    VAR name:$i$a$-Box-Mapa_perzonalizado_direccionesKt$dialogo_lugar_tienda$4$2$1 type:kotlin.Int [val]
                      CONST Int type=kotlin.Int value=0
                    BLOCK type=kotlin.Unit origin=null
                      CALL 'public final fun sourceInformationMarkerStart (composer: androidx.compose.runtime.Composer, key: kotlin.Int, sourceInformation: kotlin.String): kotlin.Unit declared in androidx.compose.runtime.ComposerKt' type=kotlin.Unit origin=null
                        composer: GET_VAR '$composer: androidx.compose.runtime.Composer? [assignable] declared in com.geinzz.geinzwork.ui.adapters.ui.pantallas.principal_ui.Mapa_perzonalizado_direccionesKt.dialogo_lugar_tienda$lambda$186.<no name provided>.invoke$lambda$6' type=androidx.compose.runtime.Composer? origin=null
                        key: CONST Int type=kotlin.Int value=-96247331
                        sourceInformation: CONST String type=kotlin.String value="C1799@78439L893,1792@78087L1245,1821@79382L428,1833@79858L426:mapa_perzonalizado_direcciones.kt#wpgen7"
                      COMPOSITE type=kotlin.Unit origin=null
                        BLOCK type=kotlin.Unit origin=ARGUMENTS_REORDERING_FOR_CALL
                          VAR IR_TEMPORARY_VARIABLE name:tmp0_horizontalArrangement type:androidx.compose.foundation.layout.Arrangement.HorizontalOrVertical [val]
                            CALL 'public final fun spacedBy-0680j_4 (space: androidx.compose.ui.unit.Dp): androidx.compose.foundation.layout.Arrangement.HorizontalOrVertical declared in androidx.compose.foundation.layout.Arrangement' type=androidx.compose.foundation.layout.Arrangement.HorizontalOrVertical origin=null
                              $this: GET_FIELD 'FIELD FIELD_FOR_OBJECT_INSTANCE name:INSTANCE type:androidx.compose.foundation.layout.Arrangement visibility:public [final,static] declared in androidx.compose.foundation.layout.Arrangement' type=androidx.compose.foundation.layout.Arrangement origin=null
                              space: CALL 'public final fun <get-dp> (): androidx.compose.ui.unit.Dp [inline] declared in androidx.compose.ui.unit.DpKt' type=androidx.compose.ui.unit.Dp origin=GET_PROPERTY
                                $receiver: CONST Int type=kotlin.Int value=7
                          VAR IR_TEMPORARY_VARIABLE name:tmp1_contentPadding type:androidx.compose.foundation.layout.PaddingValues [val]
                            CALL 'public final fun PaddingValues-YgX7TsA$default (horizontal: androidx.compose.ui.unit.Dp, vertical: androidx.compose.ui.unit.Dp, $mask0: kotlin.Int, $handler: kotlin.Any?): androidx.compose.foundation.layout.PaddingValues declared in androidx.compose.foundation.layout.PaddingKt' type=androidx.compose.foundation.layout.PaddingValues origin=DEFAULT_DISPATCH_CALL
                              horizontal: CALL 'public final fun <get-dp> (): androidx.compose.ui.unit.Dp [inline] declared in androidx.compose.ui.unit.DpKt' type=androidx.compose.ui.unit.Dp origin=GET_PROPERTY
                                $receiver: CONST Int type=kotlin.Int value=7
                              vertical: COMPOSITE type=androidx.compose.ui.unit.Dp origin=DEFAULT_VALUE
                                CALL 'public final fun <unsafe-coerce> <T, R> (v: T of kotlin.jvm.internal.<unsafe-coerce>): R of kotlin.jvm.internal.<unsafe-coerce> declared in kotlin.jvm.internal' type=androidx.compose.ui.unit.Dp origin=null
                                  <T>: kotlin.Float
                                  <R>: androidx.compose.ui.unit.Dp
                                  v: CONST Float type=kotlin.Float value=0.0
                              $mask0: CONST Int type=kotlin.Int value=2
                              $handler: CONST Null type=kotlin.Any? value=null
                          VAR IR_TEMPORARY_VARIABLE name:tmp2_modifier type:androidx.compose.ui.Modifier [val]
                            CALL 'public abstract fun align (alignment: androidx.compose.ui.Alignment): androidx.compose.ui.Modifier declared in androidx.compose.foundation.layout.BoxScope' type=androidx.compose.ui.Modifier origin=null
                              $this: GET_VAR '$this$Box: androidx.compose.foundation.layout.BoxScope declared in com.geinzz.geinzwork.ui.adapters.ui.pantallas.principal_ui.Mapa_perzonalizado_direccionesKt.dialogo_lugar_tienda$lambda$186.<no name provided>.invoke$lambda$6' type=androidx.compose.foundation.layout.BoxScope origin=null
                              $receiver: CALL 'public final fun padding-VpY3zN4$default (horizontal: androidx.compose.ui.unit.Dp, vertical: androidx.compose.ui.unit.Dp, $mask0: kotlin.Int, $handler: kotlin.Any?): androidx.compose.ui.Modifier declared in androidx.compose.foundation.layout.PaddingKt' type=androidx.compose.ui.Modifier origin=DEFAULT_DISPATCH_CALL
                                $receiver: GET_FIELD 'FIELD FIELD_FOR_OBJECT_INSTANCE name:Companion type:androidx.compose.ui.Modifier.Companion visibility:public [final,static] declared in androidx.compose.ui.Modifier' type=androidx.compose.ui.Modifier.Companion origin=null
                                horizontal: COMPOSITE type=androidx.compose.ui.unit.Dp origin=DEFAULT_VALUE
                                  CALL 'public final fun <unsafe-coerce> <T, R> (v: T of kotlin.jvm.internal.<unsafe-coerce>): R of kotlin.jvm.internal.<unsafe-coerce> declared in kotlin.jvm.internal' type=androidx.compose.ui.unit.Dp origin=null
                                    <T>: kotlin.Float
                                    <R>: androidx.compose.ui.unit.Dp
                                    v: CONST Float type=kotlin.Float value=0.0
                                vertical: CALL 'public final fun <get-dp> (): androidx.compose.ui.unit.Dp [inline] declared in androidx.compose.ui.unit.DpKt' type=androidx.compose.ui.unit.Dp origin=GET_PROPERTY
                                  $receiver: CONST Int type=kotlin.Int value=5
                                $mask0: CONST Int type=kotlin.Int value=1
                                $handler: CONST Null type=kotlin.Any? value=null
                              alignment: CALL 'public final fun <get-BottomCenter> (): androidx.compose.ui.Alignment declared in androidx.compose.ui.Alignment.Companion' type=androidx.compose.ui.Alignment origin=GET_PROPERTY
                                $this: GET_FIELD 'FIELD FIELD_FOR_OBJECT_INSTANCE name:Companion type:androidx.compose.ui.Alignment.Companion visibility:public [final,static] declared in androidx.compose.ui.Alignment' type=androidx.compose.ui.Alignment.Companion origin=null
                          CALL 'public final fun LazyRow (modifier: androidx.compose.ui.Modifier?, state: androidx.compose.foundation.lazy.LazyListState?, contentPadding: androidx.compose.foundation.layout.PaddingValues?, reverseLayout: kotlin.Boolean, horizontalArrangement: androidx.compose.foundation.layout.Arrangement.Horizontal?, verticalAlignment: androidx.compose.ui.Alignment.Vertical?, flingBehavior: androidx.compose.foundation.gestures.FlingBehavior?, userScrollEnabled: kotlin.Boolean, overscrollEffect: androidx.compose.foundation.OverscrollEffect?, content: @[ExtensionFunctionType] kotlin.Function1<androidx.compose.foundation.lazy.LazyListScope, kotlin.Unit>, $composer: androidx.compose.runtime.Composer?, $changed: kotlin.Int, $default: kotlin.Int): kotlin.Unit declared in androidx.compose.foundation.lazy.LazyDslKt' type=kotlin.Unit origin=null
                            modifier: GET_VAR 'val tmp2_modifier: androidx.compose.ui.Modifier [val] declared in com.geinzz.geinzwork.ui.adapters.ui.pantallas.principal_ui.Mapa_perzonalizado_direccionesKt.dialogo_lugar_tienda$lambda$186.<no name provided>.invoke$lambda$6' type=androidx.compose.ui.Modifier origin=null
                            state: GET_VAR '$listate: androidx.compose.foundation.lazy.LazyListState declared in com.geinzz.geinzwork.ui.adapters.ui.pantallas.principal_ui.Mapa_perzonalizado_direccionesKt.dialogo_lugar_tienda$lambda$186.<no name provided>.invoke$lambda$6' type=androidx.compose.foundation.lazy.LazyListState origin=null
                            contentPadding: GET_VAR 'val tmp1_contentPadding: androidx.compose.foundation.layout.PaddingValues [val] declared in com.geinzz.geinzwork.ui.adapters.ui.pantallas.principal_ui.Mapa_perzonalizado_direccionesKt.dialogo_lugar_tienda$lambda$186.<no name provided>.invoke$lambda$6' type=androidx.compose.foundation.layout.PaddingValues origin=null
                            reverseLayout: COMPOSITE type=kotlin.Boolean origin=DEFAULT_VALUE
                              CONST Boolean type=kotlin.Boolean value=false
                            horizontalArrangement: GET_VAR 'val tmp0_horizontalArrangement: androidx.compose.foundation.layout.Arrangement.HorizontalOrVertical [val] declared in com.geinzz.geinzwork.ui.adapters.ui.pantallas.principal_ui.Mapa_perzonalizado_direccionesKt.dialogo_lugar_tienda$lambda$186.<no name provided>.invoke$lambda$6' type=androidx.compose.foundation.layout.Arrangement.HorizontalOrVertical origin=null
                            verticalAlignment: COMPOSITE type=kotlin.Nothing? origin=DEFAULT_VALUE
                              CONST Null type=kotlin.Nothing? value=null
                            flingBehavior: COMPOSITE type=kotlin.Nothing? origin=DEFAULT_VALUE
                              CONST Null type=kotlin.Nothing? value=null
                            userScrollEnabled: COMPOSITE type=kotlin.Boolean origin=DEFAULT_VALUE
                              CONST Boolean type=kotlin.Boolean value=false
                            overscrollEffect: COMPOSITE type=kotlin.Nothing? origin=DEFAULT_VALUE
                              CONST Null type=kotlin.Nothing? value=null
                            content: BLOCK type=@[ExtensionFunctionType] kotlin.Function1<androidx.compose.foundation.lazy.LazyListScope, kotlin.Unit> origin=null
                              BLOCK type=kotlin.Unit origin=null
                                CALL 'public abstract fun startReplaceGroup (key: kotlin.Int): kotlin.Unit declared in androidx.compose.runtime.Composer' type=kotlin.Unit origin=null
                                  $this: GET_VAR '$composer: androidx.compose.runtime.Composer? [assignable] declared in com.geinzz.geinzwork.ui.adapters.ui.pantallas.principal_ui.Mapa_perzonalizado_direccionesKt.dialogo_lugar_tienda$lambda$186.<no name provided>.invoke$lambda$6' type=androidx.compose.runtime.Composer? origin=null
                                  key: CONST Int type=kotlin.Int value=-1388568114
                                CALL 'public final fun sourceInformation (composer: androidx.compose.runtime.Composer, sourceInformation: kotlin.String): kotlin.Unit declared in androidx.compose.runtime.ComposerKt' type=kotlin.Unit origin=null
                                  composer: GET_VAR '$composer: androidx.compose.runtime.Composer? [assignable] declared in com.geinzz.geinzwork.ui.adapters.ui.pantallas.principal_ui.Mapa_perzonalizado_direccionesKt.dialogo_lugar_tienda$lambda$186.<no name provided>.invoke$lambda$6' type=androidx.compose.runtime.Composer? origin=null
                                  sourceInformation: CONST String type=kotlin.String value="CC(remember):mapa_perzonalizado_direcciones.kt#9igjgp"
                              VAR IR_TEMPORARY_VARIABLE name:tmp0_group type:@[ExtensionFunctionType] kotlin.Function1<androidx.compose.foundation.lazy.LazyListScope, kotlin.Unit> [val]
                                CALL 'public final fun cache <T> (invalid: kotlin.Boolean, block: @[DisallowComposableCalls] kotlin.Function0<T of androidx.compose.runtime.ComposerKt.cache>): T of androidx.compose.runtime.ComposerKt.cache [inline] declared in androidx.compose.runtime.ComposerKt' type=@[ExtensionFunctionType] kotlin.Function1<androidx.compose.foundation.lazy.LazyListScope, kotlin.Unit> origin=null
                                  <T>: @[ExtensionFunctionType] kotlin.Function1<androidx.compose.foundation.lazy.LazyListScope, kotlin.Unit>
                                  $receiver: GET_VAR '$composer: androidx.compose.runtime.Composer? [assignable] declared in com.geinzz.geinzwork.ui.adapters.ui.pantallas.principal_ui.Mapa_perzonalizado_direccionesKt.dialogo_lugar_tienda$lambda$186.<no name provided>.invoke$lambda$6' type=androidx.compose.runtime.Composer? origin=null
                                  invalid: CALL 'public final fun or (other: kotlin.Boolean): kotlin.Boolean [infix] declared in kotlin.Boolean' type=kotlin.Boolean origin=null
                                    $this: CALL 'public final fun or (other: kotlin.Boolean): kotlin.Boolean [infix] declared in kotlin.Boolean' type=kotlin.Boolean origin=null
                                      $this: CALL 'public abstract fun changed (value: kotlin.Any?): kotlin.Boolean declared in androidx.compose.runtime.Composer' type=kotlin.Boolean origin=null
                                        $this: GET_VAR '$composer: androidx.compose.runtime.Composer? [assignable] declared in com.geinzz.geinzwork.ui.adapters.ui.pantallas.principal_ui.Mapa_perzonalizado_direccionesKt.dialogo_lugar_tienda$lambda$186.<no name provided>.invoke$lambda$6' type=androidx.compose.runtime.Composer? origin=null
                                        value: GET_VAR '$lista_redes_tiendas: kotlin.collections.List<com.geinzz.geinzwork.utils.constantes.localizate_geinz.constantes_lista_localidades.data_redes_tiendas> declared in com.geinzz.geinzwork.ui.adapters.ui.pantallas.principal_ui.Mapa_perzonalizado_direccionesKt.dialogo_lugar_tienda$lambda$186.<no name provided>.invoke$lambda$6' type=kotlin.collections.List<com.geinzz.geinzwork.utils.constantes.localizate_geinz.constantes_lista_localidades.data_redes_tiendas> origin=null
                                      other: CALL 'public abstract fun changed (value: kotlin.Any?): kotlin.Boolean declared in androidx.compose.runtime.Composer' type=kotlin.Boolean origin=null
                                        $this: GET_VAR '$composer: androidx.compose.runtime.Composer? [assignable] declared in com.geinzz.geinzwork.ui.adapters.ui.pantallas.principal_ui.Mapa_perzonalizado_direccionesKt.dialogo_lugar_tienda$lambda$186.<no name provided>.invoke$lambda$6' type=androidx.compose.runtime.Composer? origin=null
                                        value: GET_VAR '$onclick_iconos: kotlin.Function2<kotlin.String, com.geinzz.geinzwork.utils.constantes.localizate_geinz.constantes_lista_localidades.data_redes_tiendas, kotlin.Unit> declared in com.geinzz.geinzwork.ui.adapters.ui.pantallas.principal_ui.Mapa_perzonalizado_direccionesKt.dialogo_lugar_tienda$lambda$186.<no name provided>.invoke$lambda$6' type=kotlin.Function2<kotlin.String, com.geinzz.geinzwork.utils.constantes.localizate_geinz.constantes_lista_localidades.data_redes_tiendas, kotlin.Unit> origin=null
                                    other: CALL 'public open fun changedInstance (value: kotlin.Any?): kotlin.Boolean declared in androidx.compose.runtime.Composer' type=kotlin.Boolean origin=null
                                      $this: GET_VAR '$composer: androidx.compose.runtime.Composer? [assignable] declared in com.geinzz.geinzwork.ui.adapters.ui.pantallas.principal_ui.Mapa_perzonalizado_direccionesKt.dialogo_lugar_tienda$lambda$186.<no name provided>.invoke$lambda$6' type=androidx.compose.runtime.Composer? origin=null
                                      value: GET_VAR '$dataclass_map: com.geinzz.geinzwork.data.model.localizate_geinz.dataclass_map declared in com.geinzz.geinzwork.ui.adapters.ui.pantallas.principal_ui.Mapa_perzonalizado_direccionesKt.dialogo_lugar_tienda$lambda$186.<no name provided>.invoke$lambda$6' type=com.geinzz.geinzwork.data.model.localizate_geinz.dataclass_map origin=null
                                  block: BLOCK type=kotlin.Function0<@[ExtensionFunctionType] kotlin.Function1<androidx.compose.foundation.lazy.LazyListScope, kotlin.Unit>> origin=LAMBDA
                                    COMPOSITE type=kotlin.Unit origin=null
                                    FUNCTION_REFERENCE 'private final fun invoke$lambda$6$lambda$5 ($lista_redes_tiendas: kotlin.collections.List<com.geinzz.geinzwork.utils.constantes.localizate_geinz.constantes_lista_localidades.data_redes_tiendas>, $onclick_iconos: kotlin.Function2<kotlin.String, com.geinzz.geinzwork.utils.constantes.localizate_geinz.constantes_lista_localidades.data_redes_tiendas, kotlin.Unit>, $dataclass_map: com.geinzz.geinzwork.data.model.localizate_geinz.dataclass_map): @[ExtensionFunctionType] kotlin.Function1<androidx.compose.foundation.lazy.LazyListScope, kotlin.Unit> declared in com.geinzz.geinzwork.ui.adapters.ui.pantallas.principal_ui.Mapa_perzonalizado_direccionesKt.dialogo_lugar_tienda$lambda$186.<no name provided>' type=kotlin.Function0<@[ExtensionFunctionType] kotlin.Function1<androidx.compose.foundation.lazy.LazyListScope, kotlin.Unit>> origin=INLINE_LAMBDA reflectionTarget=null
                                      $lista_redes_tiendas: GET_VAR '$lista_redes_tiendas: kotlin.collections.List<com.geinzz.geinzwork.utils.constantes.localizate_geinz.constantes_lista_localidades.data_redes_tiendas> declared in com.geinzz.geinzwork.ui.adapters.ui.pantallas.principal_ui.Mapa_perzonalizado_direccionesKt.dialogo_lugar_tienda$lambda$186.<no name provided>.invoke$lambda$6' type=kotlin.collections.List<com.geinzz.geinzwork.utils.constantes.localizate_geinz.constantes_lista_localidades.data_redes_tiendas> origin=null
                                      $onclick_iconos: GET_VAR '$onclick_iconos: kotlin.Function2<kotlin.String, com.geinzz.geinzwork.utils.constantes.localizate_geinz.constantes_lista_localidades.data_redes_tiendas, kotlin.Unit> declared in com.geinzz.geinzwork.ui.adapters.ui.pantallas.principal_ui.Mapa_perzonalizado_direccionesKt.dialogo_lugar_tienda$lambda$186.<no name provided>.invoke$lambda$6' type=kotlin.Function2<kotlin.String, com.geinzz.geinzwork.utils.constantes.localizate_geinz.constantes_lista_localidades.data_redes_tiendas, kotlin.Unit> origin=null
                                      $dataclass_map: GET_VAR '$dataclass_map: com.geinzz.geinzwork.data.model.localizate_geinz.dataclass_map declared in com.geinzz.geinzwork.ui.adapters.ui.pantallas.principal_ui.Mapa_perzonalizado_direccionesKt.dialogo_lugar_tienda$lambda$186.<no name provided>.invoke$lambda$6' type=com.geinzz.geinzwork.data.model.localizate_geinz.dataclass_map origin=null
                              CALL 'public abstract fun endReplaceGroup (): kotlin.Unit declared in androidx.compose.runtime.Composer' type=kotlin.Unit origin=null
                                $this: GET_VAR '$composer: androidx.compose.runtime.Composer? [assignable] declared in com.geinzz.geinzwork.ui.adapters.ui.pantallas.principal_ui.Mapa_perzonalizado_direccionesKt.dialogo_lugar_tienda$lambda$186.<no name provided>.invoke$lambda$6' type=androidx.compose.runtime.Composer? origin=null
                              GET_VAR 'val tmp0_group: @[ExtensionFunctionType] kotlin.Function1<androidx.compose.foundation.lazy.LazyListScope, kotlin.Unit> [val] declared in com.geinzz.geinzwork.ui.adapters.ui.pantallas.principal_ui.Mapa_perzonalizado_direccionesKt.dialogo_lugar_tienda$lambda$186.<no name provided>.invoke$lambda$6' type=@[ExtensionFunctionType] kotlin.Function1<androidx.compose.foundation.lazy.LazyListScope, kotlin.Unit> origin=null
                            $composer: GET_VAR '$composer: androidx.compose.runtime.Composer? [assignable] declared in com.geinzz.geinzwork.ui.adapters.ui.pantallas.principal_ui.Mapa_perzonalizado_direccionesKt.dialogo_lugar_tienda$lambda$186.<no name provided>.invoke$lambda$6' type=androidx.compose.runtime.Composer? origin=null
                            $changed: CONST Int type=kotlin.Int value=24960
                            $default: CONST Int type=kotlin.Int value=488
                        CALL 'public final fun Box (modifier: androidx.compose.ui.Modifier, $composer: androidx.compose.runtime.Composer?, $changed: kotlin.Int): kotlin.Unit declared in androidx.compose.foundation.layout.BoxKt' type=kotlin.Unit origin=null
                          modifier: CALL 'public final fun background$default (brush: androidx.compose.ui.graphics.Brush, shape: androidx.compose.ui.graphics.Shape?, alpha: kotlin.Float, $mask0: kotlin.Int, $handler: kotlin.Any?): androidx.compose.ui.Modifier declared in androidx.compose.foundation.BackgroundKt' type=androidx.compose.ui.Modifier origin=DEFAULT_DISPATCH_CALL
                            $receiver: CALL 'public final fun clip (shape: androidx.compose.ui.graphics.Shape): androidx.compose.ui.Modifier declared in androidx.compose.ui.draw.ClipKt' type=androidx.compose.ui.Modifier origin=null
                              $receiver: CALL 'public final fun alpha (alpha: kotlin.Float): androidx.compose.ui.Modifier declared in androidx.compose.ui.draw.AlphaKt' type=androidx.compose.ui.Modifier origin=null
                                $receiver: CALL 'public final fun zIndex (zIndex: kotlin.Float): androidx.compose.ui.Modifier declared in androidx.compose.ui.ZIndexModifierKt' type=androidx.compose.ui.Modifier origin=null
                                  $receiver: CALL 'public abstract fun align (alignment: androidx.compose.ui.Alignment): androidx.compose.ui.Modifier declared in androidx.compose.foundation.layout.BoxScope' type=androidx.compose.ui.Modifier origin=null
                                    $this: GET_VAR '$this$Box: androidx.compose.foundation.layout.BoxScope declared in com.geinzz.geinzwork.ui.adapters.ui.pantallas.principal_ui.Mapa_perzonalizado_direccionesKt.dialogo_lugar_tienda$lambda$186.<no name provided>.invoke$lambda$6' type=androidx.compose.foundation.layout.BoxScope origin=null
                                    $receiver: CALL 'public final fun width-3ABfNKs (width: androidx.compose.ui.unit.Dp): androidx.compose.ui.Modifier declared in androidx.compose.foundation.layout.SizeKt' type=androidx.compose.ui.Modifier origin=null
                                      $receiver: CALL 'public final fun fillMaxHeight$default (fraction: kotlin.Float, $mask0: kotlin.Int, $handler: kotlin.Any?): androidx.compose.ui.Modifier declared in androidx.compose.foundation.layout.SizeKt' type=androidx.compose.ui.Modifier origin=DEFAULT_DISPATCH_CALL
                                        $receiver: GET_FIELD 'FIELD FIELD_FOR_OBJECT_INSTANCE name:Companion type:androidx.compose.ui.Modifier.Companion visibility:public [final,static] declared in androidx.compose.ui.Modifier' type=androidx.compose.ui.Modifier.Companion origin=null
                                        fraction: COMPOSITE type=kotlin.Float origin=DEFAULT_VALUE
                                          CONST Float type=kotlin.Float value=0.0
                                        $mask0: CONST Int type=kotlin.Int value=1
                                        $handler: CONST Null type=kotlin.Any? value=null
                                      width: CALL 'public final fun <get-dp> (): androidx.compose.ui.unit.Dp [inline] declared in androidx.compose.ui.unit.DpKt' type=androidx.compose.ui.unit.Dp origin=GET_PROPERTY
                                        $receiver: CONST Int type=kotlin.Int value=40
                                    alignment: CALL 'public final fun <get-CenterStart> (): androidx.compose.ui.Alignment declared in androidx.compose.ui.Alignment.Companion' type=androidx.compose.ui.Alignment origin=GET_PROPERTY
                                      $this: GET_FIELD 'FIELD FIELD_FOR_OBJECT_INSTANCE name:Companion type:androidx.compose.ui.Alignment.Companion visibility:public [final,static] declared in androidx.compose.ui.Alignment' type=androidx.compose.ui.Alignment.Companion origin=null
                                  zIndex: CONST Float type=kotlin.Float value=1.0
                                alpha: CALL 'public final fun access$dialogo_lugar_tienda$lambda$158 ($alphaLeft$delegate: androidx.compose.runtime.State<kotlin.Float>): kotlin.Float declared in com.geinzz.geinzwork.ui.adapters.ui.pantallas.principal_ui.Mapa_perzonalizado_direccionesKt' type=kotlin.Float origin=GET_LOCAL_PROPERTY
                                  $alphaLeft$delegate: GET_VAR '$alphaLeft$delegate: androidx.compose.runtime.State<kotlin.Float> declared in com.geinzz.geinzwork.ui.adapters.ui.pantallas.principal_ui.Mapa_perzonalizado_direccionesKt.dialogo_lugar_tienda$lambda$186.<no name provided>.invoke$lambda$6' type=androidx.compose.runtime.State<kotlin.Float> origin=null
                              shape: CALL 'public final fun RoundedCornerShape-a9UjIt4$default (topStart: androidx.compose.ui.unit.Dp, topEnd: androidx.compose.ui.unit.Dp, bottomEnd: androidx.compose.ui.unit.Dp, bottomStart: androidx.compose.ui.unit.Dp, $mask0: kotlin.Int, $handler: kotlin.Any?): androidx.compose.foundation.shape.RoundedCornerShape declared in androidx.compose.foundation.shape.RoundedCornerShapeKt' type=androidx.compose.foundation.shape.RoundedCornerShape origin=DEFAULT_DISPATCH_CALL
                                topStart: COMPOSITE type=androidx.compose.ui.unit.Dp origin=DEFAULT_VALUE
                                  CALL 'public final fun <unsafe-coerce> <T, R> (v: T of kotlin.jvm.internal.<unsafe-coerce>): R of kotlin.jvm.internal.<unsafe-coerce> declared in kotlin.jvm.internal' type=androidx.compose.ui.unit.Dp origin=null
                                    <T>: kotlin.Float
                                    <R>: androidx.compose.ui.unit.Dp
                                    v: CONST Float type=kotlin.Float value=0.0
                                topEnd: COMPOSITE type=androidx.compose.ui.unit.Dp origin=DEFAULT_VALUE
                                  CALL 'public final fun <unsafe-coerce> <T, R> (v: T of kotlin.jvm.internal.<unsafe-coerce>): R of kotlin.jvm.internal.<unsafe-coerce> declared in kotlin.jvm.internal' type=androidx.compose.ui.unit.Dp origin=null
                                    <T>: kotlin.Float
                                    <R>: androidx.compose.ui.unit.Dp
                                    v: CONST Float type=kotlin.Float value=0.0
                                bottomEnd: COMPOSITE type=androidx.compose.ui.unit.Dp origin=DEFAULT_VALUE
                                  CALL 'public final fun <unsafe-coerce> <T, R> (v: T of kotlin.jvm.internal.<unsafe-coerce>): R of kotlin.jvm.internal.<unsafe-coerce> declared in kotlin.jvm.internal' type=androidx.compose.ui.unit.Dp origin=null
                                    <T>: kotlin.Float
                                    <R>: androidx.compose.ui.unit.Dp
                                    v: CONST Float type=kotlin.Float value=0.0
                                bottomStart: CALL 'public final fun <get-dp> (): androidx.compose.ui.unit.Dp [inline] declared in androidx.compose.ui.unit.DpKt' type=androidx.compose.ui.unit.Dp origin=GET_PROPERTY
                                  $receiver: CONST Int type=kotlin.Int value=10
                                $mask0: CONST Int type=kotlin.Int value=7
                                $handler: CONST Null type=kotlin.Any? value=null
                            brush: CALL 'public final fun horizontalGradient-8A-3gB4$default ($this: androidx.compose.ui.graphics.Brush.Companion, colors: kotlin.collections.List<androidx.compose.ui.graphics.Color>, startX: kotlin.Float, endX: kotlin.Float, tileMode: androidx.compose.ui.graphics.TileMode, $mask0: kotlin.Int, $handler: kotlin.Any?): androidx.compose.ui.graphics.Brush declared in androidx.compose.ui.graphics.Brush.Companion' type=androidx.compose.ui.graphics.Brush origin=DEFAULT_DISPATCH_CALL
                              $this: GET_FIELD 'FIELD FIELD_FOR_OBJECT_INSTANCE name:Companion type:androidx.compose.ui.graphics.Brush.Companion visibility:public [final,static] declared in androidx.compose.ui.graphics.Brush' type=androidx.compose.ui.graphics.Brush.Companion origin=null
                              colors: CALL 'public final fun <get-shadow_left> (): kotlin.collections.List<androidx.compose.ui.graphics.Color> declared in com.geinzz.geinzwork.utils.constantes.localizate_geinz.constantes_lista_localidades' type=kotlin.collections.List<androidx.compose.ui.graphics.Color> origin=GET_PROPERTY
                                $this: GET_FIELD 'FIELD FIELD_FOR_OBJECT_INSTANCE name:INSTANCE type:com.geinzz.geinzwork.utils.constantes.localizate_geinz.constantes_lista_localidades visibility:public [final,static] declared in com.geinzz.geinzwork.utils.constantes.localizate_geinz.constantes_lista_localidades' type=com.geinzz.geinzwork.utils.constantes.localizate_geinz.constantes_lista_localidades origin=null
                              startX: COMPOSITE type=kotlin.Float origin=DEFAULT_VALUE
                                CONST Float type=kotlin.Float value=0.0
                              endX: COMPOSITE type=kotlin.Float origin=DEFAULT_VALUE
                                CONST Float type=kotlin.Float value=0.0
                              tileMode: COMPOSITE type=androidx.compose.ui.graphics.TileMode origin=DEFAULT_VALUE
                                CALL 'public final fun <unsafe-coerce> <T, R> (v: T of kotlin.jvm.internal.<unsafe-coerce>): R of kotlin.jvm.internal.<unsafe-coerce> declared in kotlin.jvm.internal' type=androidx.compose.ui.graphics.TileMode origin=null
                                  <T>: kotlin.Int
                                  <R>: androidx.compose.ui.graphics.TileMode
                                  v: CONST Int type=kotlin.Int value=0
                              $mask0: CONST Int type=kotlin.Int value=14
                              $handler: CONST Null type=kotlin.Any? value=null
                            shape: COMPOSITE type=androidx.compose.ui.graphics.Shape? origin=DEFAULT_VALUE
                              CONST Null type=androidx.compose.ui.graphics.Shape? value=null
                            alpha: COMPOSITE type=kotlin.Float origin=DEFAULT_VALUE
                              CONST Float type=kotlin.Float value=0.0
                            $mask0: CONST Int type=kotlin.Int value=6
                            $handler: CONST Null type=kotlin.Any? value=null
                          $composer: GET_VAR '$composer: androidx.compose.runtime.Composer? [assignable] declared in com.geinzz.geinzwork.ui.adapters.ui.pantallas.principal_ui.Mapa_perzonalizado_direccionesKt.dialogo_lugar_tienda$lambda$186.<no name provided>.invoke$lambda$6' type=androidx.compose.runtime.Composer? origin=null
                          $changed: CONST Int type=kotlin.Int value=0
                        CALL 'public final fun Box (modifier: androidx.compose.ui.Modifier, $composer: androidx.compose.runtime.Composer?, $changed: kotlin.Int): kotlin.Unit declared in androidx.compose.foundation.layout.BoxKt' type=kotlin.Unit origin=null
                          modifier: CALL 'public final fun background$default (brush: androidx.compose.ui.graphics.Brush, shape: androidx.compose.ui.graphics.Shape?, alpha: kotlin.Float, $mask0: kotlin.Int, $handler: kotlin.Any?): androidx.compose.ui.Modifier declared in androidx.compose.foundation.BackgroundKt' type=androidx.compose.ui.Modifier origin=DEFAULT_DISPATCH_CALL
                            $receiver: CALL 'public final fun clip (shape: androidx.compose.ui.graphics.Shape): androidx.compose.ui.Modifier declared in androidx.compose.ui.draw.ClipKt' type=androidx.compose.ui.Modifier origin=null
                              $receiver: CALL 'public final fun alpha (alpha: kotlin.Float): androidx.compose.ui.Modifier declared in androidx.compose.ui.draw.AlphaKt' type=androidx.compose.ui.Modifier origin=null
                                $receiver: CALL 'public final fun zIndex (zIndex: kotlin.Float): androidx.compose.ui.Modifier declared in androidx.compose.ui.ZIndexModifierKt' type=androidx.compose.ui.Modifier origin=null
                                  $receiver: CALL 'public abstract fun align (alignment: androidx.compose.ui.Alignment): androidx.compose.ui.Modifier declared in androidx.compose.foundation.layout.BoxScope' type=androidx.compose.ui.Modifier origin=null
                                    $this: GET_VAR '$this$Box: androidx.compose.foundation.layout.BoxScope declared in com.geinzz.geinzwork.ui.adapters.ui.pantallas.principal_ui.Mapa_perzonalizado_direccionesKt.dialogo_lugar_tienda$lambda$186.<no name provided>.invoke$lambda$6' type=androidx.compose.foundation.layout.BoxScope origin=null
                                    $receiver: CALL 'public final fun width-3ABfNKs (width: androidx.compose.ui.unit.Dp): androidx.compose.ui.Modifier declared in androidx.compose.foundation.layout.SizeKt' type=androidx.compose.ui.Modifier origin=null
                                      $receiver: CALL 'public final fun fillMaxHeight$default (fraction: kotlin.Float, $mask0: kotlin.Int, $handler: kotlin.Any?): androidx.compose.ui.Modifier declared in androidx.compose.foundation.layout.SizeKt' type=androidx.compose.ui.Modifier origin=DEFAULT_DISPATCH_CALL
                                        $receiver: GET_FIELD 'FIELD FIELD_FOR_OBJECT_INSTANCE name:Companion type:androidx.compose.ui.Modifier.Companion visibility:public [final,static] declared in androidx.compose.ui.Modifier' type=androidx.compose.ui.Modifier.Companion origin=null
                                        fraction: COMPOSITE type=kotlin.Float origin=DEFAULT_VALUE
                                          CONST Float type=kotlin.Float value=0.0
                                        $mask0: CONST Int type=kotlin.Int value=1
                                        $handler: CONST Null type=kotlin.Any? value=null
                                      width: CALL 'public final fun <get-dp> (): androidx.compose.ui.unit.Dp [inline] declared in androidx.compose.ui.unit.DpKt' type=androidx.compose.ui.unit.Dp origin=GET_PROPERTY
                                        $receiver: CONST Int type=kotlin.Int value=40
                                    alignment: CALL 'public final fun <get-CenterEnd> (): androidx.compose.ui.Alignment declared in androidx.compose.ui.Alignment.Companion' type=androidx.compose.ui.Alignment origin=GET_PROPERTY
                                      $this: GET_FIELD 'FIELD FIELD_FOR_OBJECT_INSTANCE name:Companion type:androidx.compose.ui.Alignment.Companion visibility:public [final,static] declared in androidx.compose.ui.Alignment' type=androidx.compose.ui.Alignment.Companion origin=null
                                  zIndex: CONST Float type=kotlin.Float value=1.0
                                alpha: CALL 'public final fun access$dialogo_lugar_tienda$lambda$159 ($alphaRight$delegate: androidx.compose.runtime.State<kotlin.Float>): kotlin.Float declared in com.geinzz.geinzwork.ui.adapters.ui.pantallas.principal_ui.Mapa_perzonalizado_direccionesKt' type=kotlin.Float origin=GET_LOCAL_PROPERTY
                                  $alphaRight$delegate: GET_VAR '$alphaRight$delegate: androidx.compose.runtime.State<kotlin.Float> declared in com.geinzz.geinzwork.ui.adapters.ui.pantallas.principal_ui.Mapa_perzonalizado_direccionesKt.dialogo_lugar_tienda$lambda$186.<no name provided>.invoke$lambda$6' type=androidx.compose.runtime.State<kotlin.Float> origin=null
                              shape: CALL 'public final fun RoundedCornerShape-a9UjIt4$default (topStart: androidx.compose.ui.unit.Dp, topEnd: androidx.compose.ui.unit.Dp, bottomEnd: androidx.compose.ui.unit.Dp, bottomStart: androidx.compose.ui.unit.Dp, $mask0: kotlin.Int, $handler: kotlin.Any?): androidx.compose.foundation.shape.RoundedCornerShape declared in androidx.compose.foundation.shape.RoundedCornerShapeKt' type=androidx.compose.foundation.shape.RoundedCornerShape origin=DEFAULT_DISPATCH_CALL
                                topStart: COMPOSITE type=androidx.compose.ui.unit.Dp origin=DEFAULT_VALUE
                                  CALL 'public final fun <unsafe-coerce> <T, R> (v: T of kotlin.jvm.internal.<unsafe-coerce>): R of kotlin.jvm.internal.<unsafe-coerce> declared in kotlin.jvm.internal' type=androidx.compose.ui.unit.Dp origin=null
                                    <T>: kotlin.Float
                                    <R>: androidx.compose.ui.unit.Dp
                                    v: CONST Float type=kotlin.Float value=0.0
                                topEnd: COMPOSITE type=androidx.compose.ui.unit.Dp origin=DEFAULT_VALUE
                                  CALL 'public final fun <unsafe-coerce> <T, R> (v: T of kotlin.jvm.internal.<unsafe-coerce>): R of kotlin.jvm.internal.<unsafe-coerce> declared in kotlin.jvm.internal' type=androidx.compose.ui.unit.Dp origin=null
                                    <T>: kotlin.Float
                                    <R>: androidx.compose.ui.unit.Dp
                                    v: CONST Float type=kotlin.Float value=0.0
                                bottomEnd: CALL 'public final fun <get-dp> (): androidx.compose.ui.unit.Dp [inline] declared in androidx.compose.ui.unit.DpKt' type=androidx.compose.ui.unit.Dp origin=GET_PROPERTY
                                  $receiver: CONST Int type=kotlin.Int value=10
                                bottomStart: COMPOSITE type=androidx.compose.ui.unit.Dp origin=DEFAULT_VALUE
                                  CALL 'public final fun <unsafe-coerce> <T, R> (v: T of kotlin.jvm.internal.<unsafe-coerce>): R of kotlin.jvm.internal.<unsafe-coerce> declared in kotlin.jvm.internal' type=androidx.compose.ui.unit.Dp origin=null
                                    <T>: kotlin.Float
                                    <R>: androidx.compose.ui.unit.Dp
                                    v: CONST Float type=kotlin.Float value=0.0
                                $mask0: CONST Int type=kotlin.Int value=11
                                $handler: CONST Null type=kotlin.Any? value=null
                            brush: CALL 'public final fun horizontalGradient-8A-3gB4$default ($this: androidx.compose.ui.graphics.Brush.Companion, colors: kotlin.collections.List<androidx.compose.ui.graphics.Color>, startX: kotlin.Float, endX: kotlin.Float, tileMode: androidx.compose.ui.graphics.TileMode, $mask0: kotlin.Int, $handler: kotlin.Any?): androidx.compose.ui.graphics.Brush declared in androidx.compose.ui.graphics.Brush.Companion' type=androidx.compose.ui.graphics.Brush origin=DEFAULT_DISPATCH_CALL
                              $this: GET_FIELD 'FIELD FIELD_FOR_OBJECT_INSTANCE name:Companion type:androidx.compose.ui.graphics.Brush.Companion visibility:public [final,static] declared in androidx.compose.ui.graphics.Brush' type=androidx.compose.ui.graphics.Brush.Companion origin=null
                              colors: CALL 'public final fun <get-shadow_right> (): kotlin.collections.List<androidx.compose.ui.graphics.Color> declared in com.geinzz.geinzwork.utils.constantes.localizate_geinz.constantes_lista_localidades' type=kotlin.collections.List<androidx.compose.ui.graphics.Color> origin=GET_PROPERTY
                                $this: GET_FIELD 'FIELD FIELD_FOR_OBJECT_INSTANCE name:INSTANCE type:com.geinzz.geinzwork.utils.constantes.localizate_geinz.constantes_lista_localidades visibility:public [final,static] declared in com.geinzz.geinzwork.utils.constantes.localizate_geinz.constantes_lista_localidades' type=com.geinzz.geinzwork.utils.constantes.localizate_geinz.constantes_lista_localidades origin=null
                              startX: COMPOSITE type=kotlin.Float origin=DEFAULT_VALUE
                                CONST Float type=kotlin.Float value=0.0
                              endX: COMPOSITE type=kotlin.Float origin=DEFAULT_VALUE
                                CONST Float type=kotlin.Float value=0.0
                              tileMode: COMPOSITE type=androidx.compose.ui.graphics.TileMode origin=DEFAULT_VALUE
                                CALL 'public final fun <unsafe-coerce> <T, R> (v: T of kotlin.jvm.internal.<unsafe-coerce>): R of kotlin.jvm.internal.<unsafe-coerce> declared in kotlin.jvm.internal' type=androidx.compose.ui.graphics.TileMode origin=null
                                  <T>: kotlin.Int
                                  <R>: androidx.compose.ui.graphics.TileMode
                                  v: CONST Int type=kotlin.Int value=0
                              $mask0: CONST Int type=kotlin.Int value=14
                              $handler: CONST Null type=kotlin.Any? value=null
                            shape: COMPOSITE type=androidx.compose.ui.graphics.Shape? origin=DEFAULT_VALUE
                              CONST Null type=androidx.compose.ui.graphics.Shape? value=null
                            alpha: COMPOSITE type=kotlin.Float origin=DEFAULT_VALUE
                              CONST Float type=kotlin.Float value=0.0
                            $mask0: CONST Int type=kotlin.Int value=6
                            $handler: CONST Null type=kotlin.Any? value=null
                          $composer: GET_VAR '$composer: androidx.compose.runtime.Composer? [assignable] declared in com.geinzz.geinzwork.ui.adapters.ui.pantallas.principal_ui.Mapa_perzonalizado_direccionesKt.dialogo_lugar_tienda$lambda$186.<no name provided>.invoke$lambda$6' type=androidx.compose.runtime.Composer? origin=null
                          $changed: CONST Int type=kotlin.Int value=0
                      CALL 'public final fun sourceInformationMarkerEnd (composer: androidx.compose.runtime.Composer): kotlin.Unit declared in androidx.compose.runtime.ComposerKt' type=kotlin.Unit origin=null
                        composer: GET_VAR '$composer: androidx.compose.runtime.Composer? [assignable] declared in com.geinzz.geinzwork.ui.adapters.ui.pantallas.principal_ui.Mapa_perzonalizado_direccionesKt.dialogo_lugar_tienda$lambda$186.<no name provided>.invoke$lambda$6' type=androidx.compose.runtime.Composer? origin=null
                FUN BRIDGE name:invoke visibility:public modality:OPEN <> ($this:com.geinzz.geinzwork.ui.adapters.ui.pantallas.principal_ui.Mapa_perzonalizado_direccionesKt.dialogo_lugar_tienda$lambda$186.<no name provided>, p1:kotlin.Any?, p2:kotlin.Any?, p3:kotlin.Any?) returnType:kotlin.Any?
                  $this: VALUE_PARAMETER INSTANCE_RECEIVER name:<this> type:com.geinzz.geinzwork.ui.adapters.ui.pantallas.principal_ui.Mapa_perzonalizado_direccionesKt.dialogo_lugar_tienda$lambda$186.<no name provided>
                  VALUE_PARAMETER BRIDGE name:p1 index:0 type:kotlin.Any?
                  VALUE_PARAMETER BRIDGE name:p2 index:1 type:kotlin.Any?
                  VALUE_PARAMETER BRIDGE name:p3 index:2 type:kotlin.Any?
                  EXPRESSION_BODY
                    RETURN type=kotlin.Nothing from='public open fun invoke (p1: kotlin.Any?, p2: kotlin.Any?, p3: kotlin.Any?): kotlin.Any? declared in com.geinzz.geinzwork.ui.adapters.ui.pantallas.principal_ui.Mapa_perzonalizado_direccionesKt.dialogo_lugar_tienda$lambda$186.<no name provided>'
                      CALL 'public final fun invoke ($this$AnimatedVisibility: androidx.compose.animation.AnimatedVisibilityScope, $composer: androidx.compose.runtime.Composer?, $changed: kotlin.Int): kotlin.Unit declared in com.geinzz.geinzwork.ui.adapters.ui.pantallas.principal_ui.Mapa_perzonalizado_direccionesKt.dialogo_lugar_tienda$lambda$186.<no name provided>' type=kotlin.Unit origin=BRIDGE_DELEGATION
                        $this: GET_VAR '<this>: com.geinzz.geinzwork.ui.adapters.ui.pantallas.principal_ui.Mapa_perzonalizado_direccionesKt.dialogo_lugar_tienda$lambda$186.<no name provided> declared in com.geinzz.geinzwork.ui.adapters.ui.pantallas.principal_ui.Mapa_perzonalizado_direccionesKt.dialogo_lugar_tienda$lambda$186.<no name provided>.invoke' type=com.geinzz.geinzwork.ui.adapters.ui.pantallas.principal_ui.Mapa_perzonalizado_direccionesKt.dialogo_lugar_tienda$lambda$186.<no name provided> origin=null
                        $this$AnimatedVisibility: TYPE_OP type=androidx.compose.animation.AnimatedVisibilityScope origin=IMPLICIT_CAST typeOperand=androidx.compose.animation.AnimatedVisibilityScope
                          GET_VAR 'p1: kotlin.Any? declared in com.geinzz.geinzwork.ui.adapters.ui.pantallas.principal_ui.Mapa_perzonalizado_direccionesKt.dialogo_lugar_tienda$lambda$186.<no name provided>.invoke' type=kotlin.Any? origin=null
                        $composer: TYPE_OP type=androidx.compose.runtime.Composer origin=IMPLICIT_CAST typeOperand=androidx.compose.runtime.Composer
                          GET_VAR 'p2: kotlin.Any? declared in com.geinzz.geinzwork.ui.adapters.ui.pantallas.principal_ui.Mapa_perzonalizado_direccionesKt.dialogo_lugar_tienda$lambda$186.<no name provided>.invoke' type=kotlin.Any? origin=null
                        $changed: TYPE_OP type=kotlin.Int origin=IMPLICIT_CAST typeOperand=kotlin.Int
                          GET_VAR 'p3: kotlin.Any? declared in com.geinzz.geinzwork.ui.adapters.ui.pantallas.principal_ui.Mapa_perzonalizado_direccionesKt.dialogo_lugar_tienda$lambda$186.<no name provided>.invoke' type=kotlin.Any? origin=null
              CONSTRUCTOR_CALL 'public/*package*/ constructor <init> ($listate: androidx.compose.foundation.lazy.LazyListState, $lista_redes_tiendas: kotlin.collections.List<com.geinzz.geinzwork.utils.constantes.localizate_geinz.constantes_lista_localidades.data_redes_tiendas>, $onclick_iconos: kotlin.Function2<kotlin.String, com.geinzz.geinzwork.utils.constantes.localizate_geinz.constantes_lista_localidades.data_redes_tiendas, kotlin.Unit>, $dataclass_map: com.geinzz.geinzwork.data.model.localizate_geinz.dataclass_map, $alphaLeft$delegate: androidx.compose.runtime.State<kotlin.Float>, $alphaRight$delegate: androidx.compose.runtime.State<kotlin.Float>) [primary] declared in com.geinzz.geinzwork.ui.adapters.ui.pantallas.principal_ui.Mapa_perzonalizado_direccionesKt.dialogo_lugar_tienda$lambda$186.<no name provided>' type=com.geinzz.geinzwork.ui.adapters.ui.pantallas.principal_ui.Mapa_perzonalizado_direccionesKt.dialogo_lugar_tienda$lambda$186.<no name provided> origin=null
                $listate: GET_VAR '$listate: androidx.compose.foundation.lazy.LazyListState declared in com.geinzz.geinzwork.ui.adapters.ui.pantallas.principal_ui.Mapa_perzonalizado_direccionesKt.dialogo_lugar_tienda$lambda$186' type=androidx.compose.foundation.lazy.LazyListState origin=null
                $lista_redes_tiendas: GET_VAR '$lista_redes_tiendas: kotlin.collections.List<com.geinzz.geinzwork.utils.constantes.localizate_geinz.constantes_lista_localidades.data_redes_tiendas> declared in com.geinzz.geinzwork.ui.adapters.ui.pantallas.principal_ui.Mapa_perzonalizado_direccionesKt.dialogo_lugar_tienda$lambda$186' type=kotlin.collections.List<com.geinzz.geinzwork.utils.constantes.localizate_geinz.constantes_lista_localidades.data_redes_tiendas> origin=null
                $onclick_iconos: GET_VAR '$onclick_iconos: kotlin.Function2<kotlin.String, com.geinzz.geinzwork.utils.constantes.localizate_geinz.constantes_lista_localidades.data_redes_tiendas, kotlin.Unit> declared in com.geinzz.geinzwork.ui.adapters.ui.pantallas.principal_ui.Mapa_perzonalizado_direccionesKt.dialogo_lugar_tienda$lambda$186' type=kotlin.Function2<kotlin.String, com.geinzz.geinzwork.utils.constantes.localizate_geinz.constantes_lista_localidades.data_redes_tiendas, kotlin.Unit> origin=null
                $dataclass_map: GET_VAR '$dataclass_map: com.geinzz.geinzwork.data.model.localizate_geinz.dataclass_map declared in com.geinzz.geinzwork.ui.adapters.ui.pantallas.principal_ui.Mapa_perzonalizado_direccionesKt.dialogo_lugar_tienda$lambda$186' type=com.geinzz.geinzwork.data.model.localizate_geinz.dataclass_map origin=null
                $alphaLeft$delegate: GET_VAR '$alphaLeft$delegate: androidx.compose.runtime.State<kotlin.Float> declared in com.geinzz.geinzwork.ui.adapters.ui.pantallas.principal_ui.Mapa_perzonalizado_direccionesKt.dialogo_lugar_tienda$lambda$186' type=androidx.compose.runtime.State<kotlin.Float> origin=null
                $alphaRight$delegate: GET_VAR '$alphaRight$delegate: androidx.compose.runtime.State<kotlin.Float> declared in com.geinzz.geinzwork.ui.adapters.ui.pantallas.principal_ui.Mapa_perzonalizado_direccionesKt.dialogo_lugar_tienda$lambda$186' type=androidx.compose.runtime.State<kotlin.Float> origin=null
            $composer: GET_VAR '$composer: androidx.compose.runtime.Composer? [assignable] declared in com.geinzz.geinzwork.ui.adapters.ui.pantallas.principal_ui.Mapa_perzonalizado_direccionesKt.dialogo_lugar_tienda$lambda$186' type=androidx.compose.runtime.Composer? origin=null
            $changed: CONST Int type=kotlin.Int value=54
          $composer: GET_VAR '$composer: androidx.compose.runtime.Composer? [assignable] declared in com.geinzz.geinzwork.ui.adapters.ui.pantallas.principal_ui.Mapa_perzonalizado_direccionesKt.dialogo_lugar_tienda$lambda$186' type=androidx.compose.runtime.Composer? origin=null
          $changed: CALL 'public final fun or (other: kotlin.Int): kotlin.Int [infix] declared in kotlin.Int' type=kotlin.Int origin=null
            $this: CONST Int type=kotlin.Int value=1572864
            other: CALL 'public final fun and (other: kotlin.Int): kotlin.Int [infix] declared in kotlin.Int' type=kotlin.Int origin=null
              $this: CONST Int type=kotlin.Int value=14
              other: GET_VAR '$changed: kotlin.Int declared in com.geinzz.geinzwork.ui.adapters.ui.pantallas.principal_ui.Mapa_perzonalizado_direccionesKt.dialogo_lugar_tienda$lambda$186' type=kotlin.Int origin=null
          $default: CONST Int type=kotlin.Int value=28
        BLOCK type=kotlin.Unit origin=null
          COMPOSITE type=kotlin.Unit origin=null
            BLOCK type=kotlin.Unit origin=null
              CALL 'public abstract fun startReplaceGroup (key: kotlin.Int): kotlin.Unit declared in androidx.compose.runtime.Composer' type=kotlin.Unit origin=null
                $this: GET_VAR '$composer: androidx.compose.runtime.Composer? [assignable] declared in com.geinzz.geinzwork.ui.adapters.ui.pantallas.principal_ui.Mapa_perzonalizado_direccionesKt.dialogo_lugar_tienda$lambda$186' type=androidx.compose.runtime.Composer? origin=null
                key: CONST Int type=kotlin.Int value=-1378125973
              CALL 'public final fun sourceInformation (composer: androidx.compose.runtime.Composer, sourceInformation: kotlin.String): kotlin.Unit declared in androidx.compose.runtime.ComposerKt' type=kotlin.Unit origin=null
                composer: GET_VAR '$composer: androidx.compose.runtime.Composer? [assignable] declared in com.geinzz.geinzwork.ui.adapters.ui.pantallas.principal_ui.Mapa_perzonalizado_direccionesKt.dialogo_lugar_tienda$lambda$186' type=androidx.compose.runtime.Composer? origin=null
                sourceInformation: CONST String type=kotlin.String value="1850@80532L73,1847@80353L287"
          WHEN type=kotlin.Unit origin=IF
            BRANCH
              if: CALL 'private final fun dialogo_lugar_tienda$lambda$169 ($validad_horario$delegate: androidx.compose.runtime.MutableState<kotlin.Boolean>): kotlin.Boolean declared in com.geinzz.geinzwork.ui.adapters.ui.pantallas.principal_ui.Mapa_perzonalizado_direccionesKt' type=kotlin.Boolean origin=GET_LOCAL_PROPERTY
                $validad_horario$delegate: GET_VAR '$validad_horario$delegate: androidx.compose.runtime.MutableState<kotlin.Boolean> declared in com.geinzz.geinzwork.ui.adapters.ui.pantallas.principal_ui.Mapa_perzonalizado_direccionesKt.dialogo_lugar_tienda$lambda$186' type=androidx.compose.runtime.MutableState<kotlin.Boolean> origin=null
              then: BLOCK type=kotlin.Unit origin=null
                CALL 'public final fun retornar_color_estado_tienda_Box (id_tienda: kotlin.String, horario_total: com.geinzz.geinzwork.data.model.localizate_geinz.filtrado_tiendas.HorarioDia_box, tick: kotlin.Long, pagado: kotlin.Boolean, color: kotlin.Function2<androidx.compose.ui.graphics.Color, kotlin.String, kotlin.Unit>, mostrar_txt: kotlin.Boolean, $composer: androidx.compose.runtime.Composer?, $changed: kotlin.Int, $default: kotlin.Int): kotlin.Unit declared in com.geinzz.geinzwork.ui.adapters.ui.COMP_principal_filtrado.COMP_estado_tienda_horaKt' type=kotlin.Unit origin=null
                  id_tienda: CALL 'public final fun <get-id> (): kotlin.String declared in com.geinzz.geinzwork.data.model.localizate_geinz.dataclass_map' type=kotlin.String origin=GET_PROPERTY
                    $this: GET_VAR '$dataclass_map: com.geinzz.geinzwork.data.model.localizate_geinz.dataclass_map declared in com.geinzz.geinzwork.ui.adapters.ui.pantallas.principal_ui.Mapa_perzonalizado_direccionesKt.dialogo_lugar_tienda$lambda$186' type=com.geinzz.geinzwork.data.model.localizate_geinz.dataclass_map origin=null
                  horario_total: GET_VAR '$horarioSeguro: com.geinzz.geinzwork.data.model.localizate_geinz.filtrado_tiendas.HorarioDia_box declared in com.geinzz.geinzwork.ui.adapters.ui.pantallas.principal_ui.Mapa_perzonalizado_direccionesKt.dialogo_lugar_tienda$lambda$186' type=com.geinzz.geinzwork.data.model.localizate_geinz.filtrado_tiendas.HorarioDia_box origin=null
                  tick: GET_VAR '$tick: kotlin.Long declared in com.geinzz.geinzwork.ui.adapters.ui.pantallas.principal_ui.Mapa_perzonalizado_direccionesKt.dialogo_lugar_tienda$lambda$186' type=kotlin.Long origin=null
                  pagado: CONST Boolean type=kotlin.Boolean value=true
                  color: BLOCK type=kotlin.Function2<androidx.compose.ui.graphics.Color, kotlin.String, kotlin.Unit> origin=null
                    BLOCK type=kotlin.Unit origin=null
                      CALL 'public abstract fun startReplaceGroup (key: kotlin.Int): kotlin.Unit declared in androidx.compose.runtime.Composer' type=kotlin.Unit origin=null
                        $this: GET_VAR '$composer: androidx.compose.runtime.Composer? [assignable] declared in com.geinzz.geinzwork.ui.adapters.ui.pantallas.principal_ui.Mapa_perzonalizado_direccionesKt.dialogo_lugar_tienda$lambda$186' type=androidx.compose.runtime.Composer? origin=null
                        key: CONST Int type=kotlin.Int value=-1378119748
                      CALL 'public final fun sourceInformation (composer: androidx.compose.runtime.Composer, sourceInformation: kotlin.String): kotlin.Unit declared in androidx.compose.runtime.ComposerKt' type=kotlin.Unit origin=null
                        composer: GET_VAR '$composer: androidx.compose.runtime.Composer? [assignable] declared in com.geinzz.geinzwork.ui.adapters.ui.pantallas.principal_ui.Mapa_perzonalizado_direccionesKt.dialogo_lugar_tienda$lambda$186' type=androidx.compose.runtime.Composer? origin=null
                        sourceInformation: CONST String type=kotlin.String value="CC(remember):mapa_perzonalizado_direcciones.kt#9igjgp"
                    VAR IR_TEMPORARY_VARIABLE name:tmp0_group type:kotlin.Function2<androidx.compose.ui.graphics.Color, kotlin.String, kotlin.Unit> [val]
                      CALL 'public final fun cache <T> (invalid: kotlin.Boolean, block: @[DisallowComposableCalls] kotlin.Function0<T of androidx.compose.runtime.ComposerKt.cache>): T of androidx.compose.runtime.ComposerKt.cache [inline] declared in androidx.compose.runtime.ComposerKt' type=kotlin.Function2<androidx.compose.ui.graphics.Color, kotlin.String, kotlin.Unit> origin=null
                        <T>: kotlin.Function2<androidx.compose.ui.graphics.Color, kotlin.String, kotlin.Unit>
                        $receiver: GET_VAR '$composer: androidx.compose.runtime.Composer? [assignable] declared in com.geinzz.geinzwork.ui.adapters.ui.pantallas.principal_ui.Mapa_perzonalizado_direccionesKt.dialogo_lugar_tienda$lambda$186' type=androidx.compose.runtime.Composer? origin=null
                        invalid: CONST Boolean type=kotlin.Boolean value=false
                        block: BLOCK type=kotlin.Function0<kotlin.Function2<androidx.compose.ui.graphics.Color, kotlin.String, kotlin.Unit>> origin=LAMBDA
                          COMPOSITE type=kotlin.Unit origin=null
                          FUNCTION_REFERENCE 'private final fun dialogo_lugar_tienda$lambda$186$lambda$183 ($estadoColor$delegate: androidx.compose.runtime.MutableState<androidx.compose.ui.graphics.Color>): kotlin.Function2<androidx.compose.ui.graphics.Color, kotlin.String, kotlin.Unit> declared in com.geinzz.geinzwork.ui.adapters.ui.pantallas.principal_ui.Mapa_perzonalizado_direccionesKt' type=kotlin.Function0<kotlin.Function2<androidx.compose.ui.graphics.Color, kotlin.String, kotlin.Unit>> origin=INLINE_LAMBDA reflectionTarget=null
                            $estadoColor$delegate: GET_VAR '$estadoColor$delegate: androidx.compose.runtime.MutableState<androidx.compose.ui.graphics.Color> declared in com.geinzz.geinzwork.ui.adapters.ui.pantallas.principal_ui.Mapa_perzonalizado_direccionesKt.dialogo_lugar_tienda$lambda$186' type=androidx.compose.runtime.MutableState<androidx.compose.ui.graphics.Color> origin=null
                    CALL 'public abstract fun endReplaceGroup (): kotlin.Unit declared in androidx.compose.runtime.Composer' type=kotlin.Unit origin=null
                      $this: GET_VAR '$composer: androidx.compose.runtime.Composer? [assignable] declared in com.geinzz.geinzwork.ui.adapters.ui.pantallas.principal_ui.Mapa_perzonalizado_direccionesKt.dialogo_lugar_tienda$lambda$186' type=androidx.compose.runtime.Composer? origin=null
                    GET_VAR 'val tmp0_group: kotlin.Function2<androidx.compose.ui.graphics.Color, kotlin.String, kotlin.Unit> [val] declared in com.geinzz.geinzwork.ui.adapters.ui.pantallas.principal_ui.Mapa_perzonalizado_direccionesKt.dialogo_lugar_tienda$lambda$186' type=kotlin.Function2<androidx.compose.ui.graphics.Color, kotlin.String, kotlin.Unit> origin=null
                  mostrar_txt: CONST Boolean type=kotlin.Boolean value=false
                  $composer: GET_VAR '$composer: androidx.compose.runtime.Composer? [assignable] declared in com.geinzz.geinzwork.ui.adapters.ui.pantallas.principal_ui.Mapa_perzonalizado_direccionesKt.dialogo_lugar_tienda$lambda$186' type=androidx.compose.runtime.Composer? origin=null
                  $changed: CALL 'public final fun or (other: kotlin.Int): kotlin.Int [infix] declared in kotlin.Int' type=kotlin.Int origin=null
                    $this: CONST Int type=kotlin.Int value=224256
                    other: CALL 'public final fun and (other: kotlin.Int): kotlin.Int [infix] declared in kotlin.Int' type=kotlin.Int origin=null
                      $this: CONST Int type=kotlin.Int value=896
                      other: CALL 'public final fun shr (bitCount: kotlin.Int): kotlin.Int [infix] declared in kotlin.Int' type=kotlin.Int origin=null
                        $this: GET_VAR '$$dirty: kotlin.Int declared in com.geinzz.geinzwork.ui.adapters.ui.pantallas.principal_ui.Mapa_perzonalizado_direccionesKt.dialogo_lugar_tienda$lambda$186' type=kotlin.Int origin=null
                        bitCount: CONST Int type=kotlin.Int value=6
                  $default: CONST Int type=kotlin.Int value=0
          COMPOSITE type=kotlin.Unit origin=null
            CALL 'public abstract fun endReplaceGroup (): kotlin.Unit declared in androidx.compose.runtime.Composer' type=kotlin.Unit origin=null
              $this: GET_VAR '$composer: androidx.compose.runtime.Composer? [assignable] declared in com.geinzz.geinzwork.ui.adapters.ui.pantallas.principal_ui.Mapa_perzonalizado_direccionesKt.dialogo_lugar_tienda$lambda$186' type=androidx.compose.runtime.Composer? origin=null
        BLOCK type=kotlin.Unit origin=null
          COMPOSITE type=kotlin.Unit origin=null
            BLOCK type=kotlin.Unit origin=null
              CALL 'public abstract fun startReplaceGroup (key: kotlin.Int): kotlin.Unit declared in androidx.compose.runtime.Composer' type=kotlin.Unit origin=null
                $this: GET_VAR '$composer: androidx.compose.runtime.Composer? [assignable] declared in com.geinzz.geinzwork.ui.adapters.ui.pantallas.principal_ui.Mapa_perzonalizado_direccionesKt.dialogo_lugar_tienda$lambda$186' type=androidx.compose.runtime.Composer? origin=null
                key: CONST Int type=kotlin.Int value=-1378103789
              CALL 'public final fun sourceInformation (composer: androidx.compose.runtime.Composer, sourceInformation: kotlin.String): kotlin.Unit declared in androidx.compose.runtime.ComposerKt' type=kotlin.Unit origin=null
                composer: GET_VAR '$composer: androidx.compose.runtime.Composer? [assignable] declared in com.geinzz.geinzwork.ui.adapters.ui.pantallas.principal_ui.Mapa_perzonalizado_direccionesKt.dialogo_lugar_tienda$lambda$186' type=androidx.compose.runtime.Composer? origin=null
                sourceInformation: CONST String type=kotlin.String value="1872@81303L29,1865@81060L273"
          WHEN type=kotlin.Unit origin=IF
            BRANCH
              if: CALL 'private final fun dialogo_lugar_tienda$lambda$172 ($dialogo_distancia$delegate: androidx.compose.runtime.MutableState<kotlin.Boolean>): kotlin.Boolean declared in com.geinzz.geinzwork.ui.adapters.ui.pantallas.principal_ui.Mapa_perzonalizado_direccionesKt' type=kotlin.Boolean origin=GET_LOCAL_PROPERTY
                $dialogo_distancia$delegate: GET_VAR '$dialogo_distancia$delegate: androidx.compose.runtime.MutableState<kotlin.Boolean> declared in com.geinzz.geinzwork.ui.adapters.ui.pantallas.principal_ui.Mapa_perzonalizado_direccionesKt.dialogo_lugar_tienda$lambda$186' type=androidx.compose.runtime.MutableState<kotlin.Boolean> origin=null
              then: BLOCK type=kotlin.Unit origin=null
                CALL 'public final fun dialog_distancia_map_km_m-RFMEUTM (id_tienda: kotlin.String, distancia: kotlin.String, HorarioDia_box: com.geinzz.geinzwork.data.model.localizate_geinz.filtrado_tiendas.HorarioDia_box, img: kotlin.String, nombre: kotlin.String, tick: kotlin.Long, estadoColor: androidx.compose.ui.graphics.Color, ondimis: kotlin.Function0<kotlin.Unit>, $composer: androidx.compose.runtime.Composer?, $changed: kotlin.Int): kotlin.Unit declared in com.geinzz.geinzwork.ui.adapters.ui.dialog_general.Dialog_distancia_mapa_km_mKt' type=kotlin.Unit origin=null
                  id_tienda: CALL 'public final fun <get-id> (): kotlin.String declared in com.geinzz.geinzwork.data.model.localizate_geinz.dataclass_map' type=kotlin.String origin=GET_PROPERTY
                    $this: GET_VAR '$dataclass_map: com.geinzz.geinzwork.data.model.localizate_geinz.dataclass_map declared in com.geinzz.geinzwork.ui.adapters.ui.pantallas.principal_ui.Mapa_perzonalizado_direccionesKt.dialogo_lugar_tienda$lambda$186' type=com.geinzz.geinzwork.data.model.localizate_geinz.dataclass_map origin=null
                  distancia: CALL 'private final fun dialogo_lugar_tienda$lambda$147 ($distancia$delegate: androidx.compose.runtime.State<kotlin.String>): kotlin.String declared in com.geinzz.geinzwork.ui.adapters.ui.pantallas.principal_ui.Mapa_perzonalizado_direccionesKt' type=kotlin.String origin=GET_LOCAL_PROPERTY
                    $distancia$delegate: GET_VAR '$distancia$delegate: androidx.compose.runtime.State<kotlin.String> declared in com.geinzz.geinzwork.ui.adapters.ui.pantallas.principal_ui.Mapa_perzonalizado_direccionesKt.dialogo_lugar_tienda$lambda$186' type=androidx.compose.runtime.State<kotlin.String> origin=null
                  HorarioDia_box: GET_VAR '$horarioSeguro: com.geinzz.geinzwork.data.model.localizate_geinz.filtrado_tiendas.HorarioDia_box declared in com.geinzz.geinzwork.ui.adapters.ui.pantallas.principal_ui.Mapa_perzonalizado_direccionesKt.dialogo_lugar_tienda$lambda$186' type=com.geinzz.geinzwork.data.model.localizate_geinz.filtrado_tiendas.HorarioDia_box origin=null
                  img: CALL 'public final fun <get-img> (): kotlin.String declared in com.geinzz.geinzwork.data.model.localizate_geinz.dataclass_map' type=kotlin.String origin=GET_PROPERTY
                    $this: GET_VAR '$dataclass_map: com.geinzz.geinzwork.data.model.localizate_geinz.dataclass_map declared in com.geinzz.geinzwork.ui.adapters.ui.pantallas.principal_ui.Mapa_perzonalizado_direccionesKt.dialogo_lugar_tienda$lambda$186' type=com.geinzz.geinzwork.data.model.localizate_geinz.dataclass_map origin=null
                  nombre: CALL 'public final fun <get-nombre> (): kotlin.String declared in com.geinzz.geinzwork.data.model.localizate_geinz.dataclass_map' type=kotlin.String origin=GET_PROPERTY
                    $this: GET_VAR '$dataclass_map: com.geinzz.geinzwork.data.model.localizate_geinz.dataclass_map declared in com.geinzz.geinzwork.ui.adapters.ui.pantallas.principal_ui.Mapa_perzonalizado_direccionesKt.dialogo_lugar_tienda$lambda$186' type=com.geinzz.geinzwork.data.model.localizate_geinz.dataclass_map origin=null
                  tick: GET_VAR '$tick: kotlin.Long declared in com.geinzz.geinzwork.ui.adapters.ui.pantallas.principal_ui.Mapa_perzonalizado_direccionesKt.dialogo_lugar_tienda$lambda$186' type=kotlin.Long origin=null
                  estadoColor: CALL 'private final fun dialogo_lugar_tienda$lambda$142 ($estadoColor$delegate: androidx.compose.runtime.MutableState<androidx.compose.ui.graphics.Color>): androidx.compose.ui.graphics.Color declared in com.geinzz.geinzwork.ui.adapters.ui.pantallas.principal_ui.Mapa_perzonalizado_direccionesKt' type=androidx.compose.ui.graphics.Color origin=GET_LOCAL_PROPERTY
                    $estadoColor$delegate: GET_VAR '$estadoColor$delegate: androidx.compose.runtime.MutableState<androidx.compose.ui.graphics.Color> declared in com.geinzz.geinzwork.ui.adapters.ui.pantallas.principal_ui.Mapa_perzonalizado_direccionesKt.dialogo_lugar_tienda$lambda$186' type=androidx.compose.runtime.MutableState<androidx.compose.ui.graphics.Color> origin=null
                  ondimis: BLOCK type=kotlin.Function0<kotlin.Unit> origin=null
                    BLOCK type=kotlin.Unit origin=null
                      CALL 'public abstract fun startReplaceGroup (key: kotlin.Int): kotlin.Unit declared in androidx.compose.runtime.Composer' type=kotlin.Unit origin=null
                        $this: GET_VAR '$composer: androidx.compose.runtime.Composer? [assignable] declared in com.geinzz.geinzwork.ui.adapters.ui.pantallas.principal_ui.Mapa_perzonalizado_direccionesKt.dialogo_lugar_tienda$lambda$186' type=androidx.compose.runtime.Composer? origin=null
                        key: CONST Int type=kotlin.Int value=-1378095120
                      CALL 'public final fun sourceInformation (composer: androidx.compose.runtime.Composer, sourceInformation: kotlin.String): kotlin.Unit declared in androidx.compose.runtime.ComposerKt' type=kotlin.Unit origin=null
                        composer: GET_VAR '$composer: androidx.compose.runtime.Composer? [assignable] declared in com.geinzz.geinzwork.ui.adapters.ui.pantallas.principal_ui.Mapa_perzonalizado_direccionesKt.dialogo_lugar_tienda$lambda$186' type=androidx.compose.runtime.Composer? origin=null
                        sourceInformation: CONST String type=kotlin.String value="CC(remember):mapa_perzonalizado_direcciones.kt#9igjgp"
                    VAR IR_TEMPORARY_VARIABLE name:tmp1_group type:kotlin.Function0<kotlin.Unit> [val]
                      CALL 'public final fun cache <T> (invalid: kotlin.Boolean, block: @[DisallowComposableCalls] kotlin.Function0<T of androidx.compose.runtime.ComposerKt.cache>): T of androidx.compose.runtime.ComposerKt.cache [inline] declared in androidx.compose.runtime.ComposerKt' type=kotlin.Function0<kotlin.Unit> origin=null
                        <T>: kotlin.Function0<kotlin.Unit>
                        $receiver: GET_VAR '$composer: androidx.compose.runtime.Composer? [assignable] declared in com.geinzz.geinzwork.ui.adapters.ui.pantallas.principal_ui.Mapa_perzonalizado_direccionesKt.dialogo_lugar_tienda$lambda$186' type=androidx.compose.runtime.Composer? origin=null
                        invalid: CONST Boolean type=kotlin.Boolean value=false
                        block: BLOCK type=kotlin.Function0<kotlin.Function0<kotlin.Unit>> origin=LAMBDA
                          COMPOSITE type=kotlin.Unit origin=null
                          FUNCTION_REFERENCE 'private final fun dialogo_lugar_tienda$lambda$186$lambda$185 ($dialogo_distancia$delegate: androidx.compose.runtime.MutableState<kotlin.Boolean>): kotlin.Function0<kotlin.Unit> declared in com.geinzz.geinzwork.ui.adapters.ui.pantallas.principal_ui.Mapa_perzonalizado_direccionesKt' type=kotlin.Function0<kotlin.Function0<kotlin.Unit>> origin=INLINE_LAMBDA reflectionTarget=null
                            $dialogo_distancia$delegate: GET_VAR '$dialogo_distancia$delegate: androidx.compose.runtime.MutableState<kotlin.Boolean> declared in com.geinzz.geinzwork.ui.adapters.ui.pantallas.principal_ui.Mapa_perzonalizado_direccionesKt.dialogo_lugar_tienda$lambda$186' type=androidx.compose.runtime.MutableState<kotlin.Boolean> origin=null
                    CALL 'public abstract fun endReplaceGroup (): kotlin.Unit declared in androidx.compose.runtime.Composer' type=kotlin.Unit origin=null
                      $this: GET_VAR '$composer: androidx.compose.runtime.Composer? [assignable] declared in com.geinzz.geinzwork.ui.adapters.ui.pantallas.principal_ui.Mapa_perzonalizado_direccionesKt.dialogo_lugar_tienda$lambda$186' type=androidx.compose.runtime.Composer? origin=null
                    GET_VAR 'val tmp1_group: kotlin.Function0<kotlin.Unit> [val] declared in com.geinzz.geinzwork.ui.adapters.ui.pantallas.principal_ui.Mapa_perzonalizado_direccionesKt.dialogo_lugar_tienda$lambda$186' type=kotlin.Function0<kotlin.Unit> origin=null
                  $composer: GET_VAR '$composer: androidx.compose.runtime.Composer? [assignable] declared in com.geinzz.geinzwork.ui.adapters.ui.pantallas.principal_ui.Mapa_perzonalizado_direccionesKt.dialogo_lugar_tienda$lambda$186' type=androidx.compose.runtime.Composer? origin=null
                  $changed: CALL 'public final fun or (other: kotlin.Int): kotlin.Int [infix] declared in kotlin.Int' type=kotlin.Int origin=null
                    $this: CONST Int type=kotlin.Int value=12582912
                    other: CALL 'public final fun and (other: kotlin.Int): kotlin.Int [infix] declared in kotlin.Int' type=kotlin.Int origin=null
                      $this: CONST Int type=kotlin.Int value=458752
                      other: CALL 'public final fun shl (bitCount: kotlin.Int): kotlin.Int [infix] declared in kotlin.Int' type=kotlin.Int origin=null
                        $this: GET_VAR '$$dirty: kotlin.Int declared in com.geinzz.geinzwork.ui.adapters.ui.pantallas.principal_ui.Mapa_perzonalizado_direccionesKt.dialogo_lugar_tienda$lambda$186' type=kotlin.Int origin=null
                        bitCount: CONST Int type=kotlin.Int value=3
          COMPOSITE type=kotlin.Unit origin=null
            CALL 'public abstract fun endReplaceGroup (): kotlin.Unit declared in androidx.compose.runtime.Composer' type=kotlin.Unit origin=null
              $this: GET_VAR '$composer: androidx.compose.runtime.Composer? [assignable] declared in com.geinzz.geinzwork.ui.adapters.ui.pantallas.principal_ui.Mapa_perzonalizado_direccionesKt.dialogo_lugar_tienda$lambda$186' type=androidx.compose.runtime.Composer? origin=null
      CALL 'public final fun sourceInformationMarkerEnd (composer: androidx.compose.runtime.Composer): kotlin.Unit declared in androidx.compose.runtime.ComposerKt' type=kotlin.Unit origin=null
        composer: GET_VAR '$composer: androidx.compose.runtime.Composer? [assignable] declared in com.geinzz.geinzwork.ui.adapters.ui.pantallas.principal_ui.Mapa_perzonalizado_direccionesKt.dialogo_lugar_tienda$lambda$186' type=androidx.compose.runtime.Composer? origin=null

	at org.jetbrains.kotlin.backend.jvm.codegen.FunctionCodegen.generate(FunctionCodegen.kt:48)
	at org.jetbrains.kotlin.backend.jvm.codegen.IrSourceCompilerForInline.generateLambdaBody(IrSourceCompilerForInline.kt:67)
	at org.jetbrains.kotlin.codegen.inline.ExpressionLambda.generateLambdaBody(LambdaInfo.kt:72)
	at org.jetbrains.kotlin.backend.jvm.codegen.IrInlineCodegen.genValueAndPut(IrInlineCodegen.kt:100)
	at org.jetbrains.kotlin.backend.jvm.codegen.ExpressionCodegen.visitCall$handleParameter(ExpressionCodegen.kt:561)
	at org.jetbrains.kotlin.backend.jvm.codegen.ExpressionCodegen.visitCall(ExpressionCodegen.kt:589)
	at org.jetbrains.kotlin.backend.jvm.codegen.ExpressionCodegen.visitCall(ExpressionCodegen.kt:134)
	at org.jetbrains.kotlin.ir.expressions.IrCall.accept(IrCall.kt:24)
	at org.jetbrains.kotlin.backend.jvm.codegen.ExpressionCodegen.visitStatementContainer(ExpressionCodegen.kt:524)
	at org.jetbrains.kotlin.backend.jvm.codegen.ExpressionCodegen.visitContainerExpression(ExpressionCodegen.kt:538)
	at org.jetbrains.kotlin.backend.jvm.codegen.ExpressionCodegen.visitContainerExpression(ExpressionCodegen.kt:134)
	at org.jetbrains.kotlin.ir.visitors.IrElementVisitor$DefaultImpls.visitBlock(IrElementVisitor.kt:126)
	at org.jetbrains.kotlin.backend.jvm.codegen.ExpressionCodegen.visitBlock(ExpressionCodegen.kt:409)
	at org.jetbrains.kotlin.backend.jvm.codegen.ExpressionCodegen.visitBlock(ExpressionCodegen.kt:134)
	at org.jetbrains.kotlin.ir.expressions.IrBlock.accept(IrBlock.kt:18)
	at org.jetbrains.kotlin.backend.jvm.codegen.ExpressionCodegen.visitWhen(ExpressionCodegen.kt:1050)
	at org.jetbrains.kotlin.backend.jvm.codegen.ExpressionCodegen.visitWhen(ExpressionCodegen.kt:134)
	at org.jetbrains.kotlin.ir.expressions.IrWhen.accept(IrWhen.kt:24)
	at org.jetbrains.kotlin.backend.jvm.codegen.ExpressionCodegen.visitStatementContainer(ExpressionCodegen.kt:524)
	at org.jetbrains.kotlin.backend.jvm.codegen.ExpressionCodegen.visitBlockBody(ExpressionCodegen.kt:529)
	at org.jetbrains.kotlin.backend.jvm.codegen.ExpressionCodegen.visitBlockBody(ExpressionCodegen.kt:134)
	at org.jetbrains.kotlin.ir.expressions.IrBlockBody.accept(IrBlockBody.kt:20)
	at org.jetbrains.kotlin.backend.jvm.codegen.ExpressionCodegen.generate(ExpressionCodegen.kt:236)
	at org.jetbrains.kotlin.backend.jvm.codegen.FunctionCodegen.doGenerate(FunctionCodegen.kt:124)
	at org.jetbrains.kotlin.backend.jvm.codegen.FunctionCodegen.generate(FunctionCodegen.kt:45)
	... 47 more
Caused by: java.lang.OutOfMemoryError: GC overhead limit exceeded
	at org.jetbrains.org.objectweb.asm.tree.analysis.Frame.<init>(Frame.java:78)
	at org.jetbrains.kotlin.codegen.inline.MethodInliner.preprocessNodeBeforeInline$lambda$23(MethodInliner.kt:916)
	at org.jetbrains.kotlin.codegen.inline.MethodInliner$$Lambda/0x0000000100b7f2e8.invoke(Unknown Source)
	at org.jetbrains.kotlin.codegen.optimization.common.FastAnalyzer.fastMergeControlFlowEdge(FastAnalyzer.kt:256)
	at org.jetbrains.kotlin.codegen.optimization.common.FastAnalyzer.mergeControlFlowEdge(FastAnalyzer.kt:214)
	at org.jetbrains.kotlin.codegen.optimization.common.FastAnalyzer.processControlFlowEdge(FastAnalyzer.kt:208)
	at org.jetbrains.kotlin.codegen.optimization.common.FastAnalyzer.processControlFlowEdge$default(FastAnalyzer.kt:206)
	at org.jetbrains.kotlin.codegen.optimization.common.FastAnalyzer.visitOpInsn(FastAnalyzer.kt:292)
	at org.jetbrains.kotlin.codegen.optimization.common.FastAnalyzer.visitMeaningfulInstruction(FastAnalyzer.kt:281)
	at org.jetbrains.kotlin.codegen.optimization.common.FastAnalyzer.analyzeInstruction(FastAnalyzer.kt:113)
	at org.jetbrains.kotlin.codegen.optimization.common.FastAnalyzer.analyzeMainLoop(FastAnalyzer.kt:74)
	at org.jetbrains.kotlin.codegen.optimization.common.FastAnalyzer.analyze(FastAnalyzer.kt:53)
	at org.jetbrains.kotlin.codegen.inline.MethodInliner.preprocessNodeBeforeInline(MethodInliner.kt:917)
	at org.jetbrains.kotlin.codegen.inline.MethodInliner.markPlacesForInlineAndRemoveInlinable(MethodInliner.kt:612)
	at org.jetbrains.kotlin.codegen.inline.MethodInliner.doInline(MethodInliner.kt:93)
	at org.jetbrains.kotlin.codegen.inline.MethodInliner.access$doInline(MethodInliner.kt:41)
	at org.jetbrains.kotlin.codegen.inline.MethodInliner$doInline$lambdaInliner$1.visitMethodInsn(MethodInliner.kt:353)
	at org.jetbrains.org.objectweb.asm.tree.MethodInsnNode.accept(MethodInsnNode.java:115)
	at org.jetbrains.org.objectweb.asm.tree.InsnList.accept(InsnList.java:144)
	at org.jetbrains.org.objectweb.asm.tree.MethodNode.accept(MethodNode.java:751)
	at org.jetbrains.kotlin.codegen.inline.MethodInliner.doInline(MethodInliner.kt:433)
	at org.jetbrains.kotlin.codegen.inline.MethodInliner.doInline(MethodInliner.kt:98)
	at org.jetbrains.kotlin.codegen.inline.MethodInliner.doInline(MethodInliner.kt:72)
	at org.jetbrains.kotlin.codegen.inline.InlineCodegen.inlineCall(InlineCodegen.kt:127)
	at org.jetbrains.kotlin.codegen.inline.InlineCodegen.performInline(InlineCodegen.kt:52)
	at org.jetbrains.kotlin.backend.jvm.codegen.IrInlineCodegen.genInlineCall(IrInlineCodegen.kt:163)
	at org.jetbrains.kotlin.backend.jvm.codegen.IrInlineCallGenerator.genCall(IrInlineCallGenerator.kt:36)
	at org.jetbrains.kotlin.backend.jvm.codegen.ExpressionCodegen.visitCall(ExpressionCodegen.kt:598)
	at org.jetbrains.kotlin.backend.jvm.codegen.ExpressionCodegen.visitCall(ExpressionCodegen.kt:134)
	at org.jetbrains.kotlin.ir.expressions.IrCall.accept(IrCall.kt:24)
	at org.jetbrains.kotlin.backend.jvm.codegen.ExpressionCodegen.visitStatementContainer(ExpressionCodegen.kt:524)
	at org.jetbrains.kotlin.backend.jvm.codegen.ExpressionCodegen.visitContainerExpression(ExpressionCodegen.kt:538)


